Release_Date,Title,Popularity,Vote_Count,Vote_Average,Original_Language,Genre
15-12-2021,Spider-Man: No Way Home,5083.95,8940.00,8.30,en,"Action, Adventure, Science Fiction"
01-03-2022,The Batman,3827.66,1151.00,8.10,en,"Crime, Mystery, Thriller"
25-02-2022,No Exit,2618.09,122.00,6.30,en,Thriller
24-11-2021,Encanto,2402.20,5076.00,7.70,en,"Animation, Comedy, Family, Fantasy"
22-12-2021,The King's Man,1895.51,1793.00,7.00,en,"Action, Adventure, Thriller, War"
07-01-2022,The Commando,1750.48,33.00,6.60,en,"Action, Crime, Thriller"
12-01-2022,Scream,1675.16,821.00,6.80,en,"Horror, Mystery, Thriller"
10-02-2022,Kimi,1601.78,206.00,6.30,en,Thriller
17-02-2022,Fistful of Vengeance,1594.01,114.00,5.30,en,"Action, Crime, Fantasy"
03-11-2021,Eternals,1537.41,4726.00,7.20,en,Science Fiction
18-02-2022,Pursuit,1500.52,16.00,5.90,en,"Action, Crime, Thriller"
06-08-2021,My Hero Academia: World Heroes' Mission,1485.06,100.00,7.30,ja,"Animation, Action, Fantasy, Adventure"
25-02-2022,Restless,1468.38,107.00,5.90,fr,"Action, Thriller, Crime"
02-12-2021,Nightmare Alley,1455.14,952.00,7.10,en,"Crime, Drama, Thriller"
28-01-2022,The Ice Age Adventures of Buck Wild,1431.31,737.00,7.10,en,"Animation, Comedy, Adventure, Family"
25-02-2022,Hotel Transylvania: Transformania,1373.78,288.00,7.00,en,"Animation, Family, Fantasy, Comedy, Adventure"
18-02-2022,Texas Chainsaw Massacre,1312.79,521.00,5.10,en,Horror
28-01-2022,The Requin,1252.32,65.00,4.60,en,Thriller
04-02-2022,Looop Lapeta,1240.95,31.00,6.00,hi,"Action, Comedy, Crime"
04-11-2021,Red Notice,1178.54,3193.00,6.80,en,"Action, Comedy, Crime, Thriller"
01-12-2021,Sing 2,1112.90,2172.00,8.20,en,"Animation, Comedy, Family, Music"
03-01-2022,The Jack in the Box: Awakening,1096.79,43.00,5.40,en,Horror
30-09-2021,Venom: Let There Be Carnage,1053.62,6539.00,7.10,en,"Science Fiction, Action, Adventure"
16-12-2021,The Matrix Resurrections,941.02,3160.00,6.80,en,"Science Fiction, Action, Adventure"
24-11-2021,Resident Evil: Welcome to Raccoon City,881.09,1312.00,6.10,en,"Horror, Action, Science Fiction"
19-10-2021,Last Man Down,869.61,318.00,6.30,en,"Action, Thriller"
07-01-2022,American Siege,867.33,49.00,5.40,en,"Action, Thriller, Crime, Drama"
10-02-2022,Uncharted,866.39,691.00,7.10,en,"Action, Adventure"
16-10-2020,Demon Slayer -Kimetsu no Yaiba- The Movie: Mugen Train,845.99,2224.00,8.40,ja,"Animation, Action, Adventure, Fantasy"
11-11-2021,Ghostbusters: Afterlife,839.90,2225.00,7.70,en,"Fantasy, Comedy, Adventure"
05-01-2022,The 355,781.75,313.00,6.10,en,"Action, Thriller"
01-09-2021,Shang-Chi and the Legend of the Ten Rings,769.19,5845.00,7.70,en,"Action, Adventure, Fantasy"
09-02-2022,Marry Me,761.79,230.00,6.90,en,"Romance, Comedy, Music"
21-01-2022,The Hunting,761.13,10.00,5.80,en,Horror
08-12-2021,West Side Story,678.19,562.00,7.40,en,"Drama, Romance, Crime"
04-02-2022,Through My Window,659.11,1331.00,7.80,es,"Romance, Drama"
02-07-2021,The Seven Deadly Sins: Cursed by Light,647.54,312.00,8.00,ja,"Animation, Fantasy"
05-11-2021,One Shot,622.24,382.00,6.80,en,Action
24-01-2022,Tom and Jerry: Cowboy Up!,614.11,163.00,7.10,en,"Animation, Comedy, Family, Western"
15-10-2020,Chernobyl: Abyss,601.96,314.00,6.20,ru,"Drama, History, Adventure"
25-02-2022,Desperate Riders,590.47,10.00,6.80,en,"Western, Action"
10-11-2021,Clifford the Big Red Dog,585.01,1100.00,7.30,en,"Family, Adventure, Comedy, Fantasy"
25-02-2022,Tyler Perry's A Madea Homecoming,577.59,42.00,6.70,en,Comedy
01-07-2021,The Boss Baby: Family Business,567.42,1785.00,7.60,en,"Animation, Comedy, Adventure, Family"
10-03-2022,Turning Red,564.51,8.00,8.60,en,"Animation, Family, Comedy, Fantasy"
13-01-2022,Brazen,553.14,211.00,4.80,en,"Thriller, Mystery, Drama"
14-01-2022,The House,551.65,432.00,7.10,en,"Animation, Drama, Comedy, Horror"
10-02-2022,Blacklight,533.90,88.00,5.10,en,"Action, Thriller"
15-10-2021,Ron's Gone Wrong,509.28,1000.00,8.10,en,"Animation, Science Fiction, Family, Comedy"
11-08-2021,Free Guy,447.87,5158.00,7.70,en,"Comedy, Action, Adventure, Science Fiction"
26-05-2021,Cruella,429.61,6675.00,8.20,en,"Comedy, Crime"
28-07-2021,The Suicide Squad,424.98,5689.00,7.70,en,"Action, Adventure, Fantasy"
12-11-2021,The Simpsons in Plusaversary,418.59,251.00,6.60,en,"Animation, Comedy, Fantasy"
17-01-2022,Forgive Us Our Trespasses,409.69,27.00,6.30,en,"Drama, War"
17-06-2021,Luca,408.75,5886.00,8.00,en,"Animation, Comedy, Family, Fantasy"
07-04-2021,Mortal Kombat,402.27,4447.00,7.20,en,"Action, Fantasy, Adventure"
18-03-2021,Zack Snyder's Justice League,398.46,7414.00,8.30,en,"Action, Adventure, Fantasy, Science Fiction"
17-12-2021,Mother/Android,398.12,422.00,5.80,en,"Science Fiction, Thriller"
04-11-1986,Exploits of a Young Don Juan,396.95,88.00,5.50,fr,"Comedy, Drama"
15-09-2021,Dune,394.30,6237.00,7.90,en,"Science Fiction, Adventure"
01-01-2021,The Last Warrior: Root of Evil,391.96,89.00,7.10,ru,"Fantasy, Adventure, Comedy"
09-02-2022,The Privilege,387.92,104.00,5.10,de,Horror
11-06-2021,Queen of Spades,387.16,37.00,6.40,en,Horror
28-10-2021,Antlers,380.88,544.00,6.40,en,"Drama, Horror, Mystery"
05-11-2021,Dangerous,379.86,175.00,6.40,en,"Action, Thriller"
01-09-2021,After We Fell,365.85,1563.00,7.20,en,"Romance, Drama"
29-09-2021,No Time to Die,360.16,3616.00,7.50,en,"Adventure, Action, Thriller"
05-11-2021,Sooryavanshi,352.37,93.00,5.80,hi,"Action, Crime, Thriller"
04-11-2021,Finch,348.94,2075.00,8.10,en,"Science Fiction, Drama, Adventure"
23-07-2021,Two,342.66,207.00,5.40,es,"Thriller, Horror"
09-08-2021,PAW Patrol: The Movie,339.37,855.00,7.50,en,"Animation, Family, Adventure, Comedy"
25-04-2018,Avengers: Infinity War,338.40,24079.00,8.30,en,"Adventure, Action, Science Fiction"
23-06-1989,Batman,338.27,6109.00,7.20,en,"Fantasy, Action"
07-07-2021,Black Widow,337.65,7127.00,7.50,en,"Action, Adventure, Science Fiction"
18-02-2022,The Wonderful Winter of Mickey Mouse,333.35,3.00,5.70,en,"Animation, Comedy"
19-05-2021,F9,331.94,5092.00,7.30,en,"Action, Crime, Thriller, Adventure"
03-02-2022,Moonfall,328.68,186.00,5.90,en,"Action, Adventure, Science Fiction"
04-02-2022,"Sex, Shame and Tears 2",325.62,5.00,2.20,es,"Comedy, Drama"
03-12-2021,Diary of a Wimpy Kid,324.71,189.00,6.50,en,"Animation, Comedy, Family"
15-02-2022,AI Love You,317.64,16.00,5.30,th,"Comedy, Romance, Science Fiction"
30-03-2022,Sonic the Hedgehog 2,317.16,0.00,0.00,en,"Action, Science Fiction, Comedy, Family"
17-02-2022,Erax,317.10,12.00,5.70,en,"Mystery, Family"
04-08-2020,Deathstroke: Knights & Dragons - The Movie,314.39,325.00,6.90,en,"Animation, Action, Adventure, Science Fiction"
13-10-2021,The Last Duel,312.92,1848.00,7.60,en,"Action, Drama, History"
26-01-2022,The Pirates: The Last Royal Treasure,311.94,38.00,6.60,ko,"Action, Adventure, Comedy, History"
29-10-2021,Paranormal Activity: Next of Kin,310.01,300.00,6.50,en,"Horror, Mystery, Thriller"
24-11-2021,House of Gucci,308.21,1276.00,6.80,en,"Drama, Crime, Thriller"
11-02-2021,Dark Spell,308.04,80.00,6.70,ru,"Romance, Horror, Thriller"
28-07-2021,Jungle Cruise,307.94,4034.00,7.60,en,"Action, Adventure, Comedy, Fantasy"
24-03-2021,Godzilla vs. Kong,307.52,7681.00,7.80,en,"Action, Fantasy, Science Fiction"
23-06-2012,The Amazing Spider-Man,306.38,14564.00,6.70,en,"Action, Adventure, Fantasy"
17-02-2022,Heart Shot,302.27,16.00,5.60,en,"Romance, Crime"
10-12-2009,Avatar,297.36,25011.00,7.50,en,"Action, Adventure, Fantasy, Science Fiction"
11-06-2021,Mobile Suit Gundam Hathaway,292.60,77.00,7.80,ja,"Animation, Action, Drama, Science Fiction"
27-10-2021,Army of Thieves,290.54,1167.00,6.90,en,"Crime, Comedy"
23-02-2022,UFO,290.48,15.00,5.20,tr,"Drama, Romance"
03-03-2022,The Weekend Away,290.21,119.00,5.90,en,"Thriller, Mystery"
25-11-2020,The Croods: A New Age,284.80,2877.00,7.60,en,"Animation, Family, Adventure, Fantasy, Comedy"
03-12-2021,Back to the Outback,282.25,341.00,7.70,en,"Animation, Family, Adventure, Comedy"
02-07-2021,The Tomorrow War,282.07,5182.00,8.00,en,"Action, Science Fiction, Adventure"
28-01-2022,Home Team,280.61,368.00,6.90,en,"Family, Comedy"
17-03-2021,The Fallout,279.34,130.00,7.40,en,Drama
03-03-2021,Raya and the Last Dragon,277.59,5048.00,8.00,en,"Family, Fantasy, Animation, Action, Adventure"
09-09-2021,Infinite,276.46,912.00,6.80,en,"Science Fiction, Action, Thriller"
22-04-2021,Wrath of Man,273.62,3376.00,7.70,en,"Action, Crime, Thriller"
17-12-2021,Fortress,273.35,163.00,6.20,en,"Crime, Action, Thriller"
08-07-2021,Space Jam: A New Legacy,271.57,2952.00,7.10,en,"Family, Animation, Comedy, Science Fiction"
13-01-2022,Laura y el misterio del asesino inesperado,266.75,8.00,7.30,es,"TV Movie, Mystery, Thriller, Comedy"
25-05-2021,The Conjuring: The Devil Made Me Do It,266.61,4233.00,7.70,en,"Horror, Mystery, Thriller"
10-06-2005,Batman Begins,265.81,17338.00,7.70,en,"Action, Crime, Drama"
20-01-2022,The Royal Treatment,264.99,390.00,6.80,en,"Romance, Comedy"
12-11-2021,Ciao Alberto,261.67,412.00,7.50,en,"Animation, Comedy, Family, Fantasy"
05-06-2021,Gone Mom: The Disappearance of Jennifer Dulos,257.85,113.00,7.80,en,"TV Movie, Thriller, Crime"
28-06-2021,Ripper Untold,257.47,75.00,6.60,en,Horror
26-05-2021,Meander,256.87,218.00,6.10,fr,"Horror, Science Fiction, Drama, Thriller"
18-11-2021,Zeros and Ones,256.44,117.00,5.30,en,"Thriller, War"
22-07-2021,Snake Eyes: G.I. Joe Origins,254.31,1028.00,6.80,en,"Action, Adventure"
08-10-2021,Survive the Game,252.22,107.00,5.80,en,"Action, Thriller, Crime"
28-05-2021,Riverdance: The Animated Adventure,250.83,28.00,5.20,en,"Animation, Fantasy, Music, Adventure, Comedy, Family"
12-11-2021,Apex,249.46,402.00,5.40,en,"Action, Thriller, Science Fiction"
02-02-2022,The Tinder Swindler,246.65,455.00,7.10,en,"Documentary, Crime"
11-02-2022,Love Tactics,244.57,83.00,6.70,tr,"Romance, Comedy"
01-10-2021,The Addams Family 2,244.18,785.00,7.20,en,"Animation, Adventure, Comedy, Family"
27-04-2021,Dynasty Warriors,242.34,84.00,6.50,cn,"Action, Adventure, Fantasy"
15-05-2021,Miraculous World: Shanghai – The Legend of Ladydragon,241.64,411.00,7.90,fr,"Animation, Comedy, Family, Adventure"
21-11-2020,"Miraculous World: New York, United HeroeZ",240.05,862.00,8.30,fr,"Animation, Family, Comedy, Adventure, TV Movie"
03-03-2022,Surviving Paradise: A Family Tale,240.00,7.00,6.90,en,Documentary
20-12-2019,My Hero Academia: Heroes Rising,239.60,890.00,8.40,ja,"Animation, Action, Fantasy, Adventure"
04-11-2021,Amina,237.26,92.00,6.50,en,"War, History, Drama"
03-12-2021,Encounter,235.48,256.00,6.40,en,"Adventure, Drama"
06-08-2021,Son,232.49,90.00,6.00,en,"Horror, Thriller"
16-12-2020,Wonder Woman 1984,231.76,6599.00,6.60,en,"Action, Adventure, Fantasy"
16-04-2014,The Amazing Spider-Man 2,231.44,10763.00,6.50,en,"Action, Adventure, Fantasy"
02-12-2021,The Whole Truth,231.33,109.00,6.50,th,Horror
07-02-2022,Catwoman: Hunted,231.06,26.00,6.20,en,"Animation, Action, Crime"
07-10-2016,Hacksaw Ridge,230.76,10667.00,8.20,en,"Drama, History, War"
06-05-2021,Crazy Fist,230.55,44.00,7.30,zh,Action
16-11-2001,Harry Potter and the Philosopher's Stone,230.00,22210.00,7.90,en,"Adventure, Fantasy"
25-04-2012,The Avengers,229.77,26490.00,7.70,en,"Science Fiction, Action, Adventure"
15-06-2021,Dragon Fury,229.22,34.00,6.10,en,"Horror, Fantasy, Mystery"
29-07-2021,Tarumama,228.90,19.00,5.10,es,"Horror, Drama"
25-10-2016,Doctor Strange,228.27,18471.00,7.40,en,"Action, Adventure, Fantasy, Science Fiction"
14-10-2021,Halloween Kills,227.83,1585.00,6.80,en,"Horror, Thriller"
10-02-2022,The Exorcism of God,226.77,7.00,5.60,en,Horror
28-06-2019,Spider-Man: Far From Home,224.03,12176.00,7.50,en,"Action, Adventure, Science Fiction"
01-01-2022,Harry Potter 20th Anniversary: Return to Hogwarts,222.91,1105.00,8.00,en,Documentary
02-09-2020,After We Collided,221.99,4481.00,7.30,en,"Romance, Drama"
17-02-2022,The Desperate Hour,221.84,21.00,5.80,en,Thriller
18-04-2015,Dragon Ball Z: Resurrection 'F',220.05,1361.00,6.80,ja,"Action, Animation, Science Fiction"
28-10-2021,Seal Team,220.02,126.00,7.10,en,"Animation, Family, Comedy"
19-03-2009,Knowing,218.41,4251.00,6.10,en,"Action, Mystery, Science Fiction, Thriller"
01-10-2021,Witch Hunt,217.27,145.00,7.20,en,"Fantasy, Horror, Thriller, Drama"
10-09-2014,The Maze Runner,215.47,14398.00,7.20,en,"Action, Mystery, Science Fiction, Thriller"
31-03-2021,The Unholy,215.00,1543.00,6.80,en,Horror
19-12-2019,Ashfall,212.13,357.00,6.60,ko,"Action, Adventure, Thriller"
11-02-2022,The Sky Is Everywhere,211.62,16.00,5.80,en,"Drama, Romance, Music"
09-09-2021,Time Is Up,211.61,250.00,6.20,en,"Romance, Drama"
30-06-2021,The Deep House,211.56,527.00,6.50,en,Horror
07-08-2015,Boruto: Naruto the Movie,211.07,996.00,7.70,ja,"Animation, Action, Comedy"
13-11-2002,Harry Potter and the Chamber of Secrets,210.84,17901.00,7.70,en,"Adventure, Fantasy"
12-02-2020,Sonic the Hedgehog,210.75,7559.00,7.40,en,"Action, Science Fiction, Comedy, Family"
27-10-2017,Coco,210.53,15355.00,8.20,en,"Family, Animation, Fantasy, Music, Comedy, Adventure"
21-06-2017,Ava,210.44,130.00,6.00,fr,Drama
15-10-2014,Fury,210.26,9757.00,7.50,en,"War, Drama, Action"
12-08-2021,Don't Breathe 2,209.06,1490.00,7.40,en,"Thriller, Horror"
01-10-2021,Matando Cabos 2: La Máscara del Máscara,209.02,70.00,7.80,es,"Action, Comedy, Adventure"
03-12-2020,Monster Hunter,208.74,2460.00,6.80,en,"Action, Fantasy, Adventure"
06-12-2014,The Last: Naruto the Movie,208.37,1139.00,7.90,ja,"Action, Romance, Animation"
05-07-2017,Spider-Man: Homecoming,207.82,18174.00,7.40,en,"Action, Adventure, Science Fiction, Drama"
11-02-2022,Bigbug,207.03,176.00,5.40,fr,"Science Fiction, Comedy"
01-05-2002,Spider-Man,206.38,15336.00,7.20,en,"Fantasy, Action"
24-04-2019,Avengers: Endgame,205.31,20521.00,8.30,en,"Adventure, Science Fiction, Action"
21-07-2021,Old,205.16,2288.00,6.60,en,"Thriller, Mystery, Horror"
28-09-2011,Real Steel,203.84,6561.00,6.90,en,"Action, Science Fiction, Drama"
11-02-2022,Love and Leashes,203.74,68.00,6.30,ko,"Romance, Comedy"
11-04-2019,After,203.01,6973.00,7.20,en,"Romance, Drama"
30-06-2021,The Forever Purge,202.70,1652.00,7.30,en,"Horror, Action, Thriller"
11-02-2022,Tall Girl 2,202.01,127.00,6.00,en,"Comedy, Drama, Romance"
17-02-2022,Dog,200.25,32.00,8.30,en,"Drama, Comedy"
12-12-2007,I Am Legend,199.25,13042.00,7.20,en,"Drama, Science Fiction, Thriller"
04-08-2007,Naruto Shippuden the Movie,198.01,418.00,7.20,ja,"Animation, Action, Fantasy"
10-02-2021,Tom & Jerry,197.72,1948.00,7.00,en,"Comedy, Family, Animation"
10-02-2022,Against the Ice,195.99,117.00,7.00,en,"Adventure, History, Drama"
12-08-2021,An Egg Rescue,194.62,295.00,8.10,es,"Animation, Comedy"
16-11-2005,Harry Potter and the Goblet of Fire,193.46,16947.00,7.80,en,"Adventure, Fantasy, Family"
11-02-2021,Pretty Guardian Sailor Moon Eternal The Movie Part 2,192.92,102.00,8.10,ja,"Animation, Action, Adventure, Comedy, Drama, Fantasy, Romance"
29-07-2021,Demonic,192.39,109.00,4.80,en,"Horror, Thriller"
24-11-2021,Far From the Tree,192.33,194.00,8.10,en,"Animation, Family"
09-07-2020,Black Water: Abyss,191.72,312.00,5.10,en,"Horror, Thriller, Adventure, Mystery"
11-12-2020,"Yes, No, or Maybe Half?",191.59,17.00,6.70,ja,"Animation, Drama, Romance"
14-08-2020,The SpongeBob Movie: Sponge on the Run,191.12,2436.00,7.60,en,"Family, Animation, Fantasy, Adventure, Comedy"
06-12-2018,Spider-Man: Into the Spider-Verse,190.78,10951.00,8.40,en,"Action, Adventure, Animation, Science Fiction"
31-05-2004,Harry Potter and the Prisoner of Azkaban,189.77,17607.00,8.00,en,"Adventure, Fantasy"
03-03-2021,The Vault,189.58,555.00,7.10,en,"Crime, Action, Thriller"
09-03-2022,The Adam Project,189.25,2.00,6.00,en,"Science Fiction, Adventure, Comedy"
09-02-2016,Deadpool,189.21,26390.00,7.60,en,"Action, Adventure, Comedy"
22-10-2021,The Harder They Fall,188.87,611.00,6.70,en,Western
01-11-2001,"Monsters, Inc.",188.76,15255.00,7.80,en,"Animation, Comedy, Family"
09-02-2021,Ainbo: Spirit of the Amazon,188.48,285.00,7.10,en,"Adventure, Animation, Family, Fantasy"
07-12-2021,Don't Look Up,188.40,4819.00,7.20,en,"Comedy, Drama, Science Fiction"
15-06-2017,Cars 3,186.62,4416.00,6.80,en,"Animation, Adventure, Comedy, Family"
01-05-2007,Spider-Man 3,186.13,11340.00,6.30,en,"Fantasy, Action, Adventure"
03-12-2021,Last Shoot Out,185.05,92.00,6.40,en,"Western, Action, Thriller"
21-07-2019,Sator,184.49,66.00,5.40,en,Horror
28-04-2010,Iron Man 2,183.14,17594.00,6.80,en,"Adventure, Action, Science Fiction"
25-12-2020,Soul,182.72,7736.00,8.20,en,"Animation, Comedy, Fantasy, Family"
14-05-2011,Pirates of the Caribbean: On Stranger Tides,182.13,11712.00,6.50,en,"Adventure, Action, Fantasy"
28-02-2021,Phobias,181.53,27.00,5.40,en,"Horror, Thriller"
21-05-2021,A Quiet Place Part II,181.39,3997.00,7.60,en,"Science Fiction, Thriller, Horror"
14-10-1972,What the Peeper Saw,181.32,19.00,5.70,it,"Horror, Drama, Thriller"
06-04-2023,Fast & Furious 10,181.22,0.00,0.00,en,"Action, Crime"
16-07-2012,The Dark Knight Rises,179.59,19126.00,7.80,en,"Action, Crime, Drama, Thriller"
26-11-2021,Trolls Holiday in Harmony,179.02,102.00,7.60,en,"Animation, Fantasy, Family"
23-03-2016,Batman v Superman: Dawn of Justice,178.21,15596.00,5.90,en,"Action, Adventure, Fantasy"
01-09-2021,Motherly,176.38,95.00,7.20,en,"Thriller, Horror"
18-03-2021,Nobody,175.07,4292.00,8.20,en,"Action, Crime, Thriller"
03-08-2018,My Hero Academia: Two Heroes,174.76,743.00,8.00,ja,"Animation, Action, Adventure, Fantasy"
07-07-2009,Harry Potter and the Half-Blood Prince,174.70,15861.00,7.70,en,"Adventure, Fantasy"
06-01-2022,Book of Love,174.48,20.00,5.30,en,"Comedy, Romance"
26-08-2021,Jurassic Hunt,174.42,180.00,5.00,en,"Action, Science Fiction, Thriller"
25-12-2021,American Underdog,173.96,54.00,7.20,en,Drama
14-07-2008,The Dark Knight,173.92,26994.00,8.50,en,"Drama, Action, Crime, Thriller"
24-02-2021,Jujutsu Kaisen 0,173.58,21.00,7.80,ja,"Animation, Action, Adventure, Mystery"
02-07-2020,Ava,173.21,1917.00,5.70,en,"Action, Crime, Drama, Thriller"
03-12-2010,Three Steps Above Heaven,172.85,2394.00,7.80,es,"Romance, Drama"
11-08-2021,Sinkhole,172.57,36.00,7.10,ko,"Comedy, Drama"
22-05-2010,Undisputed III: Redemption,172.36,604.00,7.50,en,"Action, Thriller"
30-10-1995,Toy Story,171.71,15127.00,8.00,en,"Animation, Adventure, Family, Comedy"
25-10-2020,Roald Dahl's The Witches,171.36,2092.00,6.50,en,"Family, Fantasy, Adventure, Comedy, Horror"
25-12-2021,El Paseo 6,170.87,5.00,3.50,es,Comedy
30-04-2021,Separation,170.57,127.00,5.70,en,"Horror, Drama"
22-04-2022,Dragon Ball Super: Super Hero,170.55,0.00,0.00,ja,"Animation, Science Fiction, Action"
25-08-2022,After Ever Happy,169.96,0.00,0.00,en,Romance
22-01-2009,Brothers,169.50,2085.00,7.10,en,"Drama, Thriller, War"
18-05-2001,Shrek,169.44,13610.00,7.70,en,"Animation, Comedy, Fantasy, Adventure, Family"
01-02-2022,Jackass Forever,169.38,49.00,7.10,en,"Action, Comedy, Documentary"
24-10-2014,Big Hero 6,169.21,13447.00,7.80,en,"Adventure, Family, Animation, Action, Comedy"
02-04-2021,Monster Pets: A Hotel Transylvania Short,169.01,295.00,7.50,en,"Animation, Comedy, Fantasy"
03-03-2015,Off Course,168.35,254.00,6.20,es,"Romance, Comedy"
10-12-2014,The Hobbit: The Battle of the Five Armies,168.03,11790.00,7.30,en,"Action, Adventure, Fantasy"
01-04-2021,Major Grom: Plague Doctor,168.02,405.00,6.80,ru,"Action, Adventure"
13-01-2021,Monster Family 2,167.91,28.00,7.10,en,"Animation, Family"
14-07-2021,Gunpowder Milkshake,167.50,525.00,6.40,en,"Action, Crime, Thriller"
18-01-1986,Beautiful Sisters: Flesh Slave,167.26,4.00,4.00,ja,"Crime, Horror"
22-01-2021,Narco Sub,166.67,183.00,6.70,en,"Action, Drama, Crime"
28-06-2007,Harry Potter and the Order of the Phoenix,166.46,16081.00,7.70,en,"Adventure, Fantasy, Mystery"
09-09-2015,Legend,165.62,2856.00,6.90,en,"Crime, Thriller"
14-09-2021,Straight Outta Nowhere: Scooby-Doo! Meets Courage the Cowardly Dog,165.46,279.00,8.20,en,"Animation, Comedy, Mystery, Family, Fantasy"
13-08-2021,Descendants: The Royal Wedding,165.26,97.00,7.00,en,"TV Movie, Animation, Comedy, Family, Drama"
20-11-2019,Frozen II,164.81,8052.00,7.30,en,"Family, Animation, Adventure, Comedy, Fantasy"
13-08-2021,Swim,164.69,27.00,7.50,en,"Horror, Action"
27-08-2021,Mutation on Mars,164.62,22.00,6.60,zh,"Drama, Science Fiction"
03-09-2021,Zone 414,164.57,151.00,5.50,en,"Science Fiction, Thriller, Mystery"
07-07-2011,Harry Potter and the Deathly Hallows: Part 2,163.78,16964.00,8.10,en,"Fantasy, Adventure"
22-04-2015,Avengers: Age of Ultron,163.61,19473.00,7.30,en,"Action, Adventure, Science Fiction"
24-10-2017,Thor: Ragnarok,163.56,17313.00,7.60,en,"Action, Adventure, Fantasy, Science Fiction"
04-09-2019,It Chapter Two,162.98,6739.00,6.90,en,"Horror, Fantasy"
23-06-1994,The Lion King,162.05,15064.00,8.30,en,"Family, Animation, Drama"
18-11-2021,King Richard,161.55,845.00,8.00,en,"Drama, History"
21-10-2021,Last Night in Soho,161.49,1360.00,7.50,en,"Thriller, Horror, Mystery"
19-06-1992,Batman Returns,161.32,5075.00,6.90,en,"Action, Fantasy"
23-06-2010,The Twilight Saga: Eclipse,161.16,7381.00,6.20,en,"Adventure, Fantasy, Drama, Romance"
03-09-2021,Wild Indian,161.07,21.00,6.40,en,"Crime, Drama, Thriller"
01-03-2012,Project X,160.90,5048.00,6.80,en,Comedy
19-08-2021,The Protégé,160.70,531.00,6.60,en,Action
05-11-2021,Ida Red,160.58,25.00,5.90,en,"Crime, Thriller, Drama, Action"
14-01-2013,The Haunting of Helena,159.58,119.00,5.60,en,"Horror, Thriller"
30-09-2020,Vanguard,159.42,395.00,6.30,zh,"Action, Adventure, Crime"
09-07-2003,Pirates of the Caribbean: The Curse of the Black Pearl,159.25,17095.00,7.80,en,"Adventure, Fantasy, Action"
07-07-2021,"The Simpsons: The Good, the Bart, and the Loki",159.14,510.00,7.50,en,"Animation, Comedy, Family"
15-01-2021,The Marksman,158.64,1118.00,7.00,en,"Action, Thriller, Crime"
15-12-2021,Vicky and Her Mystery,158.14,287.00,7.30,fr,"Adventure, Family, Drama"
30-08-2019,KonoSuba: God's Blessing on this Wonderful World! Legend of Crimson,158.09,362.00,8.40,ja,"Animation, Adventure, Comedy, Fantasy"
22-10-2021,7 Prisoners,158.07,216.00,7.10,pt,"Drama, Crime"
23-02-2022,11M,157.39,11.00,6.50,es,Documentary
12-04-2021,Seobok: Project Clone,156.42,110.00,7.60,ko,"Science Fiction, Action"
19-05-2004,Shrek 2,155.92,9736.00,7.20,en,"Animation, Family, Comedy, Fantasy, Adventure"
01-02-2010,Percy Jackson & the Olympians: The Lightning Thief,155.79,6222.00,6.20,en,"Adventure, Fantasy, Family"
26-08-2016,Your Name.,155.48,8426.00,8.50,ja,"Romance, Animation, Drama"
17-12-2021,Chief Daddy 2: Going for Broke,155.40,59.00,5.90,en,Comedy
27-04-2016,Captain America: Civil War,155.39,19474.00,7.40,en,"Adventure, Action, Science Fiction"
02-10-2019,Joker,155.06,20016.00,8.20,en,"Crime, Thriller, Drama"
20-12-2012,Jack Reacher,154.98,5678.00,6.60,en,"Crime, Drama, Thriller, Action"
04-03-2022,The Invisible Thread,154.77,43.00,6.70,it,"Comedy, Drama"
11-08-2021,SAS: Red Notice,154.10,344.00,5.90,en,"Drama, Action, Thriller"
04-09-2020,Mulan,153.97,5520.00,7.00,en,"Adventure, Fantasy, Drama"
10-02-2022,I Want You Back,153.82,89.00,6.10,en,"Comedy, Romance"
06-07-2006,Pirates of the Caribbean: Dead Man's Chest,152.96,13140.00,7.30,en,"Adventure, Fantasy, Action"
29-09-2009,Ninja Assassin,152.29,1115.00,6.50,en,Action
25-12-2013,The Wolf of Wall Street,152.10,19325.00,8.00,en,"Crime, Drama, Comedy"
30-12-2021,Hilda and the Mountain King,151.98,50.00,7.40,en,"Animation, Adventure, Fantasy, Family, TV Movie"
04-06-2021,Rurouni Kenshin: The Beginning,151.97,252.00,7.80,ja,"Action, Adventure, Drama"
24-12-2021,Minnal Murali,151.51,192.00,7.20,ml,"Action, Adventure, Comedy"
12-07-2019,Pokémon: Mewtwo Strikes Back - Evolution,150.99,366.00,6.70,ja,"Animation, Adventure, Fantasy, Action, Family"
30-07-2021,Fate/Grand Order Final Singularity – Grand Temple of Time: Solomon,150.74,4.00,7.00,ja,"Animation, Action, Adventure, Fantasy"
07-08-2014,Teenage Mutant Ninja Turtles,150.43,5774.00,5.90,en,"Science Fiction, Action, Adventure, Comedy"
11-02-2015,Fifty Shades of Grey,150.03,10087.00,5.90,en,"Drama, Romance, Thriller"
15-11-2021,Never Back Down: Revolt,149.86,45.00,6.60,en,Action
15-01-2021,Wish Dragon,149.83,783.00,8.10,en,"Animation, Family, Comedy, Fantasy"
10-03-2002,Ice Age,149.75,10875.00,7.30,en,"Animation, Comedy, Family, Adventure"
01-08-2019,Fast & Furious Presents: Hobbs & Shaw,149.51,5643.00,6.90,en,"Action, Adventure, Comedy"
30-10-1999,Toy Story 2,149.03,11384.00,7.60,en,"Animation, Comedy, Family"
18-08-2021,Sweet Girl,148.93,850.00,6.80,en,Action
18-08-2021,The Stronghold,148.88,710.00,7.50,fr,Thriller
20-05-2021,Spirit Untamed,148.80,350.00,7.50,en,"Animation, Adventure, Family, Western"
29-04-2021,Tom Clancy's Without Remorse,148.33,1843.00,7.10,en,"Action, Thriller"
17-10-2010,Harry Potter and the Deathly Hallows: Part 1,148.18,15751.00,7.80,en,"Adventure, Fantasy"
09-10-2021,Injustice,148.17,497.00,7.80,en,"Animation, Science Fiction, Fantasy, Action"
27-10-2021,Nobody Sleeps in the Woods Tonight 2,148.01,148.00,4.00,pl,"Horror, Thriller, Comedy"
06-03-2021,American Badger,147.77,26.00,5.90,en,Action
08-03-2021,Evangelion: 3.0+1.0 Thrice Upon a Time,147.76,468.00,8.50,ja,"Animation, Action, Science Fiction, Drama"
08-10-2021,LOL Surprise: The Movie,147.70,87.00,6.80,en,"Animation, Family"
05-02-2009,Coraline,146.97,5590.00,7.80,en,"Animation, Family, Fantasy"
19-11-2020,How I Became a Superhero,146.61,350.00,6.20,fr,"Science Fiction, Adventure, Mystery, Action, Thriller, Fantasy, Comedy"
17-03-2022,The Bad Guys,146.55,0.00,0.00,en,"Animation, Comedy, Action, Family, Crime"
28-09-2018,Venom,145.85,12992.00,6.90,en,"Science Fiction, Action"
30-07-2021,The Last Mercenary,145.72,462.00,6.80,fr,"Action, Comedy"
11-06-2011,Cars 2,145.29,6120.00,6.00,en,"Animation, Family, Adventure, Comedy"
09-02-2022,Downfall: The Case Against Boeing,144.83,55.00,7.40,en,Documentary
28-06-2007,Ratatouille,144.80,13683.00,7.80,en,"Animation, Comedy, Family, Fantasy"
02-12-2021,Mickey and Minnie Wish Upon a Christmas,144.61,81.00,7.20,en,Animation
06-03-1993,Dragon Ball Z: Broly – The Legendary Super Saiyan,144.38,638.00,7.20,ja,"Animation, Science Fiction, Action"
04-05-2022,Doctor Strange in the Multiverse of Madness,144.13,0.00,0.00,en,"Fantasy, Action, Adventure"
09-02-2022,Death on the Nile,143.64,551.00,6.70,en,"Mystery, Crime, Drama, Thriller"
14-05-2021,Army of the Dead,143.49,2905.00,6.30,en,"Action, Crime, Horror, Thriller"
12-11-2021,Home Sweet Home Alone,143.38,375.00,5.20,en,"Family, Comedy"
04-09-2009,Carriers,142.57,1033.00,6.10,en,"Action, Drama, Horror, Science Fiction, Thriller"
01-08-2016,Boyka: Undisputed IV,142.38,974.00,7.00,en,"Action, Drama"
10-10-2009,2012,141.75,10288.00,5.80,en,"Action, Adventure, Science Fiction"
06-07-2021,Why Women Cheat,141.70,3.00,3.30,en,Romance
23-11-2016,Sing,141.06,6642.00,7.10,en,"Animation, Comedy, Family, Music"
16-06-2011,Green Lantern,140.80,6080.00,5.20,en,"Adventure, Action, Thriller, Science Fiction"
15-07-2020,Peninsula,140.74,1830.00,6.90,ko,"Action, Horror, Thriller"
25-06-2015,Ted 2,139.67,6068.00,6.30,en,Comedy
15-01-1985,High School Teacher: Maturing,139.47,7.00,5.90,ja,Drama
30-05-2017,Wonder Woman,139.31,17438.00,7.30,en,"Action, Adventure, Fantasy"
04-03-2022,A Day to Die,139.22,9.00,4.70,en,"Action, Thriller, Crime"
12-03-2021,Cosmic Sin,138.80,420.00,4.20,en,"Action, Adventure, Science Fiction"
19-05-2007,Pirates of the Caribbean: At World's End,138.46,11783.00,7.20,en,"Adventure, Fantasy, Action"
21-01-2010,Legion,138.38,2031.00,5.80,en,"Horror, Action, Fantasy"
15-06-2019,Rascal Does Not Dream of a Dreaming Girl,138.23,352.00,8.40,ja,"Animation, Comedy, Romance, Drama, Fantasy"
25-03-2021,Peter Rabbit 2: The Runaway,138.18,517.00,7.30,en,"Family, Comedy, Adventure, Animation, Fantasy"
30-03-2013,Dragon Ball Z: Battle of Gods,138.02,1193.00,6.80,ja,"Animation, Action, Science Fiction"
23-09-2021,My Little Pony: A New Generation,137.82,190.00,8.10,en,"Animation, Family, Fantasy, Comedy, Music, Adventure"
08-01-2021,Redemption Day,137.59,194.00,6.30,en,Action
19-01-2012,Journey 2: The Mysterious Island,137.22,3447.00,6.10,en,"Adventure, Action, Science Fiction"
22-11-2010,Love & Other Drugs,136.85,4120.00,7.00,en,"Drama, Comedy, Romance"
21-01-2022,The King's Daughter,136.82,353.00,7.40,en,"Fantasy, Drama, Romance, History"
10-05-2018,Deadpool 2,136.30,14395.00,7.50,en,"Action, Comedy, Adventure"
12-04-2017,The Fate of the Furious,136.14,8785.00,6.90,en,"Action, Crime, Thriller"
01-07-2008,Hancock,135.89,7944.00,6.30,en,"Fantasy, Action"
19-11-2014,The Hunger Games: Mockingjay - Part 1,135.46,13384.00,6.80,en,"Science Fiction, Adventure, Thriller"
12-03-1994,Dragon Ball Z: Broly – Second Coming,135.18,503.00,6.70,ja,"Animation, Action, Science Fiction"
18-07-2013,The Conjuring,134.74,9169.00,7.50,en,"Horror, Thriller"
04-06-2021,Sweet & Sour,134.71,82.00,7.90,ko,"Comedy, Romance"
12-11-2021,The Belly of the Sea,134.63,2.00,4.00,es,Drama
27-11-2020,Grisaia: Phantom Trigger The Animation,134.44,2.00,3.50,ja,"Action, Animation"
16-11-2016,Fantastic Beasts and Where to Find Them,133.61,16206.00,7.30,en,"Adventure, Fantasy"
20-06-2013,World War Z,133.45,12838.00,6.80,en,"Action, Drama, Horror, Science Fiction, Thriller"
20-08-2021,"Barbie: Big City, Big Dreams",133.01,107.00,7.30,en,"Animation, Music, Family"
20-06-2021,Teen Titans Go! See Space Jam,132.88,167.00,6.90,en,"Animation, Action, Adventure, Comedy, Family, Fantasy, Science Fiction"
15-07-2021,Jolt,132.82,879.00,6.70,en,"Action, Comedy"
23-10-2020,Once Upon a Snowman,132.55,416.00,6.90,en,"Animation, Family, Comedy, Fantasy"
08-10-2021,Outlaws,131.36,122.00,6.90,es,Crime
30-08-2021,Mortal Kombat Legends: Battle of the Realms,131.35,233.00,8.00,en,"Animation, Action, Fantasy"
11-06-2021,Rogue Hostage,131.34,118.00,6.20,en,"Action, Thriller"
17-01-2018,Fifty Shades Freed,131.19,6769.00,6.70,en,"Drama, Romance"
20-11-2020,Jiu Jitsu,131.14,469.00,5.00,en,"Action, Science Fiction, Fantasy"
16-04-2009,Crank: High Voltage,130.42,2199.00,6.00,en,"Action, Thriller, Crime"
18-12-2001,The Lord of the Rings: The Fellowship of the Ring,129.85,20602.00,8.40,en,"Adventure, Fantasy, Action"
18-06-1998,Mulan,129.34,7900.00,7.90,en,"Animation, Family, Adventure"
21-04-2011,Thor,129.24,17866.00,6.80,en,"Adventure, Fantasy, Action"
12-05-2008,Sex and the City,128.78,1763.00,6.60,en,"Comedy, Drama, Romance"
30-07-2021,Masquerade,128.41,56.00,6.40,en,Thriller
17-11-1989,The Little Mermaid,128.23,6347.00,7.40,en,"Animation, Family, Fantasy"
30-07-2021,More the Merrier,128.13,258.00,6.80,es,"Comedy, Romance"
05-05-2021,The Exorcism of Carmen Farias,127.86,82.00,6.20,es,Horror
20-07-2016,Train to Busan,127.76,5492.00,7.80,ko,"Action, Horror, Thriller"
20-11-2013,Frozen,127.51,14043.00,7.30,en,"Animation, Family, Adventure, Fantasy"
28-07-2012,Naruto Shippuden the Movie: Road to Ninja,127.29,654.00,7.60,ja,"Animation, Fantasy, Action"
15-07-2010,Inception,127.13,31077.00,8.40,en,"Action, Science Fiction, Adventure"
27-02-2021,Girl in the Basement,127.07,344.00,8.10,en,"Crime, Thriller"
01-06-2009,The Proposal,126.98,5314.00,7.10,en,"Comedy, Romance, Drama"
01-02-2020,Goblin Slayer: Goblin's Crown,126.91,159.00,7.60,ja,"Animation, Adventure, Action, Fantasy"
22-02-1950,Cinderella,126.86,5560.00,7.00,en,"Family, Fantasy, Animation, Romance"
21-10-2021,El amarre,126.60,65.00,7.00,es,Horror
02-06-2009,The Hangover,126.26,14245.00,7.30,en,Comedy
13-07-2005,Charlie and the Chocolate Factory,125.50,12320.00,7.00,en,"Adventure, Comedy, Family, Fantasy"
06-06-2018,Jurassic World: Fallen Kingdom,125.44,9639.00,6.60,en,"Action, Adventure, Science Fiction"
08-02-2017,John Wick: Chapter 2,125.06,9982.00,7.30,en,"Thriller, Action, Crime"
17-12-2021,Mamá o papá,124.71,100.00,7.50,es,"Comedy, Family"
19-06-2019,Toy Story 4,124.41,7817.00,7.60,en,"Family, Adventure, Animation, Comedy, Fantasy, Drama"
20-11-2008,Twilight,124.22,11347.00,6.30,en,"Fantasy, Drama, Romance"
13-12-2014,Kingsman: The Secret Service,124.14,14125.00,7.60,en,"Crime, Comedy, Action, Adventure"
24-11-2021,The Unforgivable,123.80,1185.00,7.60,en,"Drama, Crime"
11-07-2013,Pacific Rim,123.37,10377.00,6.80,en,"Action, Science Fiction, Adventure"
10-09-2020,PAW Patrol: Jet To The Rescue,123.36,131.00,7.00,en,"Family, Animation"
18-11-1997,Titanic,123.01,20674.00,7.90,en,"Drama, Romance"
26-11-2012,The Hobbit: An Unexpected Journey,122.89,15731.00,7.30,en,"Adventure, Fantasy, Action"
08-06-2016,The Conjuring 2,122.75,6649.00,7.30,en,"Horror, Thriller"
05-01-2022,Four to Dinner,122.57,167.00,6.20,it,"Comedy, Romance"
19-10-2016,Jack Reacher: Never Go Back,122.30,3914.00,5.90,en,"Action, Thriller"
08-06-2022,Jurassic World Dominion,122.24,0.00,0.00,en,"Adventure, Action, Science Fiction, Thriller"
27-10-2021,Bordertown: The Mural Murders,122.04,44.00,6.90,fi,Crime
03-06-2021,The Misfits,121.91,223.00,5.50,en,"Action, Thriller"
09-06-2021,Awake,121.73,796.00,6.00,en,"Drama, Science Fiction, Thriller"
19-11-2021,Dhamaka,121.72,52.00,7.20,hi,"Thriller, Drama, Crime"
15-10-1999,Fight Club,121.65,23620.00,8.40,en,Drama
12-07-2019,The Lion King,121.53,8292.00,7.10,en,"Adventure, Family, Animation"
01-09-2021,Malignant,121.06,1324.00,7.00,en,"Thriller, Horror, Mystery"
10-06-2010,The Karate Kid,120.97,4848.00,6.50,en,"Action, Adventure, Drama, Family"
30-03-2022,Morbius,120.91,0.00,0.00,en,"Action, Science Fiction, Fantasy"
09-02-2022,¡Qué Despadre!,120.69,2.00,4.00,es,"Comedy, Family, Romance"
26-01-2021,Wrong Turn,120.35,687.00,6.00,en,"Horror, Thriller"
23-06-2023,The Flash,119.85,0.00,0.00,en,"Action, Adventure, Science Fiction, Fantasy, Drama"
13-02-2018,Black Panther,119.66,18737.00,7.40,en,"Action, Adventure, Science Fiction"
17-09-2016,A Silent Voice: The Movie,119.62,2828.00,8.40,ja,"Animation, Drama"
30-05-2003,Finding Nemo,119.62,16104.00,7.80,en,"Animation, Family"
16-12-2014,Taken 3,119.38,4792.00,6.20,en,"Thriller, Action"
01-12-2003,The Lord of the Rings: The Return of the King,118.61,19183.00,8.50,en,"Adventure, Fantasy, Action"
21-05-2003,The Texas Chainsaw Massacre,118.58,2019.00,6.20,en,Horror
30-07-2021,Vivo,118.09,496.00,7.60,en,"Animation, Family, Comedy"
13-10-2020,Batman: Death in the Family,118.04,312.00,7.20,en,"Animation, Action"
19-06-2019,Weathering with You,117.82,1374.00,8.10,ja,"Animation, Drama, Fantasy, Romance"
27-10-2004,The Incredibles,117.48,14931.00,7.70,en,"Action, Adventure, Animation, Family"
04-03-2021,Coming 2 America,117.43,1738.00,6.60,en,Comedy
15-09-2021,Spoiled Brats,117.34,252.00,6.30,fr,Comedy
30-04-2008,Iron Man,117.15,22335.00,7.60,en,"Action, Science Fiction, Adventure"
16-08-2021,Plan A,117.01,38.00,6.10,en,Thriller
01-07-2021,Escape Room: Tournament of Champions,116.75,1029.00,6.80,en,"Horror, Thriller, Mystery"
20-06-1997,Batman & Robin,116.71,4044.00,4.30,en,"Science Fiction, Action, Fantasy"
20-06-2012,Abraham Lincoln: Vampire Hunter,116.62,2728.00,5.70,en,"Action, Fantasy, Horror"
06-06-2015,Jurassic World,116.39,17741.00,6.70,en,"Action, Adventure, Science Fiction, Thriller"
28-03-2017,After Porn Ends 2,116.26,192.00,5.50,en,Documentary
23-04-2021,Rurouni Kenshin: The Final,116.23,297.00,7.90,ja,"Action, Adventure, Drama"
30-07-2011,Naruto Shippuden the Movie: Blood Prison,115.71,345.00,7.20,ja,"Thriller, Animation, Action, Comedy, Horror, Mystery"
30-07-2021,The Trip,115.37,284.00,6.70,no,"Action, Comedy, Thriller, Horror"
24-06-2010,Grown Ups,115.00,4837.00,6.30,en,Comedy
09-07-1994,Dragon Ball Z: Bio-Broly,114.95,396.00,5.80,ja,"Animation, Action, Science Fiction"
23-05-2017,Pirates of the Caribbean: Dead Men Tell No Tales,114.95,9959.00,6.60,en,"Adventure, Action, Fantasy"
26-06-2009,Ice Age: Dawn of the Dinosaurs,114.81,6793.00,6.70,en,"Animation, Comedy, Family, Adventure"
25-02-2021,The Penitent Thief,114.26,5.00,4.20,en,Drama
25-12-2020,Pokémon the Movie: Secrets of the Jungle,114.22,81.00,7.30,ja,"Animation, Adventure"
14-06-2002,Scooby-Doo,113.87,3484.00,6.00,en,"Mystery, Adventure, Comedy"
24-11-2010,Tangled,113.83,9239.00,7.60,en,"Animation, Family"
18-04-2013,Iron Man 3,113.81,19150.00,6.90,en,"Action, Adventure, Science Fiction"
30-06-2010,The Last Airbender,113.33,3231.00,4.70,en,"Action, Adventure, Fantasy"
10-09-2021,Catch the Bullet,113.26,80.00,5.80,en,"Western, Action"
04-12-2019,Jumanji: The Next Level,112.89,6753.00,7.00,en,"Adventure, Comedy, Fantasy"
08-02-2017,Fifty Shades Darker,112.43,6623.00,6.50,en,"Drama, Romance"
20-08-2021,The Loud House Movie,112.42,109.00,7.80,en,"Animation, Family, Comedy, Music, Fantasy"
06-07-2020,The Secret to Be Told: Relationship With My Aunt,112.23,3.00,7.30,ko,"Drama, Romance"
05-10-2021,This Is Not a Comedy,111.68,52.00,6.10,es,"Drama, Comedy"
28-06-2021,Fear Street: 1994,111.63,1429.00,6.80,en,"Horror, Mystery"
15-11-2017,Justice League,111.61,11180.00,6.10,en,"Action, Adventure, Fantasy, Science Fiction"
14-06-2018,Incredibles 2,111.55,10773.00,7.50,en,"Action, Adventure, Animation, Family"
28-03-2018,Ready Player One,111.44,12634.00,7.60,en,"Science Fiction, Adventure, Action"
07-04-2022,Fantastic Beasts: The Secrets of Dumbledore,111.37,0.00,0.00,en,"Fantasy, Adventure"
09-12-2021,Snoopy Presents: For Auld Lang Syne,111.03,64.00,7.40,en,"Animation, Family"
07-07-2000,Scary Movie,111.03,5378.00,6.30,en,Comedy
29-09-2021,No One Gets Out Alive,110.90,327.00,6.00,en,"Horror, Thriller, Mystery"
05-11-2014,Interstellar,110.53,27975.00,8.40,en,"Adventure, Drama, Science Fiction"
08-02-2017,The Lego Batman Movie,110.40,4010.00,7.20,en,"Animation, Family, Action, Comedy, Science Fiction, Fantasy"
03-05-2019,Pokémon Detective Pikachu,110.21,5476.00,7.00,en,"Action, Adventure, Fantasy"
10-09-2021,Kate,110.15,969.00,6.70,en,Action
07-12-2005,"The Chronicles of Narnia: The Lion, the Witch and the Wardrobe",110.09,8455.00,7.10,en,"Adventure, Family, Fantasy"
28-07-1998,The Parent Trap,109.75,3211.00,7.10,en,"Comedy, Family"
22-10-1991,Beauty and the Beast,109.65,8280.00,7.70,en,"Romance, Family, Animation, Fantasy"
18-04-2019,The Pilgrim's Progress,109.49,66.00,7.90,en,"Animation, Adventure"
30-10-2013,Thor: The Dark World,109.34,14571.00,6.60,en,"Action, Adventure, Fantasy"
26-03-1997,Dragon Ball GT: A Hero's Legacy,109.31,229.00,6.70,ja,"Animation, Family, Fantasy"
25-07-2007,The Simpsons Movie,109.23,6645.00,7.00,en,"Animation, Comedy, Family"
15-05-2019,John Wick: Chapter 3 - Parabellum,109.15,7720.00,7.40,en,"Action, Thriller, Crime"
28-02-2017,Logan,109.11,16559.00,7.80,en,"Action, Drama, Science Fiction"
25-06-2014,Transformers: Age of Extinction,109.01,6593.00,5.90,en,"Science Fiction, Action, Adventure"
09-06-2015,Inside Out,108.82,17586.00,7.90,en,"Animation, Family, Adventure, Drama, Comedy"
15-01-2020,Bad Boys for Life,108.69,6892.00,7.20,en,"Thriller, Action, Crime"
08-04-2021,Voyagers,108.49,465.00,6.20,en,"Science Fiction, Thriller"
23-06-2015,Terminator Genisys,108.49,7089.00,5.90,en,"Science Fiction, Action, Thriller, Adventure"
18-12-2002,The Lord of the Rings: The Two Towers,108.47,17817.00,8.40,en,"Adventure, Fantasy, Action"
30-05-2019,Parasite,108.44,13240.00,8.50,ko,"Comedy, Thriller, Drama"
22-09-2021,The Many Saints of Newark,108.36,340.00,6.70,en,"Crime, Drama"
15-06-2016,Central Intelligence,108.33,4780.00,6.40,en,"Action, Comedy, Mystery, Crime"
28-05-2009,Up,108.18,16894.00,7.90,en,"Animation, Comedy, Family, Adventure"
15-10-2009,Law Abiding Citizen,107.99,3923.00,7.30,en,"Drama, Crime, Thriller"
03-08-2010,The Expendables,107.73,6399.00,6.20,en,"Thriller, Adventure, Action"
08-07-2021,Fear Street: 1978,107.44,1165.00,7.30,en,"Horror, Mystery"
05-02-2020,Birds of Prey (and the Fantabulous Emancipation of One Harley Quinn),107.38,8601.00,7.00,en,"Action, Crime"
06-12-2021,David and the Elves,107.31,61.00,6.30,pl,"Family, Fantasy, Comedy"
03-07-2010,Predators,107.18,3105.00,6.20,en,"Science Fiction, Action, Thriller"
19-02-2021,Body Brokers,106.65,56.00,6.50,en,"Thriller, Crime"
25-10-2020,Skylines,106.54,409.00,5.60,en,"Science Fiction, Action"
03-03-2022,Fresh,106.51,86.00,7.00,en,"Horror, Thriller"
24-06-2016,Porn to Be Free,106.51,67.00,5.50,it,Documentary
31-08-2020,Solitary,106.35,68.00,5.70,en,Science Fiction
12-05-2021,Spiral: From the Book of Saw,106.34,1148.00,6.20,en,"Horror, Crime, Mystery"
20-09-2017,Kingsman: The Golden Circle,106.09,8450.00,7.00,en,"Action, Adventure, Comedy, Crime, Thriller"
30-04-2021,22 vs. Earth,105.63,265.00,7.10,en,"Family, Comedy, Fantasy, Animation"
01-04-2015,Furious 7,105.49,8973.00,7.30,en,"Action, Thriller, Crime, Adventure"
19-04-2017,Guardians of the Galaxy Vol. 2,105.42,17970.00,7.60,en,"Adventure, Action, Science Fiction"
16-06-2010,Toy Story 3,105.38,12273.00,7.80,en,"Animation, Family, Comedy"
26-01-2021,Caged,105.32,49.00,6.20,en,"Thriller, Horror"
03-09-2020,Honest Thief,104.93,1242.00,6.50,en,"Thriller, Action, Crime, Drama"
08-03-2011,Battle: Los Angeles,104.87,2825.00,5.70,en,"Science Fiction, Action"
19-07-2008,Ponyo,104.50,3129.00,7.70,ja,"Animation, Fantasy, Family"
20-07-2001,Spirited Away,104.22,12531.00,8.50,ja,"Animation, Family, Fantasy"
16-03-2017,Beauty and the Beast,104.09,13992.00,7.00,en,"Family, Fantasy, Romance"
03-09-2020,Night in Paradise,104.05,165.00,7.00,ko,"Crime, Drama, Thriller, Action"
20-07-1991,Dragon Ball Z: Cooler's Revenge,103.92,464.00,6.90,ja,"Action, Animation, Science Fiction"
15-03-2019,No Manches Frida 2,103.79,672.00,8.10,es,Comedy
03-02-2021,Please Enlighten Me,103.59,1.00,2.00,zh,Romance
21-12-1937,Snow White and the Seven Dwarfs,103.38,6091.00,7.10,en,"Fantasy, Animation, Family"
15-07-2017,Pokémon the Movie: I Choose You!,103.35,498.00,7.00,ja,"Family, Animation, Adventure, Fantasy"
06-03-2019,Captain Marvel,103.29,12761.00,6.90,en,"Action, Adventure, Science Fiction"
13-11-2012,The Twilight Saga: Breaking Dawn - Part 2,103.27,7541.00,6.50,en,"Adventure, Fantasy, Drama, Romance"
16-10-2019,Maleficent: Mistress of Evil,103.27,4954.00,7.30,en,"Family, Fantasy, Adventure"
11-07-2013,Grown Ups 2,103.04,3365.00,6.10,en,Comedy
15-09-2010,The Town,102.88,3954.00,7.20,en,"Crime, Drama, Thriller"
11-02-2016,Zootopia,102.55,13728.00,7.70,en,"Animation, Adventure, Family, Comedy"
11-02-2021,Extinct,102.50,81.00,6.50,en,"Animation, Comedy, Family, Adventure"
18-09-2008,Zack and Miri Make a Porno,102.38,1837.00,6.30,en,Comedy
18-06-2021,Fatherhood,102.31,975.00,7.60,en,"Drama, Family, Comedy"
23-04-2021,Trigger Point,102.31,101.00,6.40,en,"Action, Thriller"
11-12-2013,The Hobbit: The Desolation of Smaug,102.27,10829.00,7.60,en,"Fantasy, Adventure, Action"
27-06-2012,Ice Age: Continental Drift,102.03,6319.00,6.30,en,"Animation, Comedy, Adventure, Family"
29-07-2019,Aquaslash,101.99,97.00,4.10,en,"Horror, Comedy"
12-06-2013,Man of Steel,101.76,12934.00,6.60,en,"Action, Adventure, Fantasy, Science Fiction"
15-01-2021,Outside the Wire,101.73,1416.00,6.40,en,"Thriller, Action, Science Fiction"
06-10-2006,The Texas Chainsaw Massacre: The Beginning,101.64,1352.00,6.10,en,"Horror, Thriller"
06-01-2022,Munich: The Edge of War,101.56,247.00,6.90,en,"Drama, History"
17-05-2007,Shrek the Third,101.51,7247.00,6.30,en,"Fantasy, Adventure, Animation, Comedy, Family"
20-05-2009,Terminator Salvation,101.45,5294.00,6.00,en,"Action, Science Fiction, Thriller"
01-09-2017,Call Me by Your Name,101.41,10026.00,8.20,en,"Romance, Drama"
25-12-2020,We Can Be Heroes,101.41,582.00,6.30,en,"Action, Fantasy, Family, Comedy"
24-03-2015,Southpaw,101.20,4644.00,7.40,en,"Action, Drama"
22-11-2014,Penguins of Madagascar,101.14,3392.00,6.50,en,"Family, Animation, Adventure, Comedy"
25-07-2019,Red Shoes and the Seven Dwarfs,101.06,839.00,7.80,en,"Animation, Romance, Family"
27-05-2015,San Andreas,101.04,7077.00,6.20,en,"Action, Drama, Thriller"
07-03-2012,John Carter,101.03,4641.00,6.20,en,"Action, Adventure, Science Fiction"
24-05-2002,Spirit: Stallion of the Cimarron,100.86,3753.00,7.70,en,"Western, Animation, Adventure, Comedy, Family, Drama"
18-06-2009,American Pie Presents: The Book of Love,100.82,1441.00,5.30,en,Comedy
07-06-1990,Dragon Ball Z: The Tree of Might,100.71,408.00,6.50,ja,"Action, Animation, Science Fiction"
11-08-2021,The Kissing Booth 3,100.60,1351.00,7.20,en,"Romance, Comedy"
18-03-2021,The Courier,100.55,635.00,7.10,en,"Thriller, History, Drama"
22-08-2020,Given,100.21,301.00,8.50,ja,"Animation, Drama, Music, Romance"
16-11-2011,The Twilight Saga: Breaking Dawn - Part 1,100.16,7428.00,6.20,en,"Adventure, Fantasy, Romance"
10-02-2022,Into the Wind,100.12,27.00,4.90,pl,"Comedy, Drama, Romance"
28-05-2014,Maleficent,100.04,11488.00,7.10,en,"Fantasy, Adventure, Action, Family, Romance"
10-02-2011,Just Go with It,100.04,4605.00,6.60,en,"Comedy, Romance"
23-06-2004,White Chicks,99.86,2851.00,6.90,en,"Comedy, Crime"
14-01-2016,13 Hours: The Secret Soldiers of Benghazi,99.72,2734.00,7.20,en,"War, Action, History, Thriller, Drama"
17-07-2014,Sex Tape,99.54,3582.00,5.40,en,Comedy
09-09-2015,Maze Runner: The Scorch Trials,99.33,8738.00,6.70,en,"Science Fiction, Action, Thriller, Adventure"
12-09-2005,Corpse Bride,99.31,7006.00,7.50,en,"Romance, Fantasy, Animation"
27-03-2020,Psycho-Pass 3: First Inspector,99.27,56.00,7.60,ja,"Science Fiction, Action, Crime, Animation"
29-01-2021,Palmer,98.99,738.00,8.10,en,Drama
29-01-2021,Below Zero,98.93,716.00,6.40,es,"Action, Crime, Thriller"
01-06-2016,Me Before You,98.85,9879.00,7.90,en,"Drama, Romance"
04-08-2021,Beckett,98.80,469.00,6.40,en,"Crime, Mystery, Thriller"
26-07-2021,"Batman: The Long Halloween, Part Two",98.74,272.00,7.70,en,"Animation, Mystery, Action, Crime"
11-12-2011,Ghost Rider: Spirit of Vengeance,98.68,3060.00,5.00,en,"Action, Fantasy, Thriller"
29-03-2019,Shazam!,98.60,7383.00,7.10,en,"Action, Comedy, Fantasy"
22-06-2012,I Want You,98.57,1489.00,7.30,es,"Drama, Romance"
31-03-2010,Clash of the Titans,98.52,5230.00,5.90,en,"Adventure, Fantasy, Action"
20-10-2009,Wrong Turn 3: Left for Dead,98.51,822.00,5.60,en,"Horror, Thriller"
18-05-2016,X-Men: Apocalypse,98.47,11110.00,6.50,en,"Action, Adventure, Science Fiction, Fantasy"
22-08-2020,Tenet,98.39,6826.00,7.20,en,"Action, Thriller, Science Fiction"
23-10-2009,Cirque du Freak: The Vampire's Assistant,98.29,869.00,5.70,en,"Adventure, Fantasy, Action, Thriller"
08-10-2021,Grudge,98.25,41.00,6.40,tr,Thriller
08-07-2021,Next-Door Nightmare,98.19,6.00,6.20,en,"Thriller, TV Movie, Drama"
21-07-2021,Trollhunters: Rise of the Titans,98.17,228.00,7.90,en,"Animation, Fantasy, Family, Action, Adventure"
29-03-2006,Ice Age: The Meltdown,98.16,8171.00,6.70,en,"Animation, Family, Comedy, Adventure"
30-03-1999,The Matrix,98.07,21182.00,8.20,en,"Action, Science Fiction"
09-08-2018,The Meg,98.05,5739.00,6.20,en,"Action, Science Fiction, Horror"
10-07-1993,Dragon Ball Z: Bojack Unbound,97.95,402.00,7.00,ja,"Action, Animation, Science Fiction"
20-11-2018,Ralph Breaks the Internet,97.58,6100.00,7.20,en,"Family, Animation, Comedy, Adventure"
08-06-2006,Cars,97.11,11412.00,6.90,en,"Animation, Adventure, Comedy, Family"
10-12-2016,Hidden Figures,96.61,7565.00,8.00,en,"Drama, History"
29-06-2012,Ted,96.57,10437.00,6.40,en,"Comedy, Fantasy"
02-07-2021,The 8th Night,96.33,66.00,6.20,ko,"Mystery, Thriller, Horror"
19-05-2010,Prince of Persia: The Sands of Time,96.16,5725.00,6.20,en,"Adventure, Fantasy, Action"
25-11-2015,Creed,96.00,5847.00,7.40,en,Drama
22-07-2011,Captain America: The First Avenger,95.55,18257.00,7.00,en,"Action, Adventure, Science Fiction"
21-06-2012,Brave,95.27,11353.00,7.00,en,"Animation, Adventure, Comedy, Family, Action, Fantasy"
25-05-2005,Madagascar,95.06,8956.00,6.90,en,"Family, Animation, Adventure, Comedy"
24-02-2021,Chaos Walking,95.01,1632.00,6.80,en,Science Fiction
11-07-1992,Dragon Ball Z: Super Android 13!,94.91,373.00,6.70,ja,"Action, Animation, Science Fiction"
27-11-2020,Life in a Year,94.85,962.00,8.30,en,"Drama, Romance"
01-01-2012,Wreck-It Ralph,94.72,10488.00,7.30,en,"Family, Animation, Comedy, Adventure"
23-04-2016,Yu-Gi-Oh!: The Dark Side of Dimensions,94.63,262.00,7.50,ja,"Adventure, Animation"
25-02-2021,Come Play With Me,94.61,145.00,7.10,es,Horror
31-07-2010,Naruto Shippuden the Movie: The Lost Tower,94.56,291.00,7.00,ja,"Adventure, Action, Animation"
26-06-2014,Dawn of the Planet of the Apes,94.55,9345.00,7.30,en,"Science Fiction, Action, Drama, Thriller"
12-03-2014,Need for Speed,94.49,3532.00,6.30,en,"Action, Crime, Drama, Thriller"
21-07-2008,Batman Tech,94.35,13.00,7.20,en,Documentary
01-07-2009,Public Enemies,94.34,3597.00,6.70,en,"Action, Crime"
27-10-2011,In Time,94.27,9360.00,6.90,en,"Action, Thriller, Science Fiction"
24-06-2021,Rock Dog 2: Rock Around the Park,94.25,68.00,7.10,en,"Animation, Comedy, Music, Family"
28-06-2018,Hotel Transylvania 3: Summer Vacation,94.25,3545.00,6.90,en,"Family, Fantasy, Comedy, Animation"
07-03-1992,Dragon Ball Z: The Return of Cooler,94.12,409.00,6.60,ja,"Action, Animation, Science Fiction"
22-10-2021,Koati,94.06,49.00,7.60,en,"Music, Animation"
02-09-2016,No Manches Frida,94.01,625.00,7.80,es,Comedy
05-09-2018,The Nun,93.99,5109.00,5.80,en,"Horror, Mystery, Thriller"
03-03-2017,The Shack,93.95,1647.00,7.40,en,"Drama, Fantasy"
23-10-2021,A Forbidden Orange,93.83,4.00,4.10,es,"Documentary, History"
21-06-2021,"Batman: The Long Halloween, Part One",93.66,324.00,7.80,en,"Animation, Mystery, Action, Crime"
11-02-2017,From Straight A's to XXX,93.40,85.00,5.60,en,"Drama, TV Movie"
14-02-2019,Fall in Love at First Kiss,93.35,75.00,6.70,zh,"Romance, Comedy"
27-09-2012,Taken 2,93.21,5562.00,6.30,en,"Action, Crime, Thriller"
14-03-1972,The Godfather,93.14,15614.00,8.70,en,"Drama, Crime"
10-03-1990,Dragon Ball Z: The World's Strongest,92.74,362.00,6.40,ja,"Action, Animation, Science Fiction"
10-01-2018,Maze Runner: The Death Cure,92.64,6298.00,7.10,en,"Science Fiction, Action, Adventure, Thriller"
24-10-1998,The Lion King II: Simba's Pride,92.59,3696.00,7.00,en,"Family, Adventure, Animation"
18-06-1999,Tarzan,91.99,5504.00,7.40,en,"Family, Adventure, Animation, Drama"
15-07-1995,Dragon Ball Z: Wrath of the Dragon,91.99,492.00,7.20,ja,"Animation, Action, Science Fiction"
22-05-2019,Aladdin,91.94,8421.00,7.10,en,"Adventure, Fantasy, Romance, Family"
17-06-2021,Whispering Corridors 6: The Humming,91.89,16.00,7.60,ko,Horror
14-11-2018,Fantastic Beasts: The Crimes of Grindelwald,91.83,8843.00,6.90,en,"Adventure, Fantasy, Drama"
30-05-2012,Prometheus,91.81,10081.00,6.50,en,"Science Fiction, Adventure, Mystery"
22-08-2019,Overcomer,91.72,177.00,7.70,en,Drama
10-04-2019,Hellboy,91.66,2691.00,5.50,en,"Fantasy, Action, Adventure, Science Fiction"
03-01-2019,How to Train Your Dragon: The Hidden World,91.48,5006.00,7.80,en,"Animation, Family, Adventure"
20-09-2012,Hotel Transylvania,91.48,7245.00,7.00,en,"Animation, Comedy, Family, Fantasy"
10-01-2020,The Island of Giant Insects,91.41,14.00,4.50,ja,"Mystery, Drama, Horror, Adventure, Animation"
19-08-2009,Inglourious Basterds,91.27,18322.00,8.20,en,"Drama, Action, Thriller, War"
25-05-1977,Star Wars,90.97,16952.00,8.20,en,"Adventure, Action, Science Fiction"
25-02-2004,The Passion of the Christ,90.88,3299.00,7.40,en,Drama
15-09-2021,Nightbooks,90.37,226.00,6.50,en,"Fantasy, Family"
21-08-2001,Sexo,90.31,13.00,5.20,en,Comedy
03-12-2021,Christmas ...Again?!,90.05,56.00,6.90,en,"Family, Comedy, Fantasy, TV Movie"
19-06-2013,Monsters University,89.90,8911.00,7.00,en,"Animation, Family"
16-06-2017,Transformers: The Last Knight,89.87,4883.00,6.00,en,"Action, Adventure, Science Fiction, Fantasy"
03-04-2011,Rio,89.58,5445.00,6.70,en,"Animation, Adventure, Comedy, Family"
05-09-2014,The Guest,89.48,1536.00,6.60,en,"Mystery, Thriller, Action"
03-08-2009,G.I. Joe: The Rise of Cobra,89.39,3854.00,5.80,en,"Adventure, Action, Thriller, Science Fiction"
13-05-2015,Mad Max: Fury Road,89.14,19090.00,7.50,en,"Action, Adventure, Science Fiction"
26-08-2010,The King of Fighters,89.11,105.00,5.00,en,"Action, Thriller, Science Fiction"
10-07-2021,Framed by My Husband,89.09,6.00,5.50,en,"TV Movie, Thriller"
23-02-1940,Pinocchio,89.00,4770.00,7.10,en,"Animation, Family"
29-05-2019,Godzilla: King of the Monsters,88.87,4695.00,6.70,en,"Science Fiction, Action"
25-11-1998,A Bug's Life,88.82,7535.00,7.00,en,"Adventure, Animation, Comedy, Family"
04-06-2008,Kung Fu Panda,88.76,9153.00,7.20,en,"Action, Adventure, Animation, Family, Comedy"
14-11-2004,The SpongeBob SquarePants Movie,88.74,2236.00,6.90,en,"Family, Animation, Comedy, Fantasy"
25-05-2011,The Hangover Part II,88.73,8760.00,6.40,en,Comedy
12-03-2015,Cinderella,88.72,6163.00,6.80,en,"Romance, Fantasy, Family, Drama"
10-06-2004,Garfield,88.57,3127.00,5.60,en,"Animation, Comedy, Family"
27-08-2021,He's All That,88.52,880.00,6.80,en,"Romance, Comedy"
12-02-2021,Tentacles,88.48,88.00,6.30,en,"Horror, Romance"
16-07-2018,Uncharted: Live Action Fan Film,88.45,3.00,5.00,en,"Action, Adventure"
15-05-2014,X-Men: Days of Future Past,88.45,13190.00,7.50,en,"Action, Adventure, Fantasy, Science Fiction"
14-12-2018,Dragon Ball Super: Broly,88.34,2196.00,7.80,ja,"Action, Science Fiction, Animation"
19-11-2004,Howl's Moving Castle,88.27,7147.00,8.40,ja,"Fantasy, Animation, Adventure"
23-06-2016,Ice Age: Collision Course,88.18,3698.00,6.00,en,"Adventure, Animation, Family, Comedy, Science Fiction"
16-06-1995,Batman Forever,88.11,4155.00,5.40,en,"Action, Crime, Fantasy"
01-10-2021,LEGO Star Wars Terrifying Tales,88.07,177.00,6.90,en,"Family, Animation, Science Fiction, Comedy"
16-05-2010,Shrek Forever After,88.00,5844.00,6.30,en,"Comedy, Adventure, Fantasy, Animation, Family"
02-11-2011,The Intouchables,87.81,14406.00,8.30,fr,"Drama, Comedy"
23-09-1994,The Shawshank Redemption,87.67,20911.00,8.70,en,"Drama, Crime"
31-01-2019,Alita: Battle Angel,87.43,7326.00,7.20,en,"Action, Science Fiction, Adventure"
03-12-2021,Shaun the Sheep: The Flight Before Christmas,87.37,52.00,7.10,en,"Animation, Comedy, Family"
08-12-2009,The Princess and the Frog,87.37,4348.00,7.10,en,"Romance, Family, Animation"
25-12-2014,American Sniper,87.37,10934.00,7.40,en,"War, Action"
03-12-2019,The Gentlemen,87.35,3978.00,7.70,en,"Crime, Action, Comedy"
31-12-1993,Looking Back at it All: The Dragon Ball Z Year-End Show!,87.33,23.00,7.00,ja,"Action, Animation, Comedy"
04-12-2020,Host,87.24,499.00,6.60,en,"Horror, Thriller, Mystery"
05-02-2021,Space Sweepers,87.24,739.00,7.20,ko,"Drama, Fantasy, Science Fiction"
15-12-2000,The Emperor's New Groove,86.79,5365.00,7.50,en,"Adventure, Animation, Comedy, Family, Fantasy"
29-03-2019,Demon Slayer: Kimetsu no Yaiba Sibling's Bond,86.69,27.00,9.10,ja,"Action, Animation, Fantasy"
16-09-2021,Still Out of My League,86.62,125.00,6.80,it,"Romance, Comedy"
21-10-2021,The French Dispatch,86.51,1270.00,7.20,en,"Comedy, Drama, Romance"
25-08-2007,Wrong Turn 2: Dead End,86.41,990.00,6.00,en,"Horror, Thriller"
04-07-2018,Ant-Man and the Wasp,86.33,10886.00,7.00,en,"Action, Adventure, Science Fiction"
24-09-2014,The Equalizer,86.18,7098.00,7.20,en,"Thriller, Action, Crime"
28-07-2021,Bartkowiak,86.05,124.00,6.30,pl,"Action, Thriller"
24-07-2009,Orphan,85.86,3998.00,6.90,en,"Horror, Thriller, Mystery"
19-05-2000,Dinosaur,85.84,1972.00,6.50,en,"Family, Animation"
26-06-2015,Knock Knock,85.82,2446.00,5.30,en,"Drama, Thriller"
15-03-2013,The Croods,85.80,5882.00,6.90,en,"Animation, Adventure, Family, Fantasy, Comedy, Action"
23-10-2003,Brother Bear,85.74,4438.00,7.20,en,"Adventure, Animation, Family"
17-11-2021,The Power of the Dog,85.66,1320.00,6.80,en,"Drama, Western"
30-06-2020,We Bare Bears: The Movie,85.64,709.00,7.90,en,"Family, Animation, Adventure, Comedy, TV Movie"
12-05-2017,Baywatch,85.57,6856.00,6.10,en,"Comedy, Action, Crime"
21-11-2018,Creed II,85.44,4108.00,6.90,en,Drama
26-09-2020,Bad Trip,85.31,351.00,6.10,en,Comedy
03-01-2013,Texas Chainsaw 3D,85.29,1250.00,5.50,en,"Horror, Thriller"
14-07-2015,Ant-Man,85.26,16802.00,7.10,en,"Science Fiction, Action, Adventure"
29-07-2020,Greenland,84.93,3289.00,7.20,en,"Action, Thriller, Drama"
04-03-2015,Chappie,84.91,6734.00,6.80,en,"Crime, Action, Science Fiction"
28-02-2020,All the Bright Places,84.69,2324.00,7.70,en,"Romance, Drama"
20-06-1997,Hercules,84.68,6053.00,7.50,en,"Animation, Family, Fantasy, Adventure, Comedy, Romance"
04-07-2001,Scary Movie 2,84.47,3641.00,5.80,en,Comedy
21-03-2018,Pacific Rim: Uprising,84.43,3913.00,6.10,en,"Action, Fantasy, Science Fiction, Adventure"
04-11-2021,Spencer,84.30,580.00,7.20,en,Drama
11-04-2013,Scary Movie 5,84.19,2274.00,4.80,en,Comedy
22-01-2020,La Llorona,84.17,240.00,6.50,es,"Thriller, Horror, Drama"
23-03-2017,Power Rangers,84.15,3796.00,6.30,en,"Science Fiction, Action, Adventure"
20-10-2021,Night Teeth,84.14,487.00,6.60,en,"Horror, Thriller, Action"
21-07-2010,Salt,84.13,4520.00,6.40,en,"Action, Mystery, Thriller"
23-10-2019,Terminator: Dark Fate,84.07,3945.00,6.50,en,"Action, Adventure, Science Fiction"
12-02-2021,Willy's Wonderland,84.01,479.00,6.30,en,"Action, Horror, Comedy"
05-06-2014,How to Train Your Dragon 2,83.95,7969.00,7.70,en,"Fantasy, Action, Adventure, Animation, Comedy, Family"
11-08-2021,CODA,83.82,652.00,8.10,en,"Drama, Music, Romance"
26-06-2013,Despicable Me 2,83.68,9624.00,6.90,en,"Animation, Comedy, Family"
10-12-2021,Anonymously Yours,83.68,230.00,8.00,es,"Drama, Romance"
18-03-2010,How to Train Your Dragon,83.50,10728.00,7.80,en,"Fantasy, Adventure, Animation, Family"
04-03-1995,Dragon Ball Z: Fusion Reborn,83.48,616.00,7.50,ja,"Animation, Action, Fantasy, Science Fiction"
26-06-2020,100% Wolf,83.33,220.00,5.90,en,"Animation, Family, Fantasy"
27-03-2003,Sex with Love,83.26,179.00,6.50,es,"Comedy, Romance"
21-06-2019,Ride Your Wave,83.17,191.00,7.50,ja,"Animation, Romance, Comedy, Drama, Fantasy"
25-10-2012,Skyfall,83.16,13295.00,7.20,en,"Action, Adventure, Thriller"
13-05-2009,Angels & Demons,83.16,5700.00,6.70,en,"Thriller, Mystery"
13-08-2014,Let's Be Cops,83.15,2306.00,6.40,en,Comedy
17-08-2011,Conan the Barbarian,83.15,1502.00,5.30,en,"Adventure, Fantasy, Action"
15-07-2021,El mesero,83.09,310.00,8.20,es,Comedy
14-02-2004,Saint Seiya Heaven Chapter: Overture,83.06,192.00,7.70,ja,"Animation, Fantasy"
25-08-2021,Candyman,82.95,794.00,6.20,en,Horror
08-08-2014,Stand by Me Doraemon,82.91,339.00,7.30,ja,"Animation, Family, Science Fiction, Fantasy"
06-07-2018,Aquaman,82.75,11510.00,6.90,en,"Action, Adventure, Fantasy"
09-09-2011,Warrior,82.61,3599.00,7.80,en,"Drama, Action"
08-07-2010,Despicable Me,82.26,12930.00,7.20,en,"Family, Animation, Comedy"
18-11-2009,The Twilight Saga: New Moon,82.25,7752.00,6.00,en,"Adventure, Fantasy, Drama, Romance"
23-09-2011,Machine Gun Preacher,82.05,798.00,6.70,en,"Action, Thriller, Crime"
18-06-2021,In for a Murder,82.01,53.00,5.60,pl,"Crime, Comedy, Science Fiction"
19-03-2020,Altered Carbon: Resleeved,81.96,203.00,6.50,ja,"Animation, Science Fiction"
01-01-1981,Porno,81.95,45.00,4.30,pt,Drama
21-06-2002,Lilo & Stitch,81.83,4896.00,7.50,en,"Animation, Family"
03-12-2014,Exodus: Gods and Kings,81.59,3867.00,5.80,en,"Adventure, Drama, Action"
15-07-2010,The Experiment,81.43,973.00,6.40,en,"Thriller, Drama"
01-10-2009,Universal Soldier: Regeneration,81.34,333.00,5.60,en,"Adventure, Action, Science Fiction, Thriller"
06-10-2021,There's Someone Inside Your House,81.26,361.00,5.60,en,"Thriller, Horror, Mystery"
10-08-2016,Dragon Ball Z Special 9 - Future Trunks Special,81.15,101.00,7.60,ja,Animation
10-12-1999,The Green Mile,81.14,13604.00,8.50,en,"Fantasy, Drama, Crime"
05-03-2021,Dreamcatcher,80.95,81.00,6.20,en,"Horror, Mystery, Thriller"
25-08-2014,The Remaining,80.92,254.00,5.60,en,"Thriller, Horror"
04-04-2012,American Reunion,80.81,3744.00,6.30,en,Comedy
11-03-2009,17 Again,80.75,4253.00,6.30,en,Comedy
21-09-2020,The Scientist,80.67,94.00,6.40,en,Horror
08-11-2018,The Grinch,80.65,2921.00,6.80,en,"Animation, Family, Comedy, Fantasy"
24-06-2021,A Taste of Hunger,80.43,19.00,5.70,da,"Romance, Drama"
23-05-2013,The Hangover Part III,80.37,7251.00,6.20,en,Comedy
02-11-2011,Special Forces,80.31,420.00,6.70,fr,"Action, Drama, War"
16-04-2021,August Never Ends,80.19,1.00,2.00,zh,Romance
01-09-2018,I Want to Eat Your Pancreas,80.10,946.00,8.30,ja,"Animation, Drama, Romance, Family"
05-03-2021,Sentinelle,80.05,478.00,5.90,fr,"Thriller, Action, Drama"
01-08-2009,Naruto Shippuden the Movie: The Will of Fire,79.99,299.00,7.30,ja,"Action, Adventure, Comedy, Drama, Fantasy, Animation"
25-11-1992,Aladdin,79.96,9508.00,7.60,en,"Animation, Family, Adventure, Fantasy, Romance"
05-10-2021,Escape the Undertaker,79.94,42.00,5.30,en,"Horror, Mystery, Family"
17-11-2000,How the Grinch Stole Christmas,79.94,5847.00,6.70,en,"Family, Comedy, Fantasy"
18-12-2019,Star Wars: The Rise of Skywalker,79.73,7588.00,6.40,en,"Action, Adventure, Science Fiction"
24-03-2011,Sucker Punch,79.69,3898.00,6.10,en,"Action, Fantasy, Thriller"
06-11-2009,Cell 211,79.69,950.00,7.50,es,"Action, Thriller, Drama"
16-07-2015,Pixels,79.69,6366.00,5.70,en,"Action, Comedy, Science Fiction"
24-06-2021,No Sudden Move,79.63,371.00,6.40,en,"Crime, Drama, Mystery"
14-08-1942,Bambi,79.61,4638.00,7.00,en,"Animation, Drama, Family"
09-12-2008,Yes Man,79.61,5528.00,6.60,en,"Comedy, Romance"
12-01-2021,Butchers,79.58,140.00,4.90,en,Horror
31-05-1973,The Exorcist,79.49,6166.00,7.70,en,Horror
26-08-2020,The New Mutants,79.47,2572.00,6.30,en,"Horror, Science Fiction"
20-03-2010,TEKKEN,79.45,538.00,5.40,en,"Crime, Drama, Action, Thriller, Science Fiction"
07-10-2021,Mickey's Tale of Two Witches,79.32,81.00,7.20,tr,Animation
01-02-2018,Euphoria,79.29,92.00,6.40,en,Drama
31-10-1941,Dumbo,79.22,4074.00,7.00,en,"Animation, Family"
25-06-2021,Werewolves Within,79.20,264.00,6.20,en,"Horror, Comedy"
28-03-2012,Wrath of the Titans,79.16,3495.00,5.70,en,"Fantasy, Adventure"
16-02-2011,Unknown,79.07,3143.00,6.70,en,"Action, Mystery, Thriller"
10-08-2018,Megalodon,79.06,205.00,5.70,en,"Action, Science Fiction, Horror, TV Movie"
01-10-1974,The Texas Chain Saw Massacre,78.87,2278.00,7.30,en,Horror
19-07-2019,Batman: Hush,78.74,604.00,7.30,en,"Science Fiction, Crime, Animation, Mystery, Action"
28-08-2020,Phineas and Ferb: The Movie: Candace Against the Universe,78.71,289.00,7.50,en,"Family, Animation, Science Fiction, Comedy, TV Movie"
28-07-1951,Alice in Wonderland,78.65,4852.00,7.20,en,"Animation, Family, Fantasy, Adventure"
18-06-2020,A Whisker Away,78.63,954.00,8.00,ja,"Animation, Drama, Romance, Fantasy"
26-12-2021,Lulli,78.60,141.00,6.00,pt,"Comedy, Romance, Fantasy"
24-05-2019,The Secret Life of Pets 2,78.56,2419.00,7.00,en,"Adventure, Animation, Comedy, Family"
30-04-2021,The Virtuoso,78.53,224.00,6.30,en,Thriller
12-08-2021,Assassins,78.51,6.00,7.30,en,Documentary
19-03-1991,Dragon Ball Z: Lord Slug,78.45,383.00,6.40,ja,"Action, Animation, Science Fiction"
27-06-2018,Uncle Drew,78.44,426.00,6.70,en,Comedy
06-05-2017,Fairy Tail: Dragon Cry,78.24,352.00,6.60,ja,"Action, Adventure, Comedy, Fantasy, Animation"
11-06-2021,Dinosaur Hotel,78.15,50.00,5.20,en,"Horror, Science Fiction, Mystery"
24-07-1998,Saving Private Ryan,78.14,12774.00,8.20,en,"Drama, History, War"
18-03-2015,Insurgent,78.10,8780.00,6.40,en,"Action, Adventure, Science Fiction, Thriller"
21-01-2011,No Strings Attached,78.07,3953.00,6.30,en,"Comedy, Romance"
04-07-2018,The First Purge,77.99,3271.00,6.00,en,"Horror, Action, Thriller"
13-01-2017,xXx: Return of Xander Cage,77.89,5416.00,5.80,en,"Action, Adventure, Crime"
21-05-2014,Blended,77.83,2724.00,6.80,en,Comedy
15-12-2015,Star Wars: The Force Awakens,77.81,16772.00,7.30,en,"Action, Adventure, Science Fiction, Fantasy"
23-04-2021,Bloodthirsty,77.71,30.00,5.70,en,Horror
03-08-2016,Suicide Squad,77.64,18536.00,5.90,en,"Action, Adventure, Fantasy"
26-03-2021,The Seventh Day,77.61,164.00,5.60,en,Horror
20-12-1996,Scream,77.60,4934.00,7.30,en,"Crime, Horror, Mystery"
14-11-2015,The Good Dinosaur,77.59,4556.00,6.70,en,"Adventure, Animation, Family"
21-06-2014,Saint Seiya: Legend of Sanctuary,77.56,523.00,6.50,ja,"Action, Animation, Fantasy"
10-09-2020,Alone,77.51,403.00,6.20,en,"Thriller, Horror"
30-06-2021,America: The Motion Picture,77.48,153.00,5.80,en,"Animation, Action, Comedy"
08-03-2017,Kong: Skull Island,77.48,8817.00,6.50,en,"Action, Adventure, Fantasy"
07-10-2009,Zombieland,77.47,10214.00,7.30,en,"Comedy, Horror"
26-06-2019,Annabelle Comes Home,77.12,2669.00,6.40,en,"Horror, Thriller, Mystery"
03-07-2009,Jackie Chan Kung Fu Master,76.93,46.00,4.40,zh,"Action, Comedy, Family"
27-10-2004,Thinking XXX,76.85,71.00,5.00,en,Documentary
01-08-2015,Attack on Titan,76.73,547.00,5.90,ja,"Horror, Fantasy, Action, Science Fiction"
21-01-2022,My Father's Violin,76.69,159.00,8.00,tr,"Drama, Music"
01-09-2021,Millonario sin amor,76.64,63.00,8.00,es,"Romance, Comedy"
14-12-2010,TRON: Legacy,76.56,5911.00,6.40,en,"Adventure, Action, Science Fiction"
14-05-2014,Godzilla,76.55,7469.00,6.30,en,"Action, Drama, Science Fiction"
23-05-2012,Men in Black 3,76.50,8748.00,6.50,en,"Action, Comedy, Science Fiction"
31-07-2015,Descendants,76.50,1923.00,7.10,en,"Family, Music, Adventure, Comedy, Fantasy, TV Movie"
17-02-1959,Sleeping Beauty,76.49,4268.00,6.90,en,"Fantasy, Animation, Romance, Family"
19-01-2017,Split,76.43,14749.00,7.30,en,"Horror, Thriller"
16-04-2021,Vanquish,76.29,185.00,5.80,en,"Action, Crime, Thriller"
07-08-2020,The Tax Collector,76.27,346.00,5.70,en,"Action, Crime, Drama"
30-06-2017,Dragon Ball Z: The Real 4-D at Super Tenkaichi Budokai,76.22,13.00,6.80,ja,"Action, Animation, Adventure"
17-01-2013,Hansel & Gretel: Witch Hunters,76.18,5812.00,6.00,en,"Fantasy, Horror, Action"
10-05-2019,Kabaneri of the Iron Fortress: The Battle of Unato,76.13,43.00,7.10,ja,"Animation, Action, Fantasy, Adventure"
06-02-2021,New Gods: Nezha Reborn,76.02,255.00,8.30,zh,"Animation, Action, Fantasy"
18-11-2015,The Hunger Games: Mockingjay - Part 2,75.94,10412.00,6.90,en,"Action, Adventure, Science Fiction"
05-05-2021,Those Who Wish Me Dead,75.89,1089.00,6.80,en,Thriller
25-11-2021,A Boy Called Christmas,75.78,421.00,7.60,en,"Family, Adventure, Fantasy"
03-09-2021,Cinderella,75.73,1048.00,6.60,en,"Fantasy, Romance, Comedy"
25-01-1961,One Hundred and One Dalmatians,75.73,0.00,6.60,en,"Fantasy, Romance, Comedy"
21-09-2008,Dragon Ball: Yo! Son Goku and His Friends Return!!,75.68,160.00,6.30,ja,"Animation, Action, Adventure, Science Fiction"
11-05-2018,The Kissing Booth,75.58,6417.00,7.30,en,"Romance, Comedy"
29-05-2013,Now You See Me,75.53,13462.00,7.40,en,"Thriller, Crime"
29-06-2016,The Purge: Election Year,75.50,4416.00,6.40,en,"Action, Horror, Thriller"
11-02-2021,Long Story Short,75.47,105.00,7.00,en,"Romance, Comedy, Fantasy"
15-02-2019,Is It Wrong to Try to Pick Up Girls in a Dungeon?: Arrow of the Orion,75.47,158.00,7.80,ja,"Action, Adventure, Comedy, Fantasy, Romance, Animation"
11-01-2013,A Haunted House,75.39,1394.00,5.70,en,"Comedy, Horror"
23-03-2010,22 Bullets,75.33,957.00,6.60,fr,"Drama, Crime, Thriller"
27-11-1996,101 Dalmatians,75.32,2768.00,5.90,en,"Family, Comedy"
18-10-1967,The Jungle Book,75.29,5201.00,7.30,en,"Family, Animation, Adventure"
06-09-2017,It,75.06,16214.00,7.20,en,"Horror, Fantasy"
11-03-2020,Trolls World Tour,75.06,1724.00,7.40,en,"Family, Animation, Comedy, Fantasy, Adventure, Music"
24-03-2022,The Lost City,74.89,0.00,0.00,en,"Comedy, Action, Romance, Adventure"
27-08-2021,Vacation Friends,74.72,415.00,7.20,en,Comedy
07-12-2011,Mission: Impossible - Ghost Protocol,74.71,8165.00,7.00,en,"Action, Thriller, Adventure"
28-01-2021,The Little Things,74.48,1494.00,6.40,en,"Thriller, Crime, Drama"
16-07-2017,Tokyo Ghoul,74.46,292.00,7.00,ja,"Action, Drama, Horror, Thriller"
22-10-2014,John Wick,74.29,15416.00,7.40,en,"Action, Thriller"
21-09-2015,Hotel Transylvania 2,74.22,4751.00,6.80,en,"Family, Animation, Comedy, Fantasy"
09-12-2017,Jumanji: Welcome to the Jungle,74.18,11512.00,6.80,en,"Adventure, Action, Comedy, Fantasy"
18-09-2014,A Walk Among the Tombstones,73.94,2344.00,6.30,en,"Crime, Drama, Mystery, Thriller"
19-01-2012,Underworld: Awakening,73.88,3438.00,6.30,en,"Fantasy, Action, Horror"
29-03-2012,Young and Wild,73.82,107.00,6.30,es,"Comedy, Drama"
14-01-2015,Wild Card,73.63,1427.00,5.60,en,"Thriller, Crime, Action"
28-08-2019,Tune in for Love,73.60,179.00,7.90,ko,"Romance, Drama"
27-09-2011,The Sorcerer and the White Snake,73.57,183.00,6.20,zh,"Action, Fantasy"
15-04-2021,The Funeral Home,73.56,20.00,4.60,es,Horror
05-02-1953,Peter Pan,73.53,4424.00,7.20,en,"Animation, Family, Adventure, Fantasy"
13-12-2017,Star Wars: The Last Jedi,73.52,12808.00,6.90,en,"Science Fiction, Action, Adventure"
01-10-2014,The Book of Life,73.37,2132.00,7.50,en,"Animation, Adventure, Comedy, Family, Fantasy"
15-12-2018,Bumblebee,73.31,4861.00,6.70,en,"Action, Adventure, Science Fiction"
24-02-2018,Maquia: When the Promised Flower Blooms,73.27,434.00,8.30,ja,"Animation, Fantasy, Romance, Drama"
21-11-2019,Benny Loves You,73.12,118.00,6.30,en,"Horror, Comedy"
26-11-2021,Licorice Pizza,73.05,447.00,7.10,en,"Drama, Comedy"
23-07-2020,The Larva Island Movie,72.86,141.00,7.30,en,"Animation, Family"
21-04-2020,Finding Grace,72.79,15.00,6.30,en,Drama
24-07-2016,Batman: The Killing Joke,72.70,1418.00,6.60,en,"Action, Animation, Crime, Drama"
24-10-2019,Countdown,72.66,1504.00,6.40,en,"Horror, Thriller"
12-01-1996,Don't Be a Menace to South Central While Drinking Your Juice in the Hood,72.58,893.00,6.90,en,Comedy
11-03-2021,Stay Out of the Attic,72.55,54.00,5.80,en,Horror
09-05-2017,Alien: Covenant,72.51,6969.00,6.00,en,"Horror, Science Fiction, Mystery"
14-03-2014,Divergent,72.40,11100.00,6.90,en,"Action, Adventure, Science Fiction"
13-10-2017,Geostorm,72.26,3868.00,6.10,en,"Action, Science Fiction, Thriller"
14-08-2013,The Flu,72.22,939.00,7.50,ko,"Action, Drama, Science Fiction"
27-02-2020,Baba Yaga: Terror of the Dark Forest,72.21,178.00,6.00,ru,Horror
28-01-2016,Fifty Shades of Black,72.21,1138.00,4.90,en,"Romance, Comedy"
07-05-2008,The Boy in the Striped Pyjamas,72.16,5724.00,7.90,en,"War, Drama, History"
27-09-2016,Miss Peregrine's Home for Peculiar Children,72.10,8590.00,6.80,en,"Fantasy, Adventure, Family, Drama"
16-08-2019,The King's Avatar: For the Glory,72.08,18.00,6.90,zh,"Animation, Action, Adventure, Fantasy"
17-08-2021,Black Island,72.07,129.00,6.10,de,Thriller
23-01-2016,Kung Fu Panda 3,71.90,4571.00,6.80,en,"Action, Adventure, Animation, Comedy, Family"
25-03-2017,"Tad, the Lost Explorer, and the Secret of King Midas",71.88,290.00,6.50,es,"Animation, Adventure, Comedy, Family"
10-07-2015,Monkey King: Hero Is Back,71.79,168.00,7.00,zh,"Fantasy, Animation, Comedy"
14-06-2012,That's My Boy,71.72,1422.00,5.70,en,"Comedy, Drama"
27-04-2021,Justice Society: World War II,71.65,378.00,7.70,en,"Animation, War, Science Fiction"
09-11-2006,The Fox and the Hound 2,71.61,531.00,6.00,en,"Adventure, Animation, Comedy, Family"
22-06-2008,WALL·E,71.56,15452.00,8.10,en,"Animation, Family, Science Fiction"
14-03-2019,Five Feet Apart,71.50,4665.00,8.30,en,"Romance, Drama"
28-06-2017,Baby Driver,71.49,12962.00,7.50,en,"Action, Crime"
20-05-2011,Blitz,71.47,1263.00,6.10,en,"Crime, Action, Thriller"
08-02-2019,Saga of Tanya the Evil: The Movie,71.46,108.00,8.00,en,"Animation, Action, War, Fantasy"
02-08-2019,Descendants 3,71.36,1194.00,7.90,en,"Family, TV Movie, Music, Adventure, Fantasy"
26-02-2021,Cherry,71.33,907.00,7.50,en,"Drama, Crime"
27-10-2021,Hypnotic,71.28,388.00,6.10,en,"Thriller, Drama, Horror"
11-09-2019,I See You,71.19,896.00,7.00,en,"Thriller, Mystery, Horror, Crime"
17-12-2021,The Tender Bar,71.18,264.00,6.70,en,Drama
15-05-2008,The Chronicles of Narnia: Prince Caspian,71.15,5219.00,6.60,en,"Adventure, Family, Fantasy"
08-10-2021,Parallel Mothers,71.12,402.00,6.90,es,Drama
26-01-2012,The Grey,71.09,3170.00,6.60,en,"Drama, Thriller, Action, Adventure"
06-06-2012,Madagascar 3: Europe's Most Wanted,70.95,5029.00,6.60,en,"Animation, Family, Comedy, Adventure"
19-09-2019,Rambo: Last Blood,70.78,2958.00,6.50,en,"Action, Thriller, Drama"
16-04-1999,The Mummy,70.72,7250.00,6.80,en,"Adventure, Action, Fantasy"
09-07-2020,Scoob!,70.56,1310.00,7.20,en,"Animation, Family, Comedy, Adventure"
12-06-2008,The Incredible Hulk,70.49,9565.00,6.20,en,"Science Fiction, Action, Adventure"
25-07-2014,Lucy,70.48,13882.00,6.40,en,"Action, Science Fiction"
16-12-2021,The Lost Daughter,70.43,416.00,6.60,en,Drama
03-08-2017,Annabelle: Creation,70.41,4659.00,6.60,en,"Horror, Mystery, Thriller"
11-07-2017,War for the Planet of the Apes,70.33,7214.00,7.10,en,"Drama, Science Fiction, War"
09-12-2017,Ferdinand,70.31,2331.00,7.20,en,"Animation, Family, Adventure, Comedy"
16-08-2017,The Hitman's Bodyguard,70.15,5008.00,6.90,en,"Thriller, Comedy, Crime, Action"
23-10-2012,Wrong Turn 5: Bloodlines,70.14,683.00,5.40,en,"Horror, Thriller"
15-06-2010,Knight and Day,70.10,3629.00,6.20,en,"Action, Comedy"
14-03-2018,Cheese in the Trap,70.09,51.00,6.70,ko,"Romance, Drama, Thriller"
05-11-2003,The Matrix Revolutions,70.08,7938.00,6.70,en,"Adventure, Action, Thriller, Science Fiction"
27-10-2009,Stan Helsing,70.03,363.00,4.30,en,"Comedy, Horror"
11-01-2019,White Snake,69.94,281.00,7.80,zh,"Romance, Animation, Fantasy"
23-07-2014,Hercules,69.91,3462.00,5.70,en,"Action, Adventure"
02-11-2021,Skipping Stones,69.86,3.00,5.30,en,Drama
17-10-2011,Wrong Turn 4: Bloody Beginnings,69.72,780.00,5.70,en,"Horror, Thriller"
31-05-2013,The Purge,69.62,7092.00,6.30,en,"Science Fiction, Horror, Thriller"
14-07-2016,Ghostbusters,69.60,5400.00,5.40,en,"Action, Fantasy, Comedy"
29-03-2019,Trinity Seven 2: Heaven's Library & Crimson Lord,69.59,34.00,7.90,ja,"Animation, Action, Fantasy, Comedy"
11-04-2011,Scream 4,69.46,2585.00,6.40,en,"Horror, Mystery"
07-10-2014,Viking Quest,69.38,24.00,4.60,en,"Action, Adventure, Fantasy, TV Movie"
18-06-2010,Jonah Hex,69.31,1145.00,4.90,en,"Action, Western, Drama, Fantasy, Thriller"
09-10-2021,Robin Robin,69.25,87.00,7.30,en,"Animation, Adventure, Family, Music"
13-03-2020,Nobody Sleeps in the Woods Tonight,69.24,431.00,5.00,pl,"Horror, Thriller"
15-09-2011,Drive,69.18,10149.00,7.60,en,"Drama, Thriller, Crime"
07-10-2022,Spider-Man: Across the Spider-Verse (Part One),69.17,0.00,0.00,en,"Animation, Action, Science Fiction, Comedy, Adventure"
04-10-2017,Blade Runner 2049,69.04,10484.00,7.50,en,"Science Fiction, Drama"
18-09-2007,Superman: Doomsday,69.04,461.00,6.70,en,"Action, Animation, Science Fiction, Family"
05-08-2009,District 9,68.98,7711.00,7.40,en,Science Fiction
02-08-2019,The Angry Birds Movie 2,68.96,1252.00,7.20,en,"Animation, Comedy, Adventure, Family"
12-05-2020,A Nun's Curse,68.84,76.00,6.30,en,Horror
27-06-2013,White House Down,68.82,3951.00,6.40,en,"Action, Drama, Thriller"
06-05-2009,Star Trek,68.71,8528.00,7.40,en,"Science Fiction, Action, Adventure"
18-02-2008,Taken,68.68,9310.00,7.40,en,"Action, Thriller"
31-07-2020,Upside-Down Magic,68.66,190.00,7.30,en,"Fantasy, Family, TV Movie"
29-02-2020,Onward,68.65,4878.00,7.80,en,"Family, Animation, Adventure, Comedy, Fantasy"
05-09-2018,The Predator,68.63,3676.00,5.60,en,"Science Fiction, Action, Adventure, Comedy"
17-03-2016,Miracles from Heaven,68.56,950.00,7.40,en,Drama
17-04-2014,A Haunted House 2,68.53,1051.00,6.10,en,"Comedy, Horror"
30-09-2015,The Martian,68.53,16724.00,7.70,en,"Drama, Adventure, Science Fiction"
15-06-2017,Despicable Me 3,68.47,5901.00,6.40,en,"Action, Animation, Comedy, Family, Adventure"
28-06-2019,Chicuarotes,68.42,103.00,7.60,es,"Drama, Crime"
21-10-2016,I'm Not Ashamed,68.41,197.00,7.50,en,Drama
25-12-2012,Django Unchained,68.37,22147.00,8.10,en,"Drama, Western"
24-06-2021,The Ice Road,68.34,1060.00,7.10,en,"Action, Adventure, Drama, Thriller"
07-01-2011,Season of the Witch,68.27,1988.00,5.40,en,"Adventure, Fantasy, Action"
20-03-2013,Olympus Has Fallen,68.24,5605.00,6.40,en,"Action, Thriller"
02-08-2012,Total Recall,68.20,4597.00,6.00,en,"Action, Science Fiction, Adventure, Thriller"
28-09-2004,Barbie as The Princess & the Pauper,68.19,1192.00,7.50,en,"Animation, Family, Comedy"
17-12-2020,Breach,68.16,490.00,4.40,en,"Science Fiction, Action"
08-06-2011,Super 8,68.11,5596.00,6.70,en,"Thriller, Science Fiction, Mystery"
09-04-2021,Thunder Force,67.87,914.00,5.70,en,"Action, Adventure, Comedy, Science Fiction"
30-03-2018,God's Not Dead: A Light in Darkness,67.86,143.00,7.00,en,Drama
02-12-2021,Single All the Way,67.83,232.00,6.50,en,"Romance, Comedy, Drama"
20-08-2018,An Interview with God,67.75,200.00,7.00,en,"Drama, Mystery"
12-02-2021,Fear of Rain,67.73,341.00,7.20,en,"Thriller, Horror, Drama"
08-11-1988,Child's Play,67.72,2155.00,6.60,en,Horror
12-04-2018,Rampage,67.71,5760.00,6.50,en,"Action, Adventure, Science Fiction"
14-05-2021,Barbie & Chelsea: The Lost Birthday,67.69,74.00,7.40,en,Animation
15-05-2003,The Matrix Reloaded,67.67,8850.00,7.00,en,"Adventure, Action, Thriller, Science Fiction"
14-07-2021,Fear Street: 1666,67.60,1040.00,7.30,en,"Mystery, Horror"
04-05-2001,The Mummy Returns,67.58,5634.00,6.30,en,"Adventure, Action, Fantasy"
06-10-2020,"Happy Halloween, Scooby-Doo!",67.53,184.00,8.00,en,"Family, Animation, Mystery, Comedy"
26-02-2021,Safer at Home,67.40,101.00,5.60,en,"Thriller, Horror"
17-10-1990,Dragon Ball Z: Bardock - The Father of Goku,67.39,480.00,7.50,ja,"Animation, Action, Science Fiction, Drama, Fantasy"
30-10-2008,Madagascar: Escape 2 Africa,67.35,5633.00,6.40,en,"Family, Adventure, Animation, Comedy"
16-11-2006,Happy Feet,67.31,4151.00,6.10,en,"Animation, Comedy, Family"
29-07-2021,Resort to Love,67.30,302.00,7.30,en,"Romance, Comedy"
17-12-2014,Night at the Museum: Secret of the Tomb,67.28,4948.00,6.20,en,"Adventure, Comedy, Fantasy, Family"
17-12-2021,Swan Song,67.24,235.00,7.40,en,"Drama, Science Fiction"
29-01-2013,Odd Thomas,67.15,971.00,6.90,en,"Mystery, Thriller"
10-07-2009,"I Love You, Beth Cooper",67.13,674.00,5.90,en,"Comedy, Romance"
18-02-2020,Fat Ass Zombies,67.07,43.00,4.80,en,"Horror, Comedy"
07-11-2000,Joseph: King of Dreams,67.05,779.00,6.60,en,"Family, Animation"
16-01-2019,Glass,66.97,6829.00,6.70,en,"Thriller, Drama, Science Fiction"
20-03-2007,Superbad,66.96,5636.00,7.20,en,Comedy
08-02-2005,Constantine,66.96,5452.00,7.00,en,"Fantasy, Action, Horror"
23-02-2002,Cinderella II: Dreams Come True,66.93,1163.00,6.10,en,"Family, Animation, Romance, Fantasy"
27-09-1997,Lolita,66.92,1257.00,7.10,en,Drama
19-03-2009,12 Rounds,66.87,592.00,5.90,en,"Action, Thriller, Crime"
15-01-2007,Ghost Rider,66.87,4769.00,5.50,en,"Thriller, Action, Fantasy"
14-02-2011,Paul,66.76,4677.00,6.70,en,"Adventure, Comedy, Science Fiction"
19-07-2018,The Equalizer 2,66.74,3889.00,6.60,en,"Action, Thriller, Crime"
09-10-1993,The Nightmare Before Christmas,66.69,7387.00,7.80,en,"Fantasy, Animation, Family"
25-10-2019,How to Train Your Dragon: Homecoming,66.65,654.00,8.20,en,"Animation, Fantasy, Adventure, Action, Family"
08-04-2021,Women,66.55,18.00,5.70,en,Thriller
01-12-2010,The Warrior's Way,66.51,441.00,6.60,en,"Adventure, Fantasy, Action, Western, Thriller"
01-01-2021,Shadow in the Cloud,66.48,545.00,5.80,en,"Horror, Action, War"
18-04-2013,Pain & Gain,66.28,3654.00,6.20,en,"Crime, Action, Comedy"
06-02-2004,The Lion King 1½,66.23,2480.00,6.60,en,"Family, Animation, Comedy"
22-02-2021,Scooby-Doo! The Sword and the Scoob,66.22,145.00,8.00,en,"Animation, Comedy, Family, Mystery, Adventure, Fantasy"
08-08-2012,The Expendables 2,66.21,5626.00,6.30,en,"Action, Adventure, Thriller"
01-01-2009,Uncharted,66.20,5.00,3.60,en,Horror
30-05-2003,Wrong Turn,66.17,1978.00,6.30,en,"Horror, Thriller"
22-03-2018,Héctor El Father: Conocerás la verdad,66.14,86.00,7.60,es,"Drama, Documentary"
03-04-2018,A Quiet Place,66.09,11360.00,7.40,en,"Horror, Drama, Science Fiction"
08-10-2021,Photocopier,66.09,133.00,7.00,id,"Drama, Mystery, Thriller"
11-10-2005,Tom and Jerry: The Fast and the Furry,66.02,191.00,7.00,en,"Family, Animation, Comedy, Action, Adventure"
25-08-2020,Deep Blue Sea 3,65.99,197.00,6.00,en,"Action, Horror, Science Fiction"
05-02-1993,Bound by Honor,65.81,869.00,8.10,en,"Crime, Action, Drama, Thriller"
15-11-2013,The Hunger Games: Catching Fire,65.76,14743.00,7.40,en,"Adventure, Action, Science Fiction"
24-01-2008,Rambo,65.75,2967.00,6.60,en,"Action, Thriller"
07-12-2006,Apocalypto,65.74,4292.00,7.50,en,"Action, Drama, Thriller, History"
03-03-2010,Alice in Wonderland,65.74,11960.00,6.60,en,"Family, Fantasy, Adventure"
06-01-2022,Project Gemini,65.74,32.00,5.20,en,Science Fiction
11-02-2021,Red Dot,65.71,574.00,5.90,sv,"Thriller, Horror"
24-10-2018,Bohemian Rhapsody,65.66,14391.00,8.00,en,"Music, Drama, History"
13-11-2019,Ford v Ferrari,65.63,5528.00,8.00,en,"Drama, Action, History"
18-02-2017,Sword Art Online: The Movie – Ordinal Scale,65.60,506.00,7.70,ja,"Animation, Action, Adventure, Fantasy, Romance, Science Fiction"
06-10-2011,Desire,65.55,433.00,5.40,fr,"Drama, Romance"
19-03-2014,Rio 2,65.50,2779.00,6.50,en,"Family, Adventure, Comedy, Animation"
21-05-1985,Rambo: First Blood Part II,65.46,2934.00,6.60,en,"Action, Adventure, Thriller, War"
19-11-1992,Home Alone 2: Lost in New York,65.39,7631.00,6.70,en,"Comedy, Family, Adventure"
25-05-2011,Kung Fu Panda 2,65.38,5468.00,6.90,en,"Animation, Family"
21-05-2009,Bad Lieutenant: Port of Call - New Orleans,65.34,848.00,6.10,en,"Drama, Crime"
20-12-1974,The Godfather: Part II,65.32,9393.00,8.60,en,"Drama, Crime"
13-09-2006,Perfume: The Story of a Murderer,65.24,3554.00,7.30,en,"Crime, Fantasy, Drama"
23-07-2021,Blood Red Sky,65.15,1067.00,7.10,de,"Horror, Thriller, Action"
02-10-2019,Gemini Man,65.11,4180.00,6.40,en,"Science Fiction, Action, Thriller"
17-02-2009,Dead Like Me: Life After Death,65.10,159.00,6.20,en,"Drama, Fantasy, Comedy"
07-11-2017,Feels Like Euphoria,65.06,5.00,5.10,en,"Drama, Romance"
25-06-2004,The Notebook,65.05,9396.00,7.90,en,"Romance, Drama"
06-02-2007,Cinderella III: A Twist in Time,65.03,1013.00,6.50,en,"Animation, Romance, Family, Fantasy"
19-02-2015,Dragon Blade,64.95,441.00,6.30,zh,"Action, Drama, Adventure"
25-08-2021,The Voyeurs,64.95,408.00,6.70,en,Thriller
04-02-2015,Jupiter Ascending,64.92,5811.00,5.40,en,"Science Fiction, Fantasy, Action"
22-12-2021,A Journal for Jordan,64.89,21.00,7.40,en,"Drama, Romance"
15-08-2008,Wild Child,64.86,1581.00,6.70,en,"Comedy, Drama, Romance"
29-07-2011,Cowboys & Aliens,64.76,4237.00,5.60,en,"Action, Science Fiction, Thriller, Western"
21-08-2019,Ready or Not,64.74,3058.00,7.10,en,"Comedy, Horror, Thriller"
26-11-2021,El refugio,64.68,54.00,6.60,es,Comedy
20-08-2015,Hitman: Agent 47,64.66,2484.00,5.80,en,"Action, Crime, Thriller"
03-09-2012,Beverly Hills Chihuahua 3: Viva la Fiesta!,64.63,199.00,6.30,en,"Comedy, Family"
02-10-2014,Annabelle,64.62,5111.00,5.70,en,Horror
22-11-2011,Sherlock Holmes: A Game of Shadows,64.56,8833.00,7.10,en,"Adventure, Action, Crime, Mystery"
10-08-2001,American Pie 2,64.46,4040.00,6.20,en,"Comedy, Romance"
15-03-2018,Mary Magdalene,64.42,430.00,6.30,en,"Drama, History"
09-06-2010,The A-Team,64.40,3809.00,6.40,en,"Thriller, Action, Adventure, Comedy, Crime"
16-12-2016,The Great Wall,64.38,4194.00,6.00,en,"Action, Adventure, Fantasy"
04-12-2020,Godmothered,64.30,472.00,6.90,en,"Family, Fantasy, Comedy"
08-09-2020,"Curious George: Go West, Go Wild",64.11,84.00,6.20,en,"Animation, Family, TV Movie"
14-07-2021,Titane,64.07,645.00,6.50,fr,"Drama, Thriller, Horror"
12-05-2010,Robin Hood,64.07,3779.00,6.40,en,Adventure
25-09-2020,Secret Society of Second Born Royals,64.02,419.00,6.80,en,"Action, Adventure, Comedy, Fantasy"
22-01-2021,Brothers by Blood,64.01,109.00,5.80,en,Crime
18-08-2016,Kubo and the Two Strings,64.01,2991.00,7.70,en,"Animation, Adventure, Family"
03-05-2004,Troy,64.00,8336.00,7.10,en,"Adventure, History, War"
12-03-2012,The Hunger Games,63.97,18944.00,7.20,en,"Science Fiction, Adventure, Fantasy"
13-06-2009,Hachi: A Dog's Tale,63.96,5523.00,8.00,en,"Drama, Family"
07-12-2006,American Pie Presents: The Naked Mile,63.92,1650.00,5.50,en,Comedy
06-07-2021,Annette,63.89,404.00,7.00,en,"Drama, Romance"
05-06-2014,22 Jump Street,63.88,6790.00,6.80,en,"Crime, Comedy, Action"
26-02-2021,Crisis,63.87,186.00,6.50,en,"Thriller, Crime, Drama"
01-10-2004,Saw,63.80,7258.00,7.40,en,"Horror, Mystery, Crime"
17-08-2012,Secret of the Wings,63.79,928.00,7.10,en,"Animation, Family, Fantasy, Adventure"
06-07-2016,The Day Naruto Became Hokage,63.75,174.00,7.60,ja,"Comedy, Animation, Action, Adventure"
09-07-1999,American Pie,63.69,6348.00,6.50,en,"Comedy, Romance"
09-12-1997,Scream 2,63.68,2860.00,6.40,en,"Horror, Mystery"
22-06-2016,Independence Day: Resurgence,63.64,5174.00,5.20,en,"Action, Adventure, Science Fiction"
17-09-2015,Sicario,63.64,6788.00,7.40,en,"Action, Crime, Thriller"
17-07-2014,The Purge: Anarchy,63.60,5479.00,6.70,en,"Horror, Thriller"
01-02-2012,Chronicle,63.59,4280.00,6.80,en,"Science Fiction, Drama, Thriller"
13-09-2010,Insidious,63.51,5385.00,6.90,en,"Horror, Thriller"
05-10-1956,The Ten Commandments,63.46,1096.00,7.70,en,"Drama, History"
11-11-2010,Skyline,63.45,1281.00,4.90,en,"Science Fiction, Action"
27-06-2013,The Heat,63.35,3348.00,6.60,en,"Action, Comedy, Crime"
02-10-2020,Cats & Dogs 3: Paws Unite,63.30,157.00,6.60,en,"Comedy, Action"
16-10-1998,Bride of Chucky,63.29,1382.00,5.90,en,"Horror, Comedy"
27-05-2014,Edge of Tomorrow,63.28,11429.00,7.60,en,"Action, Science Fiction"
14-12-2022,Avatar 2,63.25,0.00,0.00,en,"Action, Adventure, Science Fiction, Fantasy"
07-08-2014,The Expendables 3,63.23,4060.00,6.20,en,"Action, Adventure, Thriller"
28-08-2014,Predestination,63.16,5185.00,7.40,en,"Science Fiction, Thriller"
02-06-2016,Now You See Me 2,63.11,9277.00,6.80,en,"Thriller, Action, Comedy"
15-10-2010,Jackass 3D,63.05,1056.00,6.60,en,"Comedy, Documentary, Action"
08-06-2016,Don't Breathe,62.69,6010.00,7.00,en,"Thriller, Horror"
08-11-2019,The Platform,62.67,5282.00,7.00,es,"Drama, Science Fiction, Thriller"
08-03-2011,Limitless,62.67,8851.00,7.20,en,"Thriller, Mystery, Science Fiction"
06-07-1994,Forrest Gump,62.64,22308.00,8.50,en,"Comedy, Drama, Romance"
21-08-2020,Chemical Hearts,62.60,923.00,7.50,en,"Drama, Romance"
27-11-2018,Mortal Engines,62.59,3746.00,6.20,en,"Adventure, Science Fiction"
05-06-2019,Dark Phoenix,62.49,5098.00,6.00,en,"Science Fiction, Action, Adventure"
01-10-2002,Barbie as Rapunzel,62.47,976.00,7.00,en,"Animation, Family"
01-09-2020,Barbie: Princess Adventure,62.45,181.00,7.40,en,"Animation, Music"
24-02-1993,Dragon Ball Z: The History of Trunks,62.40,402.00,7.60,ja,"Animation, Action, Science Fiction"
24-11-2016,Underworld: Blood Wars,62.35,3105.00,5.80,en,"Fantasy, Action, Thriller, Horror"
17-12-1999,Stuart Little,62.33,3549.00,6.00,en,"Family, Animation, Fantasy, Comedy"
28-10-2010,Megamind,62.30,5497.00,6.90,en,"Animation, Action, Comedy, Family, Science Fiction"
15-05-2018,Solo: A Star Wars Story,62.26,6903.00,6.60,en,"Science Fiction, Adventure, Action"
29-04-2021,The Banishing,62.25,58.00,5.40,en,Horror
14-09-2018,Unbroken: Path to Redemption,62.23,98.00,6.90,en,Drama
27-11-2019,Knives Out,62.16,8543.00,7.90,en,"Comedy, Crime, Mystery"
16-03-2000,Malena,62.12,1589.00,7.40,it,Drama
03-02-2011,Sanctum,62.11,804.00,5.90,en,"Action, Thriller"
22-09-2021,Confessions of an Invisible Girl,62.10,144.00,7.00,pt,"Comedy, Drama"
23-07-2020,The Rental,62.01,593.00,5.60,en,Horror
14-07-2021,A Classic Horror Story,62.00,614.00,5.90,it,"Drama, Horror, Mystery, Comedy"
15-07-2004,"I, Robot",61.99,9795.00,6.90,en,"Action, Science Fiction"
09-12-1983,Scarface,61.98,9047.00,8.20,en,"Action, Crime, Drama, Thriller"
09-08-2019,Shanghai Fortress,61.94,81.00,5.60,zh,"Science Fiction, War"
29-01-2021,The Mad Hatter,61.89,47.00,5.80,en,"Horror, Thriller"
29-06-2006,The Devil Wears Prada,61.88,9908.00,7.40,en,"Comedy, Drama, Romance"
04-08-2021,Aftermath,61.85,402.00,6.50,en,"Horror, Crime, Drama, Thriller"
02-08-2008,Naruto Shippuden the Movie: Bonds,61.83,287.00,7.20,ja,"Fantasy, Animation, Action"
24-02-1995,The Walking Dead,61.82,18.00,6.80,en,"Drama, War"
24-09-2021,Dear Evan Hansen,61.80,139.00,6.50,en,Drama
21-11-2008,Bolt,61.69,4926.00,6.50,en,"Animation, Family, Adventure, Comedy"
13-07-2018,Mission: Impossible - Fallout,61.69,6420.00,7.40,en,"Action, Adventure"
01-10-2021,Under Wraps,61.60,51.00,6.70,en,"Comedy, Family, Fantasy"
18-08-2017,Fireworks,61.53,246.00,6.50,ja,"Animation, Drama, Fantasy"
07-05-2013,Hummingbird,61.50,1340.00,6.20,en,"Action, Thriller"
14-05-2016,HK: Hentai Kamen 2 - Abnormal Crisis,61.49,47.00,6.50,ja,"Action, Comedy"
15-12-2021,Rumble,61.44,206.00,6.90,en,"Family, Comedy, Animation"
21-08-2012,"Batman: The Dark Knight Returns, Part 1",61.34,1194.00,7.80,en,"Science Fiction, Action, Animation, Mystery"
20-10-2013,Pixie Hollow Bake Off,61.33,35.00,7.10,en,"Animation, Drama, Fantasy"
09-10-2019,Zombieland: Double Tap,61.29,4369.00,7.00,en,"Horror, Comedy"
21-11-1976,Rocky,61.26,5969.00,7.80,en,Drama
12-04-2017,Gifted,61.23,4285.00,8.10,en,"Family, Drama, Comedy"
03-01-2019,Escape Room,61.18,3636.00,6.50,en,"Horror, Thriller, Mystery"
25-02-2021,A un paso de mí,61.15,48.00,6.90,es,"Adventure, Comedy, Drama"
27-07-2011,Colombiana,61.12,2073.00,6.60,en,"Action, Thriller, Crime, Drama"
19-11-2021,Boiling Point,61.11,82.00,7.30,en,"Thriller, Drama"
20-11-1997,Anastasia,61.10,4533.00,7.60,en,"Animation, Family"
04-08-2021,Insensate,61.03,65.00,6.80,pt,"Mystery, Horror, Thriller"
28-10-2020,The Craft: Legacy,60.98,521.00,6.40,en,"Horror, Drama, Fantasy"
16-02-2011,"Big Mommas: Like Father, Like Son",60.96,981.00,5.60,en,"Crime, Comedy, Action"
21-07-2017,Descendants 2,60.92,1329.00,7.40,en,"Family, Fantasy, TV Movie, Music, Adventure, Action, Romance"
12-11-2010,Death Race 2,60.91,866.00,5.80,en,"Action, Thriller, Science Fiction"
11-08-2015,Straight Outta Compton,60.91,3123.00,7.80,en,"Drama, Music, History"
10-09-2021,Prey,60.90,215.00,4.60,de,Thriller
09-03-2015,Frozen Fever,60.90,1602.00,6.80,en,"Animation, Family, Adventure, Comedy"
03-07-1985,Back to the Future,60.88,16257.00,8.30,en,"Adventure, Comedy, Science Fiction, Family"
08-07-2021,The Kids Are Alright: Destination Asturias,60.66,43.00,4.70,es,"Comedy, Family"
14-09-2016,The Magnificent Seven,60.64,4977.00,6.40,en,"Adventure, Action, Western"
03-04-2020,Money Heist: The Phenomenon,60.52,974.00,7.50,es,Documentary
06-02-2013,A Good Day to Die Hard,60.52,5489.00,5.30,en,"Action, Thriller"
27-05-2021,The Marco Effect,60.52,25.00,6.30,da,"Thriller, Crime"
08-12-2010,The Tourist,60.49,4604.00,6.20,en,"Action, Thriller, Romance"
22-09-2021,Intrusion,60.48,412.00,6.10,en,Thriller
03-07-1991,Terminator 2: Judgment Day,60.47,10152.00,8.10,en,"Action, Thriller, Science Fiction"
06-08-1999,The Iron Giant,60.45,4428.00,7.90,en,"Family, Animation, Adventure, Science Fiction, Comedy"
17-03-2000,Final Destination,60.43,4288.00,6.50,en,Horror
11-07-2016,Sausage Party,60.39,6115.00,5.70,en,"Animation, Adventure, Comedy, Fantasy"
29-01-2021,Finding 'Ohana,60.37,292.00,6.50,en,"Action, Adventure, Comedy, Family"
10-09-2019,Corpus Christi,60.36,369.00,7.80,pl,Drama
09-07-2021,Benedetta,60.35,448.00,6.80,fr,"Drama, History, Romance"
09-08-2012,The Dinosaur Project,60.33,201.00,5.40,en,"Adventure, Action"
13-05-2014,Son of Batman,60.26,812.00,7.10,en,"Animation, Action, Adventure"
05-02-2009,Confessions of a Shopaholic,60.23,2260.00,6.40,en,"Comedy, Romance"
20-12-1997,Life Is Beautiful,60.18,10903.00,8.50,it,"Comedy, Drama"
25-02-2017,Infidelity in Suburbia,60.14,99.00,6.20,en,"Thriller, TV Movie"
30-01-2020,La Casa,60.11,74.00,6.40,es,Horror
16-10-2020,Over the Moon,60.03,1033.00,7.40,en,"Animation, Adventure, Family, Fantasy"
21-11-2012,Rise of the Guardians,60.02,5554.00,7.40,en,"Family, Animation, Fantasy, Action, Adventure"
18-09-2009,Jennifer's Body,59.99,2928.00,5.80,en,"Comedy, Horror"
15-12-2012,One Piece Film: Z,59.95,375.00,7.50,ja,"Action, Adventure, Animation"
21-08-2013,The Mortal Instruments: City of Bones,59.84,3964.00,6.40,en,"Fantasy, Action, Mystery"
22-09-2021,We Are Nothing,59.82,3.00,3.50,es,"Documentary, Music"
24-06-2021,Undercover Wedding Crashers,59.76,35.00,5.80,es,Comedy
01-09-2006,Idiocracy,59.74,2058.00,6.30,en,"Adventure, Comedy, Science Fiction"
16-07-2016,Pokémon the Movie: Volcanion and the Mechanical Marvel,59.73,101.00,6.60,ja,"Family, Adventure, Animation, Fantasy, Science Fiction"
22-06-1955,Lady and the Tramp,59.64,4368.00,7.10,en,"Family, Animation, Romance"
23-03-2018,"Paul, Apostle of Christ",59.64,248.00,7.40,en,"Drama, History"
25-12-2013,Nymphomaniac: Vol. II,59.64,2378.00,6.80,en,"Drama, Mystery"
07-12-2011,Hotel Desire,59.60,72.00,5.90,de,"Drama, Romance"
30-01-2008,CJ7,59.56,468.00,7.20,cn,"Comedy, Drama, Family, Fantasy, Science Fiction"
03-04-2021,Rise of the Mummy,59.54,31.00,5.30,en,"Horror, Science Fiction"
17-03-2023,Aquaman and The Lost Kingdom,59.54,0.00,0.00,en,"Adventure, Action, Fantasy"
03-10-2008,Beverly Hills Chihuahua,59.45,840.00,5.30,en,"Comedy, Family, Adventure, Romance"
24-10-2003,Scary Movie 3,59.43,3223.00,6.00,en,Comedy
24-12-1970,The Aristocats,59.42,4140.00,7.30,en,"Animation, Comedy, Family, Adventure"
01-01-1967,Soy leyenda,59.41,5.00,6.20,es,"Drama, Horror, Science Fiction"
06-10-2020,American Pie Presents: Girls' Rules,59.41,431.00,6.40,en,Comedy
18-03-2001,Spy Kids,59.38,2773.00,5.80,en,"Action, Comedy, Family, Adventure"
06-01-2022,Cyrano,59.32,42.00,6.30,en,"Drama, Romance"
11-04-2006,Undisputed II: Last Man Standing,59.29,559.00,7.30,en,"Action, Crime, Thriller"
16-07-2021,Belle,59.25,211.00,8.40,ja,"Animation, Drama, Science Fiction, Music"
29-06-2016,The Legend of Tarzan,59.24,5456.00,5.90,en,"Fantasy, Action, Adventure"
25-03-2014,Avengers Confidential: Black Widow & Punisher,59.23,178.00,6.40,ja,"Animation, Science Fiction, Action"
14-09-1994,Léon: The Professional,59.22,11840.00,8.30,en,"Crime, Drama, Action"
15-11-2019,Away,59.22,55.00,6.40,en,"Animation, Drama, Adventure, Fantasy"
17-09-2009,Cloudy with a Chance of Meatballs,59.17,4786.00,6.60,en,"Animation, Comedy, Family"
14-03-2012,21 Jump Street,59.06,8735.00,6.90,en,"Action, Comedy, Crime"
06-11-2002,101 Dalmatians II: Patch's London Adventure,58.97,932.00,6.00,en,"Family, Adventure, Comedy, Animation"
23-10-2015,Scouts Guide to the Zombie Apocalypse,58.92,1486.00,6.50,en,"Comedy, Horror"
11-08-2011,Barbie: Princess Charm School,58.86,590.00,7.40,en,"Family, Animation, Fantasy"
11-08-2010,City Under Siege,58.85,39.00,4.90,cn,"Science Fiction, Action, Thriller"
05-03-2014,300: Rise of an Empire,58.79,5432.00,6.10,en,"Action, Drama, War"
19-09-2009,Couples Retreat,58.74,1581.00,5.50,en,"Comedy, Romance"
10-12-2020,Songbird,58.72,504.00,6.20,en,"Thriller, Romance, Drama, Mystery"
23-05-1984,Indiana Jones and the Temple of Doom,58.70,7268.00,7.30,en,"Adventure, Action"
16-08-2018,To All the Boys I've Loved Before,58.70,7481.00,7.70,en,"Comedy, Romance"
28-10-2007,Bee Movie,58.65,3968.00,6.00,en,"Family, Animation, Adventure, Comedy"
29-06-1971,Willy Wonka & the Chocolate Factory,58.63,2637.00,7.50,en,"Family, Fantasy, Comedy"
17-08-2016,War Dogs,58.58,3804.00,6.90,en,"Comedy, Crime, Drama"
22-01-2021,Twist,58.57,135.00,6.10,en,"Crime, Drama, Action"
19-09-2006,Barbie in The 12 Dancing Princesses,58.56,838.00,7.70,en,"Animation, Family"
21-12-2021,Grumpy Christmas,58.53,55.00,7.50,es,Comedy
01-09-2015,Attack on Titan II: End of the World,58.53,213.00,5.80,ja,"Horror, Science Fiction, Action, Fantasy"
28-01-2015,The SpongeBob Movie: Sponge Out of Water,58.39,1928.00,6.10,en,"Family, Adventure, Comedy, Fantasy, Animation"
25-05-2016,Alice Through the Looking Glass,58.33,5453.00,6.50,en,"Adventure, Family, Fantasy"
26-10-2015,Spectre,58.27,8944.00,6.50,en,"Action, Adventure, Thriller"
19-01-2012,Red Tails,58.23,486.00,6.50,en,"Drama, Action, Adventure, History, War"
26-09-2013,Cloudy with a Chance of Meatballs 2,58.23,2517.00,6.40,en,"Animation, Family, Comedy"
12-04-2012,Lockout,58.17,1499.00,5.90,en,"Action, Thriller, Science Fiction"
23-10-2020,The Wolf of Snow Hollow,58.15,220.00,6.20,en,"Horror, Thriller"
02-04-2004,Hellboy,58.13,5709.00,6.70,en,"Fantasy, Action"
01-10-2014,Gone Girl,58.12,15481.00,7.90,en,"Mystery, Thriller, Drama"
19-01-2017,A Dog's Purpose,58.12,2665.00,7.60,en,"Adventure, Comedy, Fantasy, Family, Drama"
01-05-2000,Gladiator,58.10,14853.00,8.20,en,"Action, Drama, Adventure"
12-06-1987,Predator,58.09,6023.00,7.50,en,"Science Fiction, Action, Adventure, Thriller"
21-08-2019,Angel Has Fallen,58.07,2652.00,6.50,en,"Action, Thriller"
15-08-2003,Freddy vs. Jason,58.07,1938.00,6.00,en,Horror
19-08-2009,9,58.07,2872.00,6.90,en,"Action, Adventure, Animation, Science Fiction, Thriller"
04-11-2010,Due Date,58.06,4517.00,6.30,en,"Comedy, Drama"
17-03-2009,Porno Unplugged,58.05,34.00,6.30,en,Documentary
13-11-1940,Fantasia,58.04,2417.00,7.40,en,"Animation, Family"
27-02-2013,Jack the Giant Slayer,58.03,4291.00,5.80,en,"Fantasy, Action, Adventure, Family"
16-04-2021,Zog and the Flying Doctors,57.99,14.00,7.00,en,"Animation, Family"
02-03-2011,Rango,57.98,5187.00,6.80,en,"Animation, Comedy, Family, Western, Adventure"
16-04-2014,Heaven Is for Real,57.98,609.00,6.60,en,Drama
10-11-2016,Arrival,57.98,14796.00,7.60,en,"Drama, Science Fiction, Mystery"
16-03-2022,Ambulance,57.96,0.00,0.00,en,"Action, Crime, Thriller"
06-06-2017,The Mummy,57.87,6072.00,5.50,en,"Fantasy, Thriller, Action, Adventure, Horror"
17-06-2010,I Spit on Your Grave,57.83,1722.00,6.50,en,"Thriller, Crime, Horror"
02-07-2008,Mamma Mia!,57.81,5374.00,7.00,en,"Comedy, Romance"
18-09-2013,Prisoners,57.78,8998.00,8.00,en,"Drama, Thriller, Crime"
26-08-2009,The Final Destination,57.75,2504.00,5.60,en,"Horror, Mystery"
25-12-1963,The Sword in the Stone,57.74,3142.00,7.20,en,"Animation, Family"
04-11-2002,Carrie,57.73,353.00,6.20,en,"Drama, Horror, TV Movie"
11-11-2021,"tick, tick... BOOM!",57.72,1140.00,7.90,en,Drama
12-01-2021,Batman: Soul of the Dragon,57.71,217.00,7.00,en,"Animation, Action, Adventure, Crime, Fantasy"
30-07-2014,Guardians of the Galaxy,57.71,24024.00,7.90,en,"Action, Science Fiction, Adventure"
21-01-2022,After Yang,57.69,26.00,7.40,en,"Drama, Science Fiction"
21-07-2012,Wolf Children,57.64,1719.00,8.30,ja,"Animation, Drama, Family, Fantasy"
16-06-2018,Mirai,57.62,567.00,7.30,ja,"Animation, Family, Fantasy, Adventure, Drama"
13-10-2016,Trolls,57.58,2983.00,6.70,en,"Family, Animation, Fantasy, Adventure, Comedy, Music"
18-11-2011,Happy Feet Two,57.54,1232.00,6.10,en,"Animation, Comedy, Family"
09-01-2009,Bride Wars,57.46,2567.00,6.20,en,"Comedy, Romance"
12-11-2020,Xico's Journey,57.39,85.00,6.70,es,"Animation, Family"
21-08-2004,Naruto: Ninja Clash in the Land of Snow,57.35,360.00,7.30,ja,"Comedy, Action, Animation, Adventure"
20-09-2004,Shark Tale,57.28,5345.00,6.00,en,"Animation, Action, Comedy, Family"
01-10-2013,The Book of Daniel,57.27,57.00,7.30,en,"Fantasy, Drama"
09-04-2004,The Girl Next Door,57.26,2698.00,6.70,en,"Comedy, Romance"
20-03-2014,Captain America: The Winter Soldier,57.25,15813.00,7.70,en,"Action, Adventure, Science Fiction"
12-08-2011,Final Destination 5,57.24,2646.00,6.00,en,"Horror, Mystery"
04-01-2013,Death Race: Inferno,57.21,584.00,5.80,en,"Action, Science Fiction, Thriller"
29-06-2019,Cencoroll Connect,57.18,10.00,7.10,ja,"Animation, Science Fiction"
09-08-2019,Brian Banks,57.18,125.00,7.30,en,Drama
01-08-2013,Snowpiercer,57.17,7905.00,6.90,ko,"Action, Science Fiction, Drama"
23-05-1980,The Shining,57.14,14120.00,8.20,en,"Horror, Thriller"
21-09-2021,Go! Go! Cory Carson: Chrissy Takes the Wheel,57.10,18.00,5.80,en,"Animation, Family"
27-06-2013,Europa Report,57.09,1074.00,6.20,en,"Science Fiction, Thriller"
14-12-2016,Rogue One: A Star Wars Story,57.08,12929.00,7.50,en,"Action, Adventure, Science Fiction"
14-11-2006,Casino Royale,57.07,8739.00,7.50,en,"Adventure, Action, Thriller"
30-09-2017,Batman & Jesus,57.03,3.00,5.70,en,"Documentary, Comedy"
14-12-2011,Alvin and the Chipmunks: Chipwrecked,57.02,1741.00,5.70,en,"Comedy, Fantasy, Family, Music, Animation"
31-03-2000,The Road to El Dorado,57.01,3073.00,7.20,en,"Family, Adventure, Animation, Comedy, Action"
19-09-2008,Igor,57.00,461.00,6.00,en,"Animation, Comedy, Family, Fantasy"
15-03-2012,Red Dawn,57.00,1278.00,5.60,en,"Action, Thriller"
03-01-2013,"Batman: The Dark Knight Returns, Part 2",56.98,1109.00,8.00,en,"Science Fiction, Action, Animation, Mystery"
09-09-2010,13 Assassins,56.91,823.00,7.30,ja,"Adventure, Drama, Action"
21-05-2001,Pearl Harbor,56.89,5198.00,6.90,en,"Action, War, History, Romance, Drama"
14-01-2022,Ray Donovan: The Movie,56.86,87.00,6.90,en,"Drama, TV Movie"
11-08-2021,Breathless,56.74,32.00,5.90,es,"Crime, Drama, Thriller"
12-04-2006,Scary Movie 4,56.71,2566.00,5.50,en,Comedy
29-07-1994,The Mask,56.70,8236.00,6.90,en,"Romance, Comedy, Crime, Fantasy"
05-06-2016,Never Back Down: No Surrender,56.67,364.00,7.00,en,"Drama, Action"
10-12-2007,American Pie Presents: Beta House,56.66,1537.00,5.60,en,Comedy
24-07-2020,The Kissing Booth 2,56.63,4441.00,7.80,en,"Comedy, Romance"
14-06-2021,Hitman's Wife's Bodyguard,56.63,1279.00,6.80,en,"Action, Comedy, Thriller"
30-04-2005,House of Wax,56.61,2330.00,5.90,en,"Horror, Drama"
10-12-2019,6 Underground,56.55,3619.00,6.30,en,"Action, Thriller, Comedy"
09-02-2006,Final Destination 3,56.54,2990.00,6.10,en,"Horror, Mystery"
07-06-2018,Ocean's Eight,56.52,6954.00,7.00,en,"Crime, Comedy, Action"
04-11-2016,Nocturnal Animals,56.49,6350.00,7.50,en,"Drama, Thriller"
02-04-2021,Just Say Yes,56.45,172.00,6.60,nl,"Comedy, Romance"
03-08-2011,Rise of the Planet of the Apes,56.41,9759.00,7.30,en,"Thriller, Action, Drama, Science Fiction"
19-02-2020,The Call of the Wild,56.40,2827.00,7.60,en,"Adventure, Family, Drama"
23-10-2014,Nightcrawler,56.38,8766.00,7.70,en,"Crime, Drama, Thriller"
30-06-2006,Monster House,56.33,3141.00,6.60,en,"Animation, Comedy, Family, Fantasy"
03-01-2018,Insidious: The Last Key,56.30,2193.00,6.20,en,"Horror, Mystery, Thriller"
08-11-2019,Pets United,56.29,148.00,6.00,en,"Animation, Family, Adventure, Comedy"
24-10-2020,Slate,56.28,6.00,5.50,ko,"Action, Comedy"
13-12-2007,Alvin and the Chipmunks,56.24,3645.00,5.80,en,"Comedy, Family, Fantasy, Animation"
04-04-2018,Just a Breath Away,56.24,611.00,6.30,fr,"Drama, Science Fiction, Thriller"
31-10-2002,28 Days Later,56.21,5230.00,7.20,en,"Horror, Thriller, Science Fiction"
15-08-1939,The Wizard of Oz,56.21,4454.00,7.60,en,"Adventure, Fantasy, Family"
30-05-2013,After Earth,56.19,5707.00,5.20,en,"Science Fiction, Action, Adventure"
08-02-2007,Norbit,56.18,1795.00,5.60,en,Comedy
11-07-2015,The Boy and the Beast,56.15,1161.00,8.00,ja,"Animation, Fantasy, Action, Adventure, Drama"
20-01-2016,Dirty Grandpa,56.13,3718.00,5.90,en,Comedy
22-11-2015,The Lion Guard: Return of the Roar,56.13,824.00,6.50,en,"Family, TV Movie, Animation"
23-07-2017,The Emoji Movie,56.12,2487.00,5.60,en,"Animation, Family, Comedy"
23-07-2016,One Piece Film: GOLD,56.06,324.00,7.20,ja,"Action, Animation, Adventure, Comedy"
21-11-1985,Rocky IV,56.05,3362.00,7.00,en,Drama
27-07-2010,Batman: Under the Red Hood,56.04,1228.00,7.80,en,"Science Fiction, Crime, Action, Animation, Mystery"
17-08-2006,Brother Bear 2,56.02,1190.00,6.70,en,"Adventure, Animation, Family"
03-02-2000,Scream 3,56.00,2436.00,5.90,en,"Horror, Mystery"
21-06-2000,Chicken Run,55.99,3948.00,6.70,en,"Animation, Comedy, Family"
01-10-2020,The Doorman,55.98,275.00,5.90,en,"Action, Thriller"
07-01-2021,Maya the Bee: The Golden Orb,55.97,67.00,6.60,en,"Adventure, Animation, Family"
20-06-1975,Jaws,55.94,8169.00,7.60,en,"Horror, Thriller, Adventure"
20-05-2009,Night at the Museum: Battle of the Smithsonian,55.92,5760.00,6.10,en,"Adventure, Fantasy, Action, Comedy, Family"
12-03-2009,Dragonball Evolution,55.83,1623.00,2.80,en,"Action, Adventure, Fantasy, Science Fiction, Thriller"
15-10-2021,Sharkdog’s Fintastic Halloween,55.82,4.00,4.00,en,"Animation, Fantasy, Family"
14-03-2013,The Call,55.79,2448.00,6.80,en,"Crime, Thriller"
12-03-2020,Mariposa,55.77,3.00,7.20,id,"Drama, Romance"
07-04-1995,Bad Boys,55.76,5088.00,6.80,en,"Action, Comedy, Crime, Thriller"
09-08-2019,Sijjin 6,55.73,33.00,5.70,tr,Horror
08-02-2016,The Mermaid,55.70,250.00,6.40,zh,"Comedy, Fantasy, Romance"
16-04-1988,My Neighbor Totoro,55.69,5988.00,8.10,ja,"Fantasy, Animation, Family"
02-07-1997,Men in Black,55.68,11431.00,7.20,en,"Action, Adventure, Comedy, Science Fiction"
03-09-2010,El Infierno,55.64,413.00,7.70,es,"Drama, Crime, Comedy"
21-01-2003,Ong Bak: Muay Thai Warrior,55.64,1310.00,7.10,th,"Action, Thriller"
15-10-1993,The Beverly Hillbillies,55.62,405.00,6.10,en,Comedy
25-05-1979,Alien,55.61,11421.00,8.10,en,"Horror, Science Fiction"
05-08-2015,Fantastic Four,55.59,5078.00,4.40,en,"Action, Adventure, Science Fiction"
17-04-2019,The Curse of La Llorona,55.59,1865.00,5.70,en,"Horror, Thriller"
18-01-2018,Den of Thieves,55.50,2269.00,6.70,en,"Action, Thriller, Crime"
02-04-2004,Home on the Range,55.38,1627.00,6.00,en,"Animation, Family"
10-09-1994,Pulp Fiction,55.35,22733.00,8.50,en,"Thriller, Crime"
06-08-2010,The Other Guys,55.33,3321.00,6.30,en,"Comedy, Action, Crime"
08-04-2011,Soul Surfer,55.32,1020.00,7.10,en,"Family, Drama"
10-07-2015,B?hubali: The Beginning,55.30,555.00,7.50,te,"Action, Drama"
13-07-2018,Pokémon the Movie: The Power of Us,55.23,139.00,7.00,ja,"Animation, Family, Adventure, Fantasy"
30-11-1993,Schindler's List,55.23,12474.00,8.60,en,"Drama, History, War"
07-03-2014,Noah,55.21,5292.00,5.60,en,"Drama, Adventure"
13-04-2012,The Three Stooges,55.14,435.00,5.70,en,Comedy
10-11-2004,The Polar Express,55.13,5013.00,6.70,en,"Animation, Family, Adventure, Fantasy, Comedy"
18-07-2015,Pokémon the Movie: Hoopa and the Clash of Ages,55.12,194.00,6.70,ja,"Family, Adventure, Animation, Action, Fantasy"
13-09-2019,Tall Girl,55.07,1578.00,6.40,en,"Comedy, Drama, Romance"
14-02-2010,Shutter Island,55.02,19491.00,8.20,en,"Drama, Thriller, Mystery"
11-11-2004,Seed of Chucky,55.00,1154.00,5.40,en,"Horror, Comedy"
07-10-2017,House of the Witch,54.98,113.00,4.80,en,"Horror, TV Movie"
13-09-2019,Freaks,54.97,822.00,6.80,en,"Science Fiction, Thriller, Drama, Mystery"
03-11-2004,Mulan II,54.95,1929.00,6.50,en,"Animation, Comedy, Family, Action"
08-10-2021,Madres,54.92,50.00,6.20,en,Horror
08-04-2021,Instructions for Su,54.91,76.00,7.90,es,"Comedy, Drama"
22-03-2010,Kick-Ass,54.90,9966.00,7.10,en,"Action, Crime"
20-11-2007,Enchanted,54.88,4515.00,6.80,en,"Comedy, Family, Fantasy, Romance"
26-07-2012,The Watch,54.87,1905.00,5.50,en,"Comedy, Action, Science Fiction"
24-08-2001,Sex and Lucía,54.84,386.00,6.60,es,"Drama, Romance"
31-01-2003,Final Destination 2,54.82,3104.00,6.20,en,"Horror, Mystery"
06-08-2010,Flipped,54.82,2050.00,7.90,en,"Romance, Drama"
05-08-2006,Naruto: Guardians of the Crescent Moon Kingdom,54.77,235.00,7.10,ja,"Adventure, Animation, Action"
02-09-2011,Seeking Justice,54.74,808.00,5.90,en,"Action, Drama, Thriller"
23-04-2010,The Losers,54.63,1399.00,6.30,en,"Action, Adventure, Crime, Mystery, Thriller"
23-04-2021,Together Together,54.51,70.00,6.90,en,Comedy
06-02-2009,He's Just Not That Into You,54.50,3030.00,6.50,en,"Comedy, Romance, Drama"
04-08-2010,The Man from Nowhere,54.49,956.00,7.70,ko,"Action, Thriller, Crime"
06-06-2007,Ocean's Thirteen,54.49,5196.00,6.70,en,"Crime, Thriller"
14-09-2007,Paranormal Activity,54.49,4093.00,6.00,en,"Horror, Mystery"
24-04-2020,Extraction,54.35,4369.00,7.40,en,"Drama, Action, Thriller"
21-12-2009,Alvin and the Chipmunks: The Squeakquel,54.31,2350.00,5.60,en,"Comedy, Family, Animation, Fantasy, Music"
10-07-2021,The Match,54.30,21.00,6.10,en,"Drama, History"
09-12-2021,The Hating Game,54.24,298.00,7.60,en,"Comedy, Romance"
25-08-2016,Mechanic: Resurrection,54.19,2696.00,5.90,en,"Action, Crime, Thriller"
18-03-2021,A Dog Named Palma,54.14,122.00,8.40,ru,"Family, Romance"
23-03-1990,Pretty Woman,54.13,6268.00,7.40,en,"Romance, Comedy"
25-05-2016,Warcraft,54.12,5675.00,6.30,en,"Action, Adventure, Fantasy"
08-08-2019,Dora and the Lost City of Gold,54.11,1366.00,6.80,en,"Adventure, Comedy, Family"
25-12-2007,Aliens vs Predator: Requiem,54.01,2144.00,5.10,en,"Fantasy, Action, Science Fiction, Thriller, Horror"
30-08-2019,Tod@s Caen,53.99,419.00,7.70,es,Comedy
10-10-2019,The Addams Family,53.98,1734.00,6.70,en,"Family, Animation, Comedy"
10-06-2005,The Adventures of Sharkboy and Lavagirl,53.95,1169.00,5.10,en,"Adventure, Family, Science Fiction"
27-06-2018,Sicario: Day of the Soldado,53.93,2678.00,6.90,en,"Action, Crime, Drama, Thriller"
07-02-2020,Wotakoi: Love is Hard for Otaku,53.81,37.00,7.10,ja,"Comedy, Romance"
21-10-2015,The Last Witch Hunter,53.81,3069.00,5.90,en,"Fantasy, Action, Adventure, Science Fiction"
10-04-2009,Hannah Montana: The Movie,53.77,1712.00,6.60,en,"Comedy, Drama, Family, Music, Romance"
30-07-2011,Chunin Exam on Fire! and Naruto vs. Konohamaru!,53.76,20.00,7.70,ja,"Animation, Action"
20-05-2009,Princess Protection Program,53.75,1472.00,6.60,en,"Family, TV Movie, Comedy, Drama"
25-06-2004,Spider-Man 2,53.75,12315.00,7.20,en,"Action, Adventure, Fantasy"
05-01-2022,How I Fell in Love with a Gangster,53.75,113.00,6.80,pl,"Crime, Drama"
26-05-2010,Sex and the City 2,53.75,1369.00,6.10,en,"Comedy, Drama, Romance"
14-01-2016,The 5th Wave,53.72,5037.00,5.90,en,"Science Fiction, Adventure, Action"
12-12-2014,Seventh Son,53.70,2139.00,5.50,en,"Adventure, Fantasy"
25-10-2007,Saw IV,53.66,2878.00,6.10,en,"Horror, Thriller, Crime"
28-01-2016,The Ten Commandments: The Movie,53.62,243.00,7.30,pt,Drama
27-10-2006,Saw III,53.61,3450.00,6.40,en,"Horror, Thriller, Crime"
18-07-2013,R.I.P.D.,53.60,3137.00,5.80,en,"Fantasy, Action, Comedy, Crime"
18-03-2017,Kuroko's Basketball the Movie: Last Game,53.59,75.00,7.80,ja,Animation
28-08-2015,War Room,53.59,351.00,7.90,en,"Drama, Romance"
06-01-2017,Kizumonogatari Part 3: Reiketsu,53.54,136.00,8.10,ja,"Animation, Fantasy, Mystery"
24-11-2021,The Hand of God,53.54,1029.00,7.70,it,Drama
28-04-2009,Legally Blondes,53.50,212.00,5.60,en,Comedy
26-11-2002,Treasure Planet,53.49,3264.00,7.50,en,"Adventure, Animation, Family, Fantasy, Science Fiction"
13-06-2020,LEGO Monkie Kid: A Hero Is Born,53.47,5.00,5.40,en,"Animation, TV Movie, Action, Comedy, Fantasy"
07-06-2018,Hereditary,53.43,5610.00,7.20,en,"Horror, Mystery, Thriller"
19-02-2021,Flora & Ulysses,53.40,179.00,6.60,en,"Family, Adventure, Comedy, Fantasy"
07-05-2021,Here Today,53.32,93.00,7.40,en,"Comedy, Drama"
10-09-2020,The Babysitter: Killer Queen,53.30,1046.00,6.50,en,"Comedy, Horror"
05-04-2013,Evil Dead,53.26,3595.00,6.50,en,Horror
01-09-2010,Machete,53.26,2659.00,6.30,en,"Action, Comedy, Thriller"
08-09-2020,Sputnik,53.25,454.00,6.50,ru,"Science Fiction, Drama, Horror"
19-10-2018,Hunter Killer,53.25,1660.00,6.80,en,"Action, Thriller"
14-12-2016,Ballerina,53.19,1582.00,7.20,en,"Animation, Adventure, Comedy, Family"
13-06-2007,Fantastic Four: Rise of the Silver Surfer,53.18,6657.00,5.60,en,"Adventure, Fantasy, Action, Thriller"
08-10-2020,Flashback,53.16,182.00,6.50,en,"Thriller, Horror"
21-07-2011,Friends with Benefits,53.14,6705.00,6.70,en,"Romance, Comedy"
12-03-2021,War of Likes,53.13,224.00,7.80,es,Comedy
01-06-2016,Teenage Mutant Ninja Turtles: Out of the Shadows,53.12,2831.00,6.00,en,"Action, Adventure, Comedy, Family, Science Fiction"
25-12-2015,The Revenant,53.11,15554.00,7.50,en,"Western, Drama, Adventure"
16-05-2014,The Fault in Our Stars,53.11,9866.00,7.60,en,"Romance, Drama"
25-01-2019,School-Live!,53.09,14.00,7.10,ja,"Horror, Action"
09-04-2004,Ella Enchanted,52.97,1524.00,6.40,en,"Family, Fantasy, Comedy"
06-05-1988,Dead Heat,52.96,126.00,6.00,en,"Action, Horror, Science Fiction, Thriller"
12-11-2014,Dumb and Dumber To,52.93,2625.00,5.50,en,Comedy
13-02-2014,Tinker Bell and the Pirate Fairy,52.89,777.00,6.80,en,"Animation, Family"
09-08-2008,Tropic Thunder,52.88,4778.00,6.60,en,"Action, Comedy, Adventure, War"
01-06-2021,Super Monsters: Once Upon a Rhyme,52.87,60.00,6.40,en,Animation
12-06-2014,The Last Survivors,52.82,162.00,6.30,en,"Horror, Thriller, Action"
08-06-1984,Ghostbusters,52.82,7194.00,7.50,en,"Comedy, Fantasy"
12-09-2021,The Mad Women's Ball,52.81,174.00,7.20,fr,"Drama, Thriller, History"
07-04-2016,The Jungle Book,52.80,7026.00,6.90,en,"Family, Adventure, Drama, Fantasy"
05-05-2019,Naruto to Boruto: The Live 2019,52.78,20.00,6.60,ja,Documentary
30-05-2012,Snow White and the Huntsman,52.78,6916.00,6.00,en,"Adventure, Fantasy, Drama"
18-11-2021,The Princess Switch 3: Romancing the Star,52.76,279.00,7.00,en,"Romance, Comedy"
25-12-2014,The Interview,52.76,4824.00,6.20,en,"Action, Comedy"
25-12-2008,Marley & Me,52.76,3892.00,7.20,en,"Comedy, Family"
20-11-2009,The Blind Side,52.74,4967.00,7.70,en,Drama
14-11-2014,The Imitation Game,52.74,14390.00,8.00,en,"History, Drama, Thriller, War"
12-04-2018,Truth or Dare,52.71,3424.00,6.00,en,"Thriller, Horror"
11-05-2016,The Angry Birds Movie,52.70,2948.00,6.20,en,"Animation, Adventure, Comedy"
12-07-1991,Boyz n the Hood,52.69,1406.00,7.60,en,"Drama, Crime"
11-02-2009,Friday the 13th,52.65,1977.00,5.80,en,Horror
16-08-1996,Bordello of Blood,52.63,270.00,5.90,en,"Horror, Comedy"
16-09-2005,Pride & Prejudice,52.62,6348.00,8.10,en,"Drama, Romance"
15-03-2017,The Lost City of Z,52.57,2315.00,6.40,en,"Adventure, Drama, History"
23-12-2009,3 Idiots,52.46,1789.00,8.00,hi,"Drama, Comedy"
05-04-1984,The NeverEnding Story,52.46,3210.00,7.20,en,"Drama, Family, Fantasy, Adventure"
22-10-1982,First Blood,52.45,4836.00,7.40,en,"Action, Adventure, Thriller, War"
26-10-1984,The Terminator,52.45,10257.00,7.60,en,"Action, Thriller, Science Fiction"
07-02-2020,365 Days,52.42,6540.00,7.00,pl,"Drama, Romance"
09-11-2019,The Jack in the Box,52.37,134.00,5.60,en,Horror
25-02-2015,Focus,52.36,6594.00,6.90,en,"Romance, Comedy, Crime, Drama"
30-04-2004,Mean Girls,52.35,7066.00,7.20,en,Comedy
25-02-2016,Gods of Egypt,52.35,3399.00,5.60,en,"Action, Adventure, Fantasy"
19-09-2019,Abominable,52.31,1594.00,7.60,en,"Family, Animation, Adventure, Comedy"
12-02-2021,To All the Boys: Always and Forever,52.26,1522.00,7.70,en,"Romance, Comedy, Drama"
27-05-2021,Endangered Species,52.26,109.00,6.10,en,"Thriller, Action"
24-02-2017,Get Out,52.23,13883.00,7.60,en,"Mystery, Thriller, Horror"
16-04-2012,Safe,52.20,1935.00,6.40,en,"Action, Crime, Thriller"
18-06-2009,Year One,52.17,1499.00,4.90,en,"Comedy, Adventure"
29-03-2017,Ghost in the Shell,52.09,6942.00,6.00,en,"Science Fiction, Action"
02-09-2013,Riddick,52.09,3378.00,6.30,en,"Science Fiction, Action, Thriller"
19-09-2015,The Anthem of the Heart,52.07,284.00,7.60,ja,"Animation, Drama, Music, Romance"
14-09-2010,Barbie: A Fashion Fairytale,52.04,578.00,7.20,en,"Family, Animation"
07-08-2002,Spy Kids 2: The Island of Lost Dreams,52.01,1740.00,5.60,en,"Action, Adventure, Family, Comedy"
09-07-2015,Containment,51.99,148.00,5.90,en,"Thriller, Horror, Science Fiction"
18-03-2021,Secret Magic Control Agency,51.96,224.00,7.20,ru,"Animation, Comedy, Fantasy"
18-09-1998,Rush Hour,51.95,3590.00,7.00,en,"Action, Comedy, Crime"
26-09-2014,Outcast,51.92,370.00,5.00,en,Action
27-09-2019,The Legend of the Galactic Heroes: Die Neue These Seiran 1,51.87,13.00,8.00,ja,"Animation, Science Fiction"
17-04-2009,State of Play,51.85,1505.00,6.80,en,"Thriller, Drama"
01-10-2021,Puff: Wonders of the Reef,51.84,52.00,7.80,en,Documentary
15-01-2015,Tracers,51.78,963.00,6.00,en,Action
15-03-2015,The Corpse of Anna Fritz,51.76,444.00,7.00,es,"Drama, Thriller"
28-10-2005,Saw II,51.74,4109.00,6.60,en,Horror
03-07-2013,The Lone Ranger,51.71,5029.00,6.10,en,"Action, Adventure, Western"
08-10-2021,Muppets Haunted Mansion,51.65,119.00,6.70,en,"Comedy, Family, TV Movie"
08-08-2003,Jeepers Creepers 2,51.60,1184.00,6.10,en,Horror
21-08-1998,Blade,51.57,4692.00,6.70,en,"Horror, Action"
07-08-2013,Elysium,51.53,7365.00,6.50,en,"Science Fiction, Action, Drama, Thriller"
15-04-2021,Ride or Die,51.53,99.00,6.50,ja,"Drama, Romance, Thriller"
15-09-2011,Johnny English Reborn,51.51,2650.00,6.20,en,"Crime, Adventure, Action, Comedy, Thriller"
14-03-2006,Barbie Fairytopia: Mermaidia,51.48,543.00,6.80,en,"Animation, Family, Adventure, Fantasy"
04-06-2015,Insidious: Chapter 3,51.48,2704.00,6.30,en,"Horror, Drama, Thriller"
21-02-2013,3096 Days,51.38,654.00,7.50,de,Drama
29-07-1989,Kiki's Delivery Service,51.31,2931.00,7.80,ja,"Animation, Family, Fantasy, Adventure"
31-08-2006,Little Man,51.30,1299.00,5.90,en,"Comedy, Crime"
24-05-1988,Rambo III,51.29,2392.00,6.10,en,"Action, Adventure, Thriller, War"
07-05-2015,Pitch Perfect 2,51.28,4734.00,6.90,en,"Comedy, Music"
10-10-2014,Whiplash,51.21,11923.00,8.40,en,"Drama, Music"
10-10-2006,Pan's Labyrinth,51.21,8780.00,7.70,es,"Fantasy, Drama, War"
15-07-2017,No Game No Life: Zero,51.18,275.00,7.90,ja,"Animation, Action, Drama"
28-02-2012,Justice League: Doom,51.18,653.00,7.50,en,"Action, Animation, Science Fiction"
29-07-2011,The Smurfs,51.17,3102.00,5.80,en,"Animation, Family, Adventure, Comedy, Fantasy"
04-04-2019,Missing Link,51.16,658.00,7.00,en,"Family, Animation, Comedy, Adventure, Fantasy"
02-08-1996,Matilda,51.13,3452.00,7.10,en,"Comedy, Family, Fantasy"
17-10-1997,The Devil's Advocate,51.12,4576.00,7.40,en,"Drama, Mystery, Thriller, Horror"
20-08-2014,Sin City: A Dame to Kill For,51.12,3145.00,6.40,en,"Crime, Action, Thriller"
14-07-2021,The Medium,51.10,254.00,7.10,th,"Horror, Thriller"
01-07-2001,Jeepers Creepers,51.09,2211.00,6.40,en,"Horror, Thriller"
12-01-2012,Contraband,51.04,1702.00,6.30,en,"Thriller, Action, Drama, Crime"
02-12-2010,The Chronicles of Narnia: The Voyage of the Dawn Treader,51.03,4636.00,6.40,en,"Adventure, Family, Fantasy"
05-10-2019,Black Fox,51.00,20.00,7.00,ja,"Animation, Action, Drama, Science Fiction"
30-09-2001,Barbie in the Nutcracker,50.98,849.00,6.80,en,"Animation, Family"
12-11-2021,Belfast,50.97,414.00,7.20,en,Drama
29-07-2021,Stillwater,50.96,556.00,6.80,en,"Drama, Crime, Thriller"
03-08-2001,Rush Hour 2,50.91,3097.00,6.70,en,"Action, Comedy, Crime"
15-07-2021,The Night House,50.91,531.00,6.70,en,"Horror, Thriller, Mystery"
26-08-2017,Fate/kaleid liner Prisma?Illya: Vow in the Snow,50.90,17.00,6.80,ja,"Action, Animation, Drama, Fantasy"
13-01-2022,Gold,50.85,114.00,6.50,en,"Thriller, Action"
24-07-2019,Once Upon a Time… in Hollywood,50.81,10138.00,7.40,en,"Comedy, Drama, Thriller"
24-12-2008,Bedtime Stories,50.81,2347.00,6.10,en,"Fantasy, Comedy, Family, Romance"
06-03-2006,The Wild,50.80,824.00,5.50,en,"Family, Animation"
11-12-2018,Once Upon a Deadpool,50.78,555.00,7.10,en,"Comedy, Action"
16-09-2010,Easy A,50.76,5855.00,6.80,en,Comedy
14-09-1977,Spider-Man,50.75,77.00,5.50,en,"Science Fiction, Action, Crime, TV Movie"
16-07-2021,Deep,50.74,68.00,6.40,th,"Science Fiction, Thriller"
01-04-2016,God's Not Dead 2,50.74,318.00,6.10,en,Drama
20-07-2017,Valerian and the City of a Thousand Planets,50.72,6279.00,6.60,en,"Adventure, Science Fiction, Action"
14-05-2021,I Am All Girls,50.71,188.00,6.70,en,"Crime, Drama, Mystery, Thriller"
15-07-1995,Whisper of the Heart,50.70,1394.00,7.90,ja,"Animation, Drama, Family"
23-01-2013,Parker,50.70,2543.00,6.00,en,"Action, Crime"
24-02-2022,Gangubai Kathiawadi,50.68,17.00,8.20,hi,"Crime, Drama"
08-08-2007,Rush Hour 3,50.57,2413.00,6.40,en,"Action, Comedy, Crime"
03-03-2021,Moxie,50.49,610.00,7.40,en,"Comedy, Drama, Music"
16-10-2006,Transformers: Beginnings,50.48,204.00,6.90,en,"Animation, Action, Thriller, Science Fiction"
24-09-2021,The Guilty,50.42,1533.00,6.40,en,"Drama, Thriller"
25-12-2002,Catch Me If You Can,50.34,12227.00,8.00,en,"Drama, Crime"
17-07-2002,Undisputed,50.31,526.00,6.50,en,"Action, Adventure, Drama, Thriller"
03-09-2013,Empire State,50.29,545.00,5.30,en,"Action, Drama"
08-06-2007,Hostel: Part II,50.26,1540.00,5.80,en,Horror
15-10-2014,10.0 Earthquake,50.23,87.00,4.90,en,"Drama, Adventure, Action"
25-01-2002,A Walk to Remember,50.22,3453.00,7.70,en,"Drama, Romance"
11-07-2008,Hellboy II: The Golden Army,50.21,4207.00,6.70,en,"Action, Adventure, Mystery, Fantasy"
30-07-2009,Funny People,50.18,1014.00,5.80,en,"Comedy, Drama"
17-12-2011,Dragon Ball: Episode of Bardock,50.15,303.00,6.80,ja,"Action, Animation, Science Fiction"
16-07-1988,Akira,50.14,3022.00,8.00,ja,"Animation, Science Fiction, Action"
16-06-2022,Minions: The Rise of Gru,50.12,0.00,0.00,en,"Family, Animation, Action, Adventure, Comedy"
24-07-2009,The Ugly Truth,50.06,2938.00,6.50,en,"Comedy, Romance"
21-11-2003,The Cat in the Hat,50.03,1288.00,5.30,en,"Comedy, Adventure, Family, Fantasy"
17-12-2007,Virgin Territory,49.99,234.00,4.50,en,"Adventure, Action, Comedy, Romance"
17-07-2009,(500) Days of Summer,49.96,8198.00,7.30,en,"Comedy, Drama, Romance"
10-09-2017,Disobedience,49.96,902.00,6.90,en,"Drama, Romance"
11-08-2005,The Protector,49.92,620.00,7.10,th,"Action, Crime, Drama, Thriller"
28-01-2015,Project Almanac,49.90,2081.00,6.60,en,"Science Fiction, Thriller, Drama"
12-08-2021,Respect,49.89,178.00,6.70,en,"Music, Drama, History"
16-12-2016,Fences,49.84,2137.00,6.80,en,Drama
06-11-2019,Midway,49.81,1808.00,7.10,en,"War, History, Action, Drama"
14-09-2017,Leatherface,49.77,971.00,5.50,en,"Horror, Thriller, Mystery"
02-08-1986,Castle in the Sky,49.75,3097.00,8.00,ja,"Adventure, Fantasy, Animation, Action, Family, Romance"
18-11-2010,The Next Three Days,49.73,2311.00,7.10,en,"Romance, Drama, Thriller, Crime"
21-06-2019,Twilight,49.71,15.00,6.50,ja,"Animation, Drama"
06-08-2021,John and the Hole,49.71,28.00,6.10,en,"Thriller, Drama, Mystery"
26-09-2008,Fireproof,49.68,503.00,7.40,en,"Drama, Romance"
15-01-2009,Paul Blart: Mall Cop,49.68,2017.00,5.40,en,"Action, Adventure, Comedy, Family"
25-07-2003,Spy Kids 3-D: Game Over,49.66,1764.00,5.10,en,"Action, Adventure, Comedy, Family, Science Fiction"
01-01-2021,The Ogglies: Welcome to Smelliville,49.62,43.00,7.30,en,"Animation, Drama, Adventure, Family"
25-11-2021,"Diego, The Last Goodbye",49.61,2.00,6.00,es,Documentary
27-09-2003,Barbie of Swan Lake,49.59,898.00,7.00,en,"Animation, Family"
01-11-2014,Dragons: Dawn Of The Dragon Racers,49.56,265.00,7.20,en,"Animation, Family, Adventure, Comedy, Fantasy"
26-01-2006,Fearless,49.52,971.00,7.50,zh,"Drama, Action"
07-03-2022,The Fourth Musketeer,49.46,1.00,6.00,en,"Action, Adventure"
05-07-2001,Shaolin Soccer,49.40,1633.00,7.00,cn,"Action, Comedy"
20-12-2012,Chinese Zodiac,49.40,630.00,6.20,cn,"Action, Adventure"
18-10-2018,Halloween,49.34,3748.00,6.50,en,"Horror, Thriller"
05-06-2021,The Forgotten Battle,49.32,359.00,7.20,nl,"War, History, Drama"
21-06-1996,The Hunchback of Notre Dame,49.28,4118.00,7.10,en,"Drama, Animation, Family"
01-01-2004,Scandalous Sex,49.27,77.00,7.20,en,Drama
02-11-2011,Tower Heist,49.23,2385.00,6.00,en,"Action, Comedy"
12-07-1997,Princess Mononoke,49.16,6148.00,8.40,ja,"Adventure, Fantasy, Animation"
04-04-2019,Pet Sematary,49.15,2643.00,5.70,en,"Horror, Thriller"
24-07-2020,Don't Listen,49.13,561.00,6.50,es,"Drama, Horror, Thriller"
22-11-1991,The Addams Family,49.11,3545.00,7.00,en,"Comedy, Fantasy"
02-06-2021,Kids Are Back,49.10,43.00,5.10,fr,Comedy
12-12-2014,Tinker Bell and the Legend of the NeverBeast,49.08,761.00,7.10,en,"Adventure, Animation, Family"
22-08-1986,The Texas Chainsaw Massacre 2,49.07,585.00,5.60,en,"Comedy, Horror"
15-10-2019,Mermaid Down,49.06,229.00,6.70,en,"Horror, Fantasy, Mystery, Thriller"
12-08-2014,Crystal Skulls,49.02,20.00,4.80,en,"Adventure, Science Fiction, TV Movie"
26-02-2021,Crazy About Her,48.98,363.00,7.20,es,"Comedy, Romance"
15-05-2019,"The Gangster, the Cop, the Devil",48.98,497.00,7.70,ko,"Crime, Action, Adventure"
26-05-1994,The Flintstones,48.97,1953.00,5.30,en,"Fantasy, Comedy, Family"
02-03-2016,London Has Fallen,48.97,3894.00,6.10,en,"Action, Thriller"
25-08-2012,Rurouni Kenshin Part I: Origins,48.97,571.00,7.60,ja,"Adventure, Action, Drama, History"
21-10-2010,Saw 3D,48.96,2303.00,6.00,en,"Horror, Crime"
10-05-2017,King Arthur: Legend of the Sword,48.94,4799.00,6.50,en,"Action, Drama, Fantasy"
08-10-2020,Initiation,48.94,72.00,5.70,en,"Horror, Mystery"
18-11-2020,The Christmas Chronicles: Part Two,48.90,749.00,6.60,en,"Family, Fantasy, Adventure, Comedy"
12-06-2019,Men in Black: International,48.89,3839.00,6.00,en,"Comedy, Science Fiction"
13-04-2000,American Psycho,48.87,7608.00,7.40,en,"Thriller, Drama, Crime, Horror"
05-05-2020,Justice League Dark: Apokolips War,48.87,1134.00,8.40,en,"Animation, Action, Adventure, Fantasy, Science Fiction"
25-08-2013,I Spit on Your Grave 2,48.87,981.00,6.30,en,"Thriller, Horror, Crime"
12-09-2009,Hole in One,48.84,80.00,4.10,en,Comedy
14-10-2020,A Babysitter's Guide to Monster Hunting,48.82,232.00,6.20,en,"Family, Fantasy, Adventure, Comedy"
12-09-2013,Insidious: Chapter 2,48.79,3337.00,6.70,en,"Horror, Thriller"
09-03-2012,Into the White,48.76,232.00,6.90,no,"War, Action, Drama"
13-04-2022,Ladybug & Cat Noir: Awakening,48.71,0.00,0.00,en,"Action, Animation, Adventure, Fantasy, Music"
12-06-2020,Artemis Fowl,48.69,1331.00,5.70,en,"Adventure, Fantasy, Science Fiction, Family, Action"
18-07-2003,Bad Boys II,48.66,4370.00,6.60,en,"Adventure, Action, Comedy, Thriller, Crime"
23-10-2017,Cult of Chucky,48.66,879.00,5.80,en,"Horror, Thriller"
05-08-2011,The Change-Up,48.66,2218.00,6.10,en,Comedy
25-12-1990,The Godfather: Part III,48.64,4777.00,7.40,en,"Crime, Drama, Thriller"
20-11-2012,Life of Pi,48.61,11391.00,7.40,en,"Adventure, Drama, Action"
03-11-2011,In the Name of the King 2: Two Worlds,48.61,98.00,3.90,en,"Adventure, Fantasy, Drama, Action"
26-06-1987,Full Metal Jacket,48.57,8349.00,8.10,en,"Drama, War"
13-05-2016,Justice League vs. Teen Titans,48.53,684.00,7.40,en,"Science Fiction, Action, Animation"
23-04-2021,Street Gang: How We Got to Sesame Street,48.49,13.00,6.70,en,Documentary
29-09-2006,Facing the Giants,48.47,302.00,7.50,en,Drama
05-10-2017,Woody Woodpecker,48.37,576.00,6.70,en,"Comedy, Family, Animation"
18-10-2019,Jojo Rabbit,48.36,7159.00,8.10,en,"Comedy, War, Drama"
06-10-2020,Black Box,48.32,369.00,6.50,en,"Horror, Science Fiction, Thriller"
14-01-2010,Tooth Fairy,48.31,1657.00,5.50,en,"Comedy, Family, Fantasy"
16-06-2016,Finding Dory,48.31,10448.00,7.00,en,"Adventure, Animation, Comedy, Family"
17-12-2015,Alvin and the Chipmunks: The Road Chip,48.29,1342.00,6.00,en,"Adventure, Animation, Comedy, Family"
04-02-2021,Daisy Quokka: World’s Scariest Animal,48.28,52.00,6.90,en,"Animation, Comedy, Family"
10-07-1981,The Fox and the Hound,48.28,2628.00,7.10,en,"Adventure, Animation, Drama, Family"
12-10-2021,Bright: Samurai Soul,48.28,34.00,6.00,ja,"Animation, Action, Fantasy"
30-07-1966,Batman,48.25,625.00,6.30,en,"Family, Adventure, Comedy, Science Fiction, Crime"
01-07-2008,The Mummy: Tomb of the Dragon Emperor,48.24,3630.00,5.40,en,"Adventure, Action, Fantasy"
16-03-2007,Dead Silence,48.24,1765.00,6.40,en,Horror
24-11-2021,8-Bit Christmas,48.22,200.00,6.50,en,"Family, Comedy"
22-04-2021,The Mitchells vs. the Machines,48.15,1746.00,8.00,en,"Animation, Adventure, Comedy, Family, Science Fiction, Action"
24-02-2015,Dragonheart 3: The Sorcerer's Curse,48.14,200.00,5.40,en,Fantasy
14-12-2006,The Pursuit of Happyness,48.11,8072.00,7.90,en,Drama
23-07-2015,Mission: Impossible - Rogue Nation,48.09,7178.00,7.20,en,"Action, Adventure"
09-11-1984,A Nightmare on Elm Street,48.07,3877.00,7.30,en,Horror
22-09-2011,Killer Elite,48.05,1700.00,6.30,en,"Action, Adventure, Thriller"
12-12-2005,King Kong,48.04,6463.00,6.80,en,"Adventure, Drama, Action"
07-03-2007,300,47.96,11481.00,7.20,en,"Action, Adventure, War"
18-08-2021,Drive My Car,47.94,290.00,7.60,ja,Drama
13-12-1978,Superman,47.94,2950.00,7.10,en,"Science Fiction, Action, Adventure"
15-05-2002,Star Wars: Episode II - Attack of the Clones,47.92,10781.00,6.50,en,"Adventure, Action, Science Fiction"
12-12-1997,Home Alone 3,47.91,2402.00,5.30,en,"Comedy, Family"
10-09-2014,No Good Deed,47.91,524.00,6.00,en,"Crime, Thriller"
23-04-2021,We Broke Up,47.82,20.00,6.10,en,Comedy
25-01-2010,Barbie in A Mermaid Tale,47.80,573.00,7.20,en,"Animation, Family, Fantasy"
15-09-2011,The Day,47.78,193.00,5.10,en,"Action, Drama, Horror, Science Fiction"
20-11-1990,Predator 2,47.77,2291.00,6.20,en,"Science Fiction, Action, Thriller"
19-05-2015,Tomorrowland,47.76,6056.00,6.20,en,"Adventure, Family, Mystery, Science Fiction"
19-11-1993,Addams Family Values,47.71,2242.00,6.90,en,"Comedy, Family, Fantasy"
13-05-2016,Don't Blame the Kid,47.71,509.00,7.70,es,"Comedy, Romance"
02-10-2015,The Empire of Corpses,47.69,70.00,6.10,ja,"Animation, Mystery, Horror, Science Fiction"
05-05-2013,Star Trek Into Darkness,47.69,7899.00,7.30,en,"Action, Adventure, Science Fiction"
16-10-2016,The Walking Dead: The Journey So Far,47.67,12.00,7.10,en,Documentary
26-02-2016,Pandemic,47.65,260.00,5.00,en,"Action, Science Fiction, Horror"
10-03-2006,The Hills Have Eyes,47.61,2289.00,6.40,en,"Horror, Thriller"
11-12-2021,Operation Merry Christmas: The Elf Con,47.60,28.00,7.00,es,"Comedy, Crime"
05-12-1990,Edward Scissorhands,47.58,10715.00,7.70,en,"Fantasy, Drama, Romance"
30-07-2013,Justice League: The Flashpoint Paradox,47.57,1407.00,7.90,en,"Science Fiction, Animation, Action, Adventure"
11-12-2015,The Ridiculous 6,47.54,1107.00,5.20,en,"Western, Comedy"
10-08-2012,"Tad, the Lost Explorer",47.54,413.00,6.00,es,"Animation, Comedy, Adventure, Family"
15-06-1979,Rocky II,47.54,3319.00,7.20,en,Drama
27-05-2021,Friends: The Reunion,47.54,814.00,8.10,en,Documentary
25-06-1996,Independence Day,47.54,7896.00,6.80,en,"Action, Adventure, Science Fiction"
10-12-2021,Being the Ricardos,47.51,307.00,6.60,en,"Drama, History"
18-10-2005,The Batman vs. Dracula,47.47,247.00,7.00,en,"Fantasy, Animation, Horror, Action, Thriller, Science Fiction, Family, Mystery"
01-08-2003,American Wedding,47.45,3356.00,6.20,en,"Comedy, Romance"
14-03-1995,Braveheart,47.36,8195.00,7.90,en,"Action, Drama, History, War"
15-01-2008,Cloverfield,47.35,5745.00,6.60,en,"Action, Thriller, Science Fiction"
22-02-2012,Barbie in A Mermaid Tale 2,47.32,344.00,7.00,en,"Animation, Family"
27-01-2021,Earwig and the Witch,47.31,140.00,6.10,ja,"Animation, Fantasy, Family"
10-10-2019,Miracle in Cell No. 7,47.26,3872.00,8.30,tr,"Drama, Comedy, Family"
17-10-2008,Diary of a Nymphomaniac,47.24,232.00,5.50,es,"Drama, Romance"
26-05-1995,Casper,47.23,3789.00,6.30,en,"Fantasy, Comedy, Family"
15-12-1995,Heat,47.20,5358.00,7.90,en,"Action, Crime, Drama, Thriller"
12-08-2021,Lokillo: Nothing's the Same,47.19,15.00,7.80,es,Comedy
14-04-2015,Batman vs. Robin,47.18,697.00,7.30,en,"Science Fiction, Action, Adventure, Animation"
24-09-2015,The Intern,47.15,5473.00,7.20,en,Comedy
11-07-2018,Skyscraper,47.07,4082.00,6.30,en,"Action, Thriller"
30-07-2013,The Smurfs 2,47.05,1801.00,5.80,en,"Fantasy, Family, Comedy, Animation"
01-06-2016,The BFG,47.02,2791.00,6.20,en,"Adventure, Family, Fantasy"
04-12-2019,Spies in Disguise,46.98,2202.00,7.70,en,"Animation, Action, Adventure, Comedy, Family"
21-12-2016,Assassin's Creed,46.90,6719.00,5.40,en,"Action, Adventure, Science Fiction"
16-10-2014,"Love, Rosie",46.88,5357.00,7.80,en,"Comedy, Romance"
11-07-1999,Curse of the Blair Witch,46.88,78.00,6.30,en,"Horror, Thriller"
06-01-2017,The Invisible Guest,46.87,3622.00,8.20,es,"Drama, Mystery, Thriller"
15-07-1989,Dragon Ball Z: Dead Zone,46.87,408.00,6.60,ja,"Animation, Action, Fantasy"
03-07-2019,Midsommar,46.86,4581.00,7.10,en,"Horror, Drama, Mystery"
15-06-2021,Mi otra yo,46.85,3.00,6.30,es,Comedy
26-09-2017,Jeepers Creepers 3,46.84,624.00,4.80,en,"Horror, Mystery, Thriller"
15-09-2018,The House with a Clock in Its Walls,46.83,1761.00,6.20,en,"Fantasy, Family, Comedy, Horror"
01-03-2003,Wicked Minds,46.80,14.00,5.20,en,"Mystery, Drama, Romance, Thriller"
09-11-2007,P2,46.77,627.00,6.20,en,"Horror, Thriller"
30-08-1991,Child's Play 3,46.76,1137.00,5.90,en,"Horror, Thriller"
14-02-2003,Daredevil,46.75,4127.00,5.20,en,"Fantasy, Action"
11-08-2011,30 Minutes or Less,46.75,1344.00,5.70,en,"Action, Adventure, Comedy"
17-11-2021,Bruised,46.71,280.00,7.00,en,Drama
22-09-1995,Se7en,46.69,16665.00,8.30,en,"Crime, Mystery, Thriller"
06-09-2018,Greta,46.67,999.00,6.60,en,"Mystery, Thriller, Horror"
22-01-2016,The Boy,46.66,3176.00,5.90,en,"Horror, Thriller, Mystery"
24-03-2004,Scooby-Doo 2: Monsters Unleashed,46.62,2176.00,6.00,en,"Mystery, Fantasy, Adventure, Comedy"
20-12-2017,The Greatest Showman,46.53,7982.00,8.00,en,Drama
26-04-2009,The Human Centipede (First Sequence),46.51,1648.00,5.20,en,Horror
19-07-2015,Clean Sex,46.50,13.00,7.50,es,Comedy
04-10-2005,Barbie and the Magic of Pegasus 3-D,46.50,544.00,7.10,en,"Animation, Family, Romance"
23-05-2003,Bruce Almighty,46.49,8972.00,6.70,en,"Fantasy, Comedy"
15-03-2009,Drag Me to Hell,46.47,2840.00,6.30,en,"Horror, Thriller"
26-09-2012,Looper,46.47,8754.00,6.90,en,"Action, Thriller, Science Fiction"
24-12-2021,1000 Miles From Christmas,46.44,64.00,6.30,es,"Comedy, Romance"
16-02-2018,Samson,46.44,182.00,5.80,en,"Action, Drama, Adventure"
22-03-2007,Shooter,46.41,3753.00,7.10,en,"Action, Drama, Mystery, Thriller, Crime"
07-09-2013,Space Pirate Captain Harlock,46.41,866.00,6.60,ja,"Animation, Science Fiction"
09-12-2004,Ocean's Twelve,46.40,5949.00,6.60,en,"Thriller, Crime"
19-07-2014,When Marnie Was There,46.36,1366.00,8.00,ja,"Animation, Drama"
09-04-2011,Green Lantern: Emerald Knights,46.29,394.00,6.70,en,"Action, Adventure, Animation, Science Fiction, Drama"
22-02-2018,Annihilation,46.27,6998.00,6.40,en,"Science Fiction, Horror"
14-06-1995,Pocahontas,46.27,4758.00,7.00,en,"Adventure, Animation, Family, Romance"
28-06-2019,Porno,46.24,206.00,6.40,en,"Comedy, Horror"
18-08-2017,What Happened to Monday,46.20,5156.00,7.20,en,"Science Fiction, Thriller, Drama, Mystery"
11-12-2019,Latte and the Magic Waterstone,46.18,84.00,6.70,de,"Animation, Adventure, Family, Comedy"
20-08-2010,Piranha 3D,46.16,1718.00,5.40,en,"Comedy, Horror"
12-04-2012,The Cabin in the Woods,46.15,6397.00,6.60,en,"Horror, Comedy, Fantasy, Thriller"
30-10-2021,Sword Art Online the Movie -Progressive- Aria of a Starless Night,46.15,10.00,8.10,ja,"Animation, Action, Fantasy, Science Fiction"
09-05-1980,Friday the 13th,46.15,2149.00,6.40,en,Horror
07-12-2016,Sex Doll,46.14,102.00,5.50,fr,"Drama, Thriller, Mystery"
15-10-2009,Astro Boy,46.14,1214.00,6.30,en,"Animation, Action, Family, Science Fiction"
29-09-2021,Sounds Like Love,46.14,109.00,6.60,es,"Comedy, Romance"
02-07-2003,Terminator 3: Rise of the Machines,46.10,5301.00,6.10,en,"Action, Thriller, Science Fiction"
06-10-2018,Re:ZERO -Starting Life in Another World- Memory Snow,46.08,139.00,7.20,ja,"Animation, Adventure, Fantasy"
06-12-2012,So Undercover,46.05,997.00,6.10,en,"Action, Comedy"
05-08-2015,Goosebumps,46.00,3177.00,6.30,en,"Adventure, Horror, Comedy"
10-09-1981,The Evil Dead,45.99,2834.00,7.30,en,Horror
08-08-2012,The Bourne Legacy,45.98,4805.00,6.20,en,"Action, Thriller"
25-12-2019,Little Women,45.98,4628.00,7.90,en,"Drama, Romance"
28-11-2019,Lev Yashin. The Dream Goalkeeper,45.89,38.00,8.10,ru,Drama
14-12-2017,Along with the Gods: The Two Worlds,45.88,497.00,8.10,ko,"Drama, Fantasy, Action"
13-12-2018,Bird Box,45.86,8213.00,6.90,en,"Thriller, Drama, Science Fiction"
19-09-2003,Underworld,45.79,5143.00,6.80,en,"Fantasy, Action, Thriller"
16-05-1986,Top Gun,45.76,5235.00,7.00,en,"Action, Drama, Adventure"
29-07-2011,"Crazy, Stupid, Love.",45.74,6767.00,7.20,en,"Comedy, Drama, Romance"
23-12-1966,"The Good, the Bad and the Ugly",45.73,6479.00,8.50,it,Western
18-07-2013,RED 2,45.72,3351.00,6.50,en,"Action, Comedy, Crime, Thriller"
19-02-2021,I Care a Lot,45.72,1937.00,6.70,en,"Comedy, Crime, Thriller, Drama"
13-10-2017,The Babysitter,45.72,2830.00,6.10,en,"Comedy, Horror"
06-10-2011,The Human Centipede 2 (Full Sequence),45.70,1001.00,4.80,en,"Drama, Horror, Crime"
18-11-1959,Ben-Hur,45.65,2032.00,7.80,en,"Action, Drama, History"
27-05-2005,The Longest Yard,45.63,2603.00,6.60,en,Comedy
05-06-2018,Escape Plan 2: Hades,45.62,1117.00,5.10,en,Action
21-10-2005,Nanny McPhee,45.61,2507.00,6.60,en,"Fantasy, Comedy, Family"
29-07-2010,Tinker Bell and the Great Fairy Rescue,45.59,712.00,6.70,en,"Animation, Adventure, Family, Fantasy"
05-03-2020,Bloodshot,45.58,4211.00,6.80,en,"Action, Science Fiction"
19-05-1999,Star Wars: Episode I - The Phantom Menace,45.56,11924.00,6.50,en,"Adventure, Action, Science Fiction"
20-05-2015,Poltergeist,45.55,1964.00,5.20,en,Horror
23-03-2007,Meet the Robinsons,45.54,2230.00,6.90,en,"Animation, Comedy, Family"
29-05-2015,Hot Girls Wanted,45.52,470.00,5.90,en,Documentary
31-07-2019,The Divine Fury,45.48,185.00,6.80,ko,"Action, Horror"
29-08-2012,Lawless,45.46,2524.00,7.00,en,"Crime, Drama, Western"
09-01-2009,The Unborn,45.46,1115.00,5.20,en,"Horror, Thriller, Mystery"
22-10-2020,Cadaver,45.46,453.00,5.60,no,"Drama, Horror, Thriller"
16-07-2021,Out of Death,45.39,152.00,6.00,en,"Crime, Action, Thriller"
27-03-2009,"Sex, Party and Lies",45.39,115.00,4.50,es,"Comedy, Drama"
01-10-2021,Black as Night,45.37,70.00,5.50,en,"Horror, Thriller"
04-10-2018,PAW Patrol: Mighty Pups,45.36,500.00,7.60,en,"Adventure, Animation, Family, Action"
25-02-2005,Cursed,45.34,526.00,5.50,en,"Horror, Comedy"
26-05-2004,The Day After Tomorrow,45.33,6482.00,6.50,en,"Action, Adventure, Science Fiction, Thriller"
17-02-2016,The Osiris Child,45.31,371.00,5.40,en,Science Fiction
29-07-2021,The Green Knight,45.30,976.00,6.50,en,"Adventure, Drama, Fantasy"
03-09-2021,The Card Counter,45.26,425.00,6.40,en,"Drama, Crime, Thriller"
10-01-2019,A Dog's Way Home,45.25,850.00,7.30,en,"Drama, Adventure, Family"
30-03-2011,Source Code,45.21,6756.00,7.30,en,"Thriller, Science Fiction, Mystery"
17-06-2015,Minions,45.21,9143.00,6.40,en,"Family, Animation, Adventure, Comedy"
03-07-2019,My Extraordinary Summer With Tess,45.16,31.00,7.50,nl,Drama
25-04-2015,Parasyte: Part 2,45.16,121.00,7.00,ja,"Science Fiction, Horror"
12-04-2020,Mortal Kombat Legends: Scorpion's Revenge,45.15,1072.00,8.30,en,"Animation, Action, Fantasy"
28-09-2010,Superman/Batman: Apocalypse,45.11,505.00,7.10,en,"Science Fiction, Action, Adventure, Animation, Family"
20-10-2020,The Amityville Harvest,45.07,19.00,6.70,en,Horror
08-10-2020,The Mortuary Collection,45.04,271.00,6.90,en,"Fantasy, Horror"
20-11-2010,Paranormal Activity: Tokyo Night,45.02,332.00,6.10,ja,"Horror, Thriller"
06-08-2005,Naruto: Legend of the Stone of Gelel,45.01,257.00,6.60,ja,"Animation, Adventure, Fantasy"
02-02-2014,Justice League: War,44.97,809.00,7.60,en,"Animation, Action"
22-08-2014,Wrong Turn 6: Last Resort,44.97,603.00,5.30,en,Horror
25-11-2009,Ben 10 Alien Swarm,44.96,249.00,6.20,en,Adventure
09-01-2014,The Monkey King,44.92,160.00,5.70,zh,"Action, Adventure, Family"
13-11-1988,Scooby-Doo! and the Reluctant Werewolf,44.92,243.00,7.40,en,"Animation, Comedy, Family, Mystery, TV Movie"
16-02-2010,Halo Legends,44.89,102.00,7.40,en,"Animation, War, Drama"
25-12-2019,1917,44.87,9459.00,8.00,en,"War, Drama, Action, Thriller"
04-02-2020,Dragonheart: Vengeance,44.83,253.00,7.00,en,"Fantasy, Action, Adventure"
03-05-2019,Kakegurui: The Movie,44.71,53.00,7.70,ja,"Drama, Mystery, Thriller"
19-03-2016,Ice Age: The Great Egg-Scapade,44.67,381.00,6.40,en,"Adventure, Animation, Comedy, Family, TV Movie"
22-11-1975,"Salò, or the 120 Days of Sodom",44.66,1408.00,6.50,it,"War, Drama, Horror"
20-09-2018,Smallfoot,44.65,1223.00,6.80,en,"Family, Animation, Adventure, Fantasy"
26-02-2008,Barbie Mariposa,44.62,395.00,6.70,en,"Animation, Fantasy, Family"
23-12-2021,The Last Warrior: A Messenger of Darkness,44.61,23.00,7.30,ru,"Fantasy, Adventure"
07-06-2023,Transformers: Rise of the Beasts,44.60,0.00,0.00,en,"Action, Science Fiction, Adventure"
25-05-2022,Top Gun: Maverick,44.58,0.00,0.00,en,"Action, Drama"
12-09-1990,GoodFellas,44.57,9860.00,8.50,en,"Drama, Crime"
19-03-2009,Monsters vs Aliens,44.57,3754.00,6.20,en,"Animation, Family, Adventure, Science Fiction"
11-09-2012,6 Bullets,44.57,252.00,6.00,en,"Thriller, Action, Crime"
16-09-2009,The Rebound,44.55,724.00,6.50,en,"Romance, Comedy"
11-03-1984,Nausicaä of the Valley of the Wind,44.53,2600.00,7.90,ja,"Adventure, Animation, Fantasy"
21-12-2016,Passengers,44.53,11236.00,6.90,en,"Drama, Romance, Science Fiction"
13-01-2015,Blackhat,44.52,1656.00,5.40,en,"Crime, Thriller, Action"
23-09-2005,A History of Violence,44.52,2444.00,7.20,en,"Drama, Thriller, Crime"
24-05-2012,Chernobyl Diaries,44.51,1294.00,5.20,en,"Horror, Thriller"
19-12-1971,A Clockwork Orange,44.43,10473.00,8.20,en,"Science Fiction, Drama"
15-09-2009,Barbie and the Three Musketeers,44.43,525.00,7.20,en,"Animation, Family"
03-10-2018,A Star Is Born,44.42,10112.00,7.50,en,"Drama, Romance, Music"
03-05-2019,A Dog's Journey,44.41,1076.00,8.10,en,"Family, Adventure, Drama"
05-03-2018,Tomb Raider,44.37,6585.00,6.30,en,"Action, Adventure, Fantasy"
22-09-2016,Storks,44.36,1931.00,6.60,en,"Adventure, Animation, Comedy, Family"
29-11-2014,Parasyte: Part 1,44.34,176.00,7.10,ja,"Science Fiction, Horror"
23-06-2021,The House of Flowers: The Movie,44.34,90.00,8.20,es,Drama
28-10-2011,Puss in Boots,44.32,2509.00,6.40,en,"Animation, Adventure, Comedy, Family"
28-09-2007,The Game Plan,44.31,1603.00,6.40,en,"Comedy, Family"
07-02-2019,Cold Pursuit,44.26,1991.00,5.70,en,"Action, Crime, Thriller"
17-09-1992,Dragon Ball Z: Gather Together! Goku's World,44.24,70.00,7.20,ja,"Action, Animation, Adventure"
01-03-2012,The Lorax,44.23,2745.00,6.50,en,"Animation, Family"
19-07-1997,Neon Genesis Evangelion: The End of Evangelion,44.22,1025.00,8.40,ja,"Drama, Science Fiction, Animation, Action"
09-11-1990,Child's Play 2,44.21,1317.00,6.20,en,"Horror, Thriller"
19-03-2004,Eternal Sunshine of the Spotless Mind,44.19,12044.00,8.10,en,"Science Fiction, Drama, Romance"
01-10-2015,I Spit on Your Grave III: Vengeance is Mine,44.16,736.00,5.70,en,"Horror, Thriller"
23-09-2021,My Son,44.15,180.00,6.40,en,"Crime, Drama, Mystery"
06-02-2014,The Lego Movie,44.14,6476.00,7.40,en,"Adventure, Animation, Comedy, Family, Fantasy"
03-07-2020,Ghosts of War,44.14,279.00,6.10,en,"Horror, Thriller, War, Fantasy"
21-02-2020,Digimon Adventure: Last Evolution Kizuna,44.09,100.00,7.80,ja,"Animation, Action, Thriller, Adventure, Fantasy"
20-03-2014,Born to Race: Fast Track,44.08,75.00,6.60,en,Action
31-10-2008,Quantum of Solace,44.06,6441.00,6.30,en,"Adventure, Action, Thriller, Crime"
19-02-2009,The Lovely Bones,44.05,3724.00,7.00,en,"Fantasy, Drama"
26-08-2015,No Escape,44.05,2082.00,6.90,en,Thriller
25-12-2008,The Curious Case of Benjamin Button,44.04,10520.00,7.60,en,"Drama, Fantasy, Romance"
02-10-2020,12 Hour Shift,44.04,155.00,5.40,en,"Thriller, Horror, Comedy, Crime"
02-12-2014,Toy Story That Time Forgot,44.03,782.00,7.00,en,"Animation, Family, Adventure, Comedy"
14-07-2015,Justice League: Gods and Monsters,44.02,444.00,7.20,en,"Action, Animation, Fantasy"
16-09-2021,All About Sex,44.02,3.00,7.30,en,"Comedy, Drama, Romance"
01-02-2017,Rings,44.01,2207.00,5.00,en,Horror
28-12-2001,I Am Sam,44.01,1818.00,7.60,en,Drama
21-06-1988,Who Framed Roger Rabbit,44.01,4564.00,7.50,en,"Fantasy, Animation, Comedy, Crime, Family"
12-09-2013,Don Jon,44.00,3692.00,6.00,en,"Romance, Comedy, Drama"
07-02-2014,Mr. Peabody & Sherman,43.99,1972.00,6.70,en,"Animation, Adventure, Family"
19-06-2003,Hulk,43.98,4698.00,5.50,en,"Action, Science Fiction"
14-04-1999,Romance,43.88,165.00,5.30,fr,"Drama, Romance"
28-05-1982,Rocky III,43.85,3125.00,6.80,en,Drama
29-10-2020,Psycho Goreman,43.79,208.00,6.10,en,"Science Fiction, Comedy, Horror"
14-02-2017,Guardians,43.75,594.00,4.90,ru,"Action, Fantasy, Science Fiction"
08-01-1993,Leprechaun,43.72,546.00,5.60,en,"Comedy, Horror, Thriller"
11-10-2018,Goosebumps 2: Haunted Halloween,43.72,1153.00,6.10,en,"Adventure, Comedy, Fantasy, Family, Horror"
09-02-1976,Taxi Driver,43.70,9124.00,8.20,en,"Crime, Drama"
08-11-1973,Robin Hood,43.69,3596.00,7.30,en,"Animation, Family"
12-11-1998,Meet Joe Black,43.68,3801.00,7.20,en,"Fantasy, Drama, Romance"
23-02-2006,V for Vendetta,43.67,12002.00,7.90,en,"Action, Thriller, Fantasy"
08-05-2014,Neighbors,43.67,6051.00,6.20,en,Comedy
02-07-2003,Sinbad: Legend of the Seven Seas,43.66,1610.00,6.90,en,"Family, Animation, Adventure, Comedy, Fantasy, Action"
13-01-2012,Tangled Ever After,43.63,870.00,7.10,en,"Animation, Comedy, Action, Family"
02-08-2013,2 Guns,43.62,3390.00,6.50,en,"Action, Comedy, Crime"
16-04-2014,The Other Woman,43.61,3070.00,6.40,en,"Comedy, Romance"
22-12-2000,Cast Away,43.60,9245.00,7.70,en,"Adventure, Drama"
25-09-2012,Resident Evil: Damnation,43.57,620.00,6.90,en,"Animation, Horror, Action"
16-08-1965,Operation Y and Other Shurik's Adventures,43.55,192.00,8.00,ru,Comedy
01-01-2009,Sherlock Holmes,43.53,12026.00,7.20,en,"Action, Adventure, Crime, Mystery"
07-08-2013,Percy Jackson: Sea of Monsters,43.52,4391.00,6.00,en,"Adventure, Family, Fantasy"
27-12-2013,Hunter x Hunter: The Last Mission,43.49,122.00,7.20,ja,"Adventure, Animation, Action, Fantasy"
23-10-2008,Saw V,43.49,2666.00,6.20,en,"Horror, Thriller, Crime"
17-09-2002,The Pianist,43.48,7101.00,8.40,en,"Drama, War"
19-02-2021,BIA: An Upside Down World,43.48,114.00,7.80,es,"Comedy, Drama, Family"
20-03-2009,Sin Nombre,43.46,493.00,7.60,es,"Drama, Action, Thriller, Crime"
12-02-2020,Intersect,43.45,43.00,5.80,en,"Horror, Science Fiction, Thriller"
19-10-2011,Paranormal Activity 3,43.44,1775.00,5.90,en,"Horror, Mystery"
09-07-2016,Kingsglaive: Final Fantasy XV,43.41,538.00,6.80,ja,"Animation, Science Fiction, Action"
02-10-2018,Death Race: Beyond Anarchy,43.36,226.00,6.40,en,"Action, Thriller, Science Fiction"
28-12-2001,Black Hawk Down,43.36,4476.00,7.40,en,"Action, History, War"
16-10-2009,Saw VI,43.35,2427.00,6.30,en,"Horror, Mystery"
16-11-2012,Silver Linings Playbook,43.35,10365.00,7.10,en,"Drama, Comedy, Romance"
20-12-1946,It's a Wonderful Life,43.31,3236.00,8.30,en,"Drama, Family, Fantasy"
10-03-2005,Robots,43.31,3733.00,6.40,en,"Animation, Comedy, Family, Science Fiction"
11-09-1996,Kama Sutra: A Tale of Love,43.30,118.00,5.70,en,"Drama, History, Romance"
06-07-2011,Zookeeper,43.29,1341.00,5.40,en,"Comedy, Romance, Family"
01-03-2019,The Boy Who Harnessed the Wind,43.28,1216.00,7.90,en,"Drama, History, Family"
24-08-2018,Modest Heroes,43.27,117.00,6.60,ja,"Animation, Fantasy, Adventure, Drama"
13-11-2017,Wonder,43.27,6728.00,8.20,en,"Drama, Family"
05-12-1997,Good Will Hunting,43.25,9404.00,8.10,en,Drama
15-02-2007,Bridge to Terabithia,43.21,3772.00,7.30,en,"Adventure, Drama, Family"
22-10-2021,Dog Years,43.19,87.00,6.20,it,"Romance, Comedy"
18-02-2005,Son of the Mask,43.18,1428.00,4.20,en,"Fantasy, Comedy, Family, Adventure"
09-05-2018,Suicide Squad: Hell to Pay,43.13,445.00,7.20,en,"Science Fiction, Action, Animation"
18-07-2013,Underdogs,43.12,340.00,6.50,es,"Animation, Adventure, Romance"
29-06-2017,Overdrive,43.09,776.00,6.10,en,"Thriller, Action, Mystery"
03-09-2008,Barbie and the Diamond Castle,43.08,659.00,7.40,en,"Animation, Family"
26-01-2019,The Lego Movie 2: The Second Part,43.06,1636.00,6.70,en,"Action, Adventure, Animation, Comedy, Family"
29-03-2018,Nothing to Lose,43.06,72.00,5.40,pt,"Drama, History"
13-06-2003,A Tale of Two Sisters,43.04,828.00,7.10,ko,"Drama, Horror, Mystery"
04-08-2018,Flavors of Youth,43.03,452.00,6.80,zh,"Animation, Romance, Drama"
24-05-1989,Indiana Jones and the Last Crusade,42.99,7987.00,7.80,en,"Adventure, Action"
29-04-2020,Cranston Academy: Monster Zone,42.98,77.00,6.50,en,"Adventure, Science Fiction, Animation, Fantasy, Horror"
30-09-2011,Courageous,42.95,262.00,7.50,en,Drama
27-07-2006,The Host,42.92,2068.00,7.00,ko,"Horror, Drama, Science Fiction"
17-05-2006,The Da Vinci Code,42.90,7717.00,6.70,en,"Thriller, Mystery"
31-05-2013,The Garden of Words,42.88,1525.00,7.60,ja,"Animation, Drama, Romance"
19-02-2021,Boss Level,42.84,938.00,6.90,en,"Action, Science Fiction, Thriller"
04-12-2008,Ong Bak 2,42.83,494.00,6.40,th,"Adventure, Action, Thriller"
30-12-2003,Leprechaun: Back 2 tha Hood,42.81,120.00,5.20,en,"Horror, Comedy"
22-10-2004,The Grudge,42.80,2351.00,5.90,en,"Horror, Mystery, Thriller"
18-07-1986,Aliens,42.78,7527.00,7.90,en,"Action, Thriller, Science Fiction"
24-09-2021,The Boy Who Killed My Parents,42.77,145.00,6.40,pt,"Crime, Drama, Thriller"
11-07-2019,Crawl,42.75,2460.00,6.30,en,"Thriller, Horror, Action"
25-07-2001,Planet of the Apes,42.74,3218.00,5.70,en,"Thriller, Science Fiction, Action, Adventure"
09-05-2012,Dark Shadows,42.71,6107.00,6.00,en,"Comedy, Fantasy"
08-10-2021,Pleasure,42.70,77.00,6.20,en,Drama
13-08-2010,The Legend of Siren XXX,42.69,10.00,4.20,ja,Horror
10-07-2015,Self/less,42.68,2572.00,6.40,en,"Science Fiction, Mystery, Thriller"
02-09-2015,The Transporter Refueled,42.66,1243.00,5.50,en,"Action, Thriller, Crime"
28-02-2018,Red Sparrow,42.66,5087.00,6.50,en,"Mystery, Thriller"
01-05-1981,Friday the 13th Part 2,42.65,1199.00,6.10,en,"Horror, Thriller"
03-08-2017,The Dark Tower,42.64,4237.00,5.70,en,"Fantasy, Action, Science Fiction, Adventure"
15-06-2013,Goodbye World,42.61,114.00,5.30,en,"Drama, Comedy"
09-03-2016,Allegiant,42.60,5687.00,6.10,en,"Adventure, Science Fiction, Action, Mystery"
23-04-2011,The Good Doctor,42.60,185.00,6.20,en,"Drama, Thriller, Mystery"
27-03-1997,Turbo: A Power Rangers Movie,42.60,210.00,5.70,en,"Action, Adventure, Family, Fantasy, Science Fiction, Thriller"
26-07-2017,The Son of Bigfoot,42.60,374.00,6.60,en,"Family, Animation, Comedy"
04-03-2008,Never Back Down,42.58,1890.00,6.70,en,"Drama, Action"
26-10-2017,Jigsaw,42.53,2918.00,6.20,en,"Horror, Crime, Mystery, Thriller"
27-07-2011,50 Greatest Harry Potter Moments,42.53,49.00,8.00,en,Documentary
01-08-2004,Cashback,42.51,88.00,6.90,en,"Drama, Comedy"
30-07-2021,The Intruder,42.51,13.00,5.30,es,Thriller
24-07-2020,"Yes, God, Yes",42.47,353.00,6.40,en,"Comedy, Drama"
21-08-2014,If I Stay,42.46,3783.00,7.40,en,Drama
10-08-2011,War of the Arrows,42.46,189.00,7.20,ko,"Drama, Action, History, Thriller"
15-06-2006,Garfield: A Tail of Two Kitties,42.46,1717.00,5.50,en,"Comedy, Family, Adventure, Animation"
16-06-1989,Ghostbusters II,42.39,3381.00,6.50,en,"Comedy, Fantasy"
04-11-2005,Chicken Little,42.37,3206.00,5.90,en,"Animation, Family, Comedy"
02-07-1990,Die Hard 2,42.37,4560.00,6.90,en,"Action, Thriller"
19-07-2017,Dunkirk,42.36,13836.00,7.50,en,"War, Action, Drama"
12-06-1981,Raiders of the Lost Ark,42.35,9903.00,7.90,en,"Adventure, Action"
28-09-2016,Deepwater Horizon,42.34,3709.00,6.80,en,"Drama, Action"
02-09-2019,Steven Universe: The Movie,42.31,643.00,8.40,en,"Animation, Family, Fantasy, Music, TV Movie, Science Fiction"
14-07-1999,The Blair Witch Project,42.31,3647.00,6.30,en,"Horror, Mystery"
06-01-2006,Hostel,42.28,2848.00,5.90,en,Horror
16-10-2009,Where the Wild Things Are,42.27,1489.00,6.50,en,"Family, Fantasy, Science Fiction, Drama"
13-10-2016,Inferno,42.26,5420.00,6.00,en,"Mystery, Thriller, Drama, Action"
01-01-2014,Paranormal Activity: The Marked Ones,42.24,1161.00,5.40,en,"Horror, Thriller"
19-03-2004,Dawn of the Dead,42.23,3059.00,7.00,en,"Action, Horror"
24-05-2019,Promare,42.22,172.00,7.10,ja,"Animation, Action, Science Fiction"
20-12-2003,Naruto: The Lost Story - Mission: Protect the Waterfall Village!,42.17,57.00,6.80,ja,"Animation, Action, Adventure"
23-03-2017,The Boss Baby,42.14,6128.00,6.50,en,"Animation, Comedy, Family"
01-01-2020,Dolittle,42.11,2896.00,6.70,en,"Family, Fantasy, Adventure"
07-04-2017,The Case for Christ,42.11,205.00,6.80,en,Drama
17-06-2011,Mr. Popper's Penguins,42.10,2387.00,5.90,en,"Comedy, Family"
14-04-2011,3-D Sex and Zen: Extreme Ecstasy,42.08,62.00,4.70,cn,"Drama, Adventure, Romance"
22-08-2018,On Your Wedding Day,42.07,123.00,7.60,ko,Romance
06-09-2007,3:10 to Yuma,42.06,2772.00,7.20,en,Western
04-12-2020,Castle Freak,42.04,36.00,5.00,en,Horror
18-03-2015,Home,42.03,3312.00,6.80,en,"Fantasy, Comedy, Animation, Science Fiction, Family"
15-10-2015,Woodlawn,42.02,145.00,7.00,en,Drama
17-05-2005,Star Wars: Episode III - Revenge of the Sith,42.00,11189.00,7.40,en,"Science Fiction, Adventure, Action"
02-03-2007,Zodiac,41.95,8177.00,7.50,en,"Crime, Drama, Mystery, Thriller"
05-02-2014,Halo: Nightfall,41.93,105.00,7.00,en,Science Fiction
19-10-1990,Night of the Living Dead,41.91,651.00,6.80,en,Horror
12-03-2004,Three Steps Over Heaven,41.90,592.00,5.70,it,"Drama, Romance"
26-10-2001,Thir13en Ghosts,41.90,1579.00,6.20,en,"Horror, Thriller"
19-03-2010,Diary of a Wimpy Kid,41.88,1224.00,6.20,en,"Comedy, Family"
18-03-1989,Saint Seiya: Warriors of the Final Holy Battle,41.87,148.00,7.30,ja,"Action, Animation, Fantasy"
19-03-2011,One Piece 3D: Straw Hat Chase,41.87,103.00,6.70,ja,Animation
13-04-2018,Overboard,41.86,1129.00,6.60,en,"Romance, Comedy"
26-12-2008,Beethoven's Big Break,41.86,117.00,5.20,en,"Comedy, Family"
05-05-2004,Van Helsing,41.80,4734.00,6.30,en,"Horror, Adventure, Action"
18-02-2011,I Am Number Four,41.80,3958.00,6.20,en,"Action, Thriller, Science Fiction, Adventure"
20-12-2006,Rocky Balboa,41.75,2687.00,6.80,en,"Drama, Action"
03-08-2001,The Princess Diaries,41.74,4058.00,6.90,en,"Comedy, Family, Romance"
17-06-2006,Death Note,41.73,500.00,6.90,ja,"Fantasy, Mystery, Thriller"
03-09-2009,Tinker Bell and the Lost Treasure,41.71,772.00,6.70,en,"Animation, Family, Adventure, Fantasy"
15-11-1996,Space Jam,41.68,4985.00,6.90,en,"Family, Animation, Comedy, Science Fiction"
28-07-2016,League of Gods,41.66,94.00,5.50,zh,"Action, Fantasy"
02-04-2021,Homunculus,41.61,64.00,5.90,ja,"Drama, Thriller"
19-02-2020,Beasts Clawing at Straws,41.61,131.00,7.20,ko,"Mystery, Thriller, Crime, Comedy, Drama"
04-03-2009,Watchmen,41.57,7446.00,7.30,en,"Action, Mystery, Science Fiction"
06-08-2014,Into the Storm,41.56,1698.00,6.00,en,"Action, Thriller"
23-03-2017,Smurfs: The Lost Village,41.56,1176.00,6.30,en,"Family, Adventure, Animation, Comedy"
19-09-2008,My Best Friend's Girl,41.53,589.00,5.70,en,"Romance, Comedy"
16-12-1998,The Prince of Egypt,41.53,3106.00,7.20,en,"Adventure, Animation, Drama, Family"
07-06-1985,The Goonies,41.51,4604.00,7.50,en,"Adventure, Comedy, Family"
08-04-2010,Date Night,41.48,2352.00,6.10,en,"Comedy, Action, Adventure"
02-05-1997,The Fifth Element,41.47,8809.00,7.50,en,"Adventure, Fantasy, Action, Thriller, Science Fiction"
01-02-2018,Braven,41.42,800.00,6.20,en,"Drama, Action, Thriller"
28-07-2015,Vacation,41.35,3045.00,6.30,en,Comedy
25-06-2021,Lucas,41.34,17.00,5.90,es,Drama
13-08-1993,Jason Goes to Hell: The Final Friday,41.34,690.00,4.50,en,Horror
24-09-2021,The Girl Who Killed Her Parents,41.32,171.00,6.50,pt,"Crime, Drama, Thriller"
01-07-1998,Armageddon,41.32,6449.00,6.80,en,"Action, Thriller, Science Fiction, Adventure"
21-12-2016,The Autopsy of Jane Doe,41.31,3239.00,6.70,en,"Horror, Mystery"
06-04-2016,The Huntsman: Winter's War,41.31,4151.00,6.30,en,"Action, Adventure, Drama"
28-09-2017,The Foreigner,41.30,1904.00,6.80,en,"Action, Thriller"
16-09-2011,The Hidden Face,41.29,773.00,7.30,es,"Thriller, Mystery"
29-03-1994,The Tit and the Moon,41.27,53.00,6.30,es,"Drama, Comedy"
15-03-2015,Beyond the Boundary: I'll Be Here – Past,41.26,44.00,6.90,ja,"Animation, Fantasy, Action, Drama, Comedy"
13-10-2021,The Wolf and the Lion,41.25,74.00,7.20,en,"Adventure, Family"
06-11-2005,Zathura: A Space Adventure,41.23,2610.00,6.40,en,"Family, Fantasy, Science Fiction, Adventure, Comedy"
11-11-2021,Flashback,41.22,61.00,6.00,fr,Comedy
30-10-2005,American Pie Presents: Band Camp,41.22,1716.00,5.50,en,Comedy
12-09-2014,The Drop,41.18,1763.00,6.70,en,"Drama, Crime"
13-07-2017,Shot Caller,41.16,1631.00,6.90,en,"Crime, Drama, Thriller"
14-09-2012,Emperor,41.14,192.00,6.10,en,"Drama, History, War"
17-11-2020,Playhouse,41.11,21.00,5.50,en,"Horror, Thriller"
07-06-2005,Mr. & Mrs. Smith,41.11,8430.00,6.70,en,"Action, Comedy, Drama, Thriller"
18-06-1999,"Sex, Shame & Tears",41.09,80.00,6.70,es,"Comedy, Drama, Romance"
22-01-2005,Lilo & Stitch 2: Stitch Has a Glitch,41.09,1128.00,6.60,en,"Animation, Family, Comedy, Science Fiction"
17-08-2018,Alpha,41.07,2113.00,6.40,en,"Adventure, Drama"
15-03-2012,Get the Gringo,41.06,1282.00,6.50,en,"Action, Thriller, Crime, Drama"
05-09-1991,Freddy's Dead: The Final Nightmare,41.05,958.00,5.30,en,"Horror, Thriller"
03-04-2013,Adore,41.05,799.00,6.10,en,Drama
16-11-2018,Green Book,41.04,8792.00,8.20,en,"Drama, Comedy"
03-07-2002,Men in Black II,41.01,8237.00,6.30,en,"Action, Adventure, Comedy, Science Fiction"
27-08-1964,Mary Poppins,40.99,3894.00,7.60,en,"Comedy, Family, Fantasy"
03-04-2020,Young Mother 5,40.98,3.00,6.00,ko,"Drama, Romance"
04-05-2021,Maggie Simpson in The Force Awakens from Its Nap,40.98,123.00,7.00,en,"Family, Animation, Comedy, Science Fiction"
10-10-2003,Kill Bill: Vol. 1,40.95,14358.00,8.00,en,"Action, Crime"
14-10-2017,Fate/stay night: Heaven's Feel I. Presage Flower,40.95,143.00,7.50,ja,"Action, Animation, Drama, Fantasy, Romance"
04-06-2021,Xtreme,40.94,189.00,6.60,es,"Action, Adventure, Crime"
27-01-2020,His House,40.93,749.00,6.50,en,"Drama, Horror, Thriller"
13-02-2019,Innocent Witness,40.92,44.00,7.80,ko,Drama
27-03-2013,G.I. Joe: Retaliation,40.91,4798.00,5.60,en,"Science Fiction, Adventure, Action, Thriller"
27-08-2018,Open 24 Hours,40.88,82.00,5.40,en,"Horror, Thriller"
04-08-1998,Pocahontas II: Journey to a New World,40.85,1132.00,5.50,en,"Family, Adventure, Animation, Romance"
01-08-2017,S.W.A.T.: Under Siege,40.85,258.00,5.80,en,"Action, Crime, Thriller"
07-07-1978,Grease,40.84,5986.00,7.40,en,"Romance, Comedy"
06-03-2013,It Boy,40.84,987.00,6.30,fr,Comedy
19-10-1979,Jesus,40.80,149.00,8.40,en,"Drama, History"
03-12-2016,Kuroko no Basket Movie 3: Winter Cup Soushuuhen - Tobira no Mukou,40.78,3.00,7.20,ja,Animation
30-03-1999,10 Things I Hate About You,40.78,6326.00,7.60,en,"Comedy, Romance, Drama"
26-11-2008,Transporter 3,40.75,2688.00,6.10,en,"Action, Adventure, Thriller, Crime"
02-06-2021,Carnaval,40.74,53.00,5.20,pt,Comedy
19-07-2002,Stuart Little 2,40.73,1969.00,5.70,en,"Family, Adventure, Animation, Comedy"
18-10-2002,The Ring,40.72,4954.00,6.60,en,"Horror, Mystery"
17-01-2012,The Scorpion King 3: Battle for Redemption,40.70,261.00,4.50,en,"Action, Adventure, Fantasy, Drama"
27-10-2017,Olaf's Frozen Adventure,40.70,1254.00,6.40,en,"Animation, Family, Adventure, Comedy, Fantasy"
24-07-2001,Jason X,40.70,987.00,4.80,en,"Horror, Science Fiction"
26-05-2021,Ghost Lab,40.68,90.00,6.50,th,"Drama, Horror, Science Fiction, Thriller"
31-01-2013,Warm Bodies,40.67,5328.00,6.40,en,"Horror, Comedy, Romance"
16-12-2021,A Naija Christmas,40.66,33.00,7.20,en,"Comedy, Romance"
25-10-2019,Better Days,40.66,222.00,8.40,zh,Drama
18-07-1992,Porco Rosso,40.62,2402.00,7.80,ja,"Family, Comedy, Animation, Adventure"
08-03-2003,Doraemon: Nobita and the Windmasters,40.62,38.00,7.20,ja,"Animation, Fantasy"
28-06-2006,Superman Returns,40.61,3384.00,5.70,en,"Science Fiction, Action, Adventure"
22-12-2016,Why Him?,40.60,3498.00,6.30,en,Comedy
08-11-2002,8 Mile,40.56,5762.00,7.10,en,"Music, Drama"
15-03-2014,Sekaiichi Hatsukoi Movie,40.54,18.00,6.30,ja,"Animation, Romance, Drama"
11-12-1997,Tomorrow Never Dies,40.52,2390.00,6.30,en,"Adventure, Action, Thriller"
16-10-2013,Carrie,40.50,3784.00,6.00,en,"Drama, Horror"
03-03-2018,Bungo Stray Dogs: Dead Apple,40.49,89.00,8.20,en,"Drama, Horror"
16-10-2020,Love and Monsters,40.47,2941.00,7.40,en,"Comedy, Action, Adventure, Fantasy"
01-08-2009,Summer Wars,40.45,694.00,7.50,ja,Animation
25-06-1982,Blade Runner,40.44,11229.00,7.90,en,"Science Fiction, Drama, Thriller"
21-04-1989,Pet Sematary,40.42,1634.00,6.60,en,Horror
02-04-1968,2001: A Space Odyssey,40.40,9151.00,8.10,en,"Science Fiction, Mystery, Adventure"
06-05-2015,Spy,40.40,5192.00,6.80,en,"Action, Comedy, Crime"
17-07-2013,Kick-Ass 2,40.39,5178.00,6.40,en,"Action, Adventure, Crime"
01-03-2011,Barbie: A Fairy Secret,40.39,375.00,6.70,en,"Animation, Family, Fantasy"
09-06-1994,Speed,40.38,4793.00,7.10,en,"Action, Adventure, Crime"
02-10-2020,Death of Me,40.38,175.00,5.00,en,"Horror, Mystery"
09-07-2021,Last Summer,40.38,35.00,5.80,tr,"Romance, Drama"
22-05-1996,Mission: Impossible,40.35,6886.00,6.90,en,"Adventure, Action, Thriller"
01-01-2005,Aloha Scooby-Doo!,40.34,330.00,7.10,en,"Mystery, Family, Animation, Adventure, Comedy"
01-07-1998,American History X,40.34,9399.00,8.40,en,Drama
18-11-1995,Ghost in the Shell,40.34,2470.00,7.90,ja,"Action, Animation, Science Fiction"
08-01-2010,Leap Year,40.32,1668.00,6.90,en,"Romance, Comedy"
14-08-2014,"As Above, So Below",40.32,2612.00,6.70,en,"Horror, Thriller"
15-07-1988,Die Hard,40.27,8950.00,7.70,en,"Action, Thriller"
21-04-2006,Silent Hill,40.26,3317.00,6.50,en,"Horror, Mystery"
04-12-2015,One Punch Man: Road to Hero,40.24,110.00,8.10,ja,"Action, Animation"
07-12-2001,Not Another Teen Movie,40.23,1563.00,5.70,en,Comedy
14-12-1984,Dune,40.19,2124.00,6.20,en,"Action, Science Fiction, Adventure"
17-09-2007,Barbie as the Island Princess,40.14,559.00,7.20,en,"Animation, Family"
04-04-2014,Bermuda Tentacles,40.10,57.00,4.00,en,Science Fiction
05-08-2003,Freaky Friday,40.10,3009.00,6.40,en,"Comedy, Family, Romance, Fantasy"
29-03-2021,Barb & Star Go to Vista Del Mar,40.09,131.00,5.80,en,Comedy
07-11-2021,Father Christmas Is Back,40.09,91.00,4.80,en,"Comedy, Family"
14-07-1995,The Indian in the Cupboard,40.08,473.00,6.40,en,"Adventure, Family, Fantasy"
13-10-2021,The Worst Person in the World,40.06,233.00,7.70,no,"Comedy, Drama, Romance"
24-09-2009,Killer Bean Forever,40.03,106.00,7.10,en,"Action, Animation, Crime, Thriller"
05-10-2017,Desire,40.02,109.00,5.80,es,"Romance, Drama"
19-11-2015,Sexo salvaje,40.01,8.00,6.60,es,"Romance, Drama"
18-07-1987,Saint Seiya: Evil Goddess Eris,40.01,153.00,7.10,ja,"Action, Animation, Fantasy"
04-07-2013,Man of Tai Chi,40.00,688.00,6.00,en,"Action, Drama"
12-11-2013,Homefront,39.99,2783.00,7.00,en,"Action, Thriller"
12-11-1997,Alien Resurrection,39.99,3742.00,6.10,en,"Science Fiction, Horror, Action"
16-01-2015,The Wedding Ringer,39.98,1331.00,6.50,en,"Science Fiction, Horror, Action"
22-01-2004,The Butterfly Effect,39.97,5944.00,7.50,en,"Science Fiction, Thriller"
27-03-2014,The Raid 2,39.96,1815.00,7.60,id,"Action, Crime, Thriller"
12-06-2013,This Is the End,39.95,5295.00,6.20,en,"Action, Comedy"
12-08-2010,Scott Pilgrim vs. the World,39.93,6215.00,7.40,en,"Action, Comedy, Fantasy, Romance"
04-11-2009,A Christmas Carol,39.92,3732.00,6.90,en,"Animation, Family, Drama, Fantasy"
09-08-2011,The Help,39.91,6085.00,8.20,en,Drama
11-11-2011,Jack and Jill,39.89,1713.00,4.30,en,Comedy
03-09-2021,Happier Than Ever: A Love Letter to Los Angeles,39.89,83.00,8.00,en,Music
09-10-2014,St. Vincent,39.88,1541.00,7.10,en,Comedy
16-06-2012,Blue Lagoon: The Awakening,39.86,1171.00,6.50,en,"Drama, Adventure, Romance, TV Movie"
25-04-1985,The Return of the Living Dead,39.84,1283.00,7.20,en,"Comedy, Horror"
02-10-2010,Life As We Know It,39.84,2678.00,6.90,en,"Comedy, Romance, Drama"
01-01-2019,No Mercy,39.82,85.00,7.10,ko,"Action, Crime, Thriller, Mystery"
25-09-2008,Eagle Eye,39.81,2316.00,6.40,en,"Mystery, Thriller, Action"
25-12-2018,Checkered Ninja,39.80,149.00,7.30,da,"Animation, Comedy, Adventure, Fantasy, Family"
06-12-2016,Collateral Beauty,39.77,4808.00,7.30,en,"Drama, Romance"
15-01-2010,The Spy Next Door,39.77,1029.00,5.80,en,"Action, Comedy, Family"
02-06-2001,Atlantis: The Lost Empire,39.76,3834.00,6.90,en,"Animation, Family, Adventure, Science Fiction"
21-10-1988,The Bear,39.74,345.00,6.90,en,"Adventure, Drama, Family"
12-10-2007,Elite Squad,39.74,1728.00,8.10,pt,"Drama, Action, Crime"
20-11-1998,The Rugrats Movie,39.73,457.00,6.20,en,"Family, Animation, Comedy, Adventure"
26-01-2006,Blood Diamond,39.73,6111.00,7.50,en,"Drama, Thriller, Action"
14-02-2008,The Spiderwick Chronicles,39.71,2127.00,6.60,en,"Family, Adventure, Fantasy, Drama"
11-04-2012,Battleship,39.70,4558.00,5.80,en,"Thriller, Action, Adventure, Science Fiction"
27-01-2015,Justice League: Throne of Atlantis,39.70,704.00,7.10,en,"Science Fiction, Action, Animation, Adventure"
03-08-2005,Transporter 2,39.70,2819.00,6.30,en,"Action, Thriller, Crime"
20-10-2016,Ouija: Origin of Evil,39.69,2016.00,6.10,en,"Horror, Thriller"
14-04-2005,The Amityville Horror,39.68,1741.00,6.10,en,Horror
26-02-1988,Bloodsport,39.67,1327.00,7.00,en,"Action, Drama"
24-05-2000,Mission: Impossible II,39.66,5179.00,6.10,en,"Adventure, Action, Thriller"
01-08-1986,Friday the 13th Part VI: Jason Lives,39.64,832.00,6.20,en,"Horror, Mystery, Thriller"
10-02-2004,Kung Fu Hustle,39.62,2061.00,7.40,cn,"Action, Comedy, Crime, Fantasy"
29-09-2021,Friendzone,39.62,174.00,6.20,fr,"Romance, Comedy"
08-08-2019,Scary Stories to Tell in the Dark,39.61,2078.00,6.50,en,"Horror, Thriller"
27-07-2016,Jason Bourne,39.61,4836.00,6.30,en,"Action, Thriller"
18-03-2022,Deep Water,39.59,0.00,0.00,en,"Drama, Romance, Thriller"
21-10-2011,La leyenda de la Llorona,39.59,174.00,7.70,es,"Family, Animation"
02-08-2018,The Little Mermaid,39.58,758.00,5.00,en,"Family, Adventure, Fantasy, Romance, Drama"
28-03-2013,We Are the Nobles,39.57,384.00,7.90,es,Comedy
07-11-2008,Role Models,39.55,1453.00,6.50,en,Comedy
24-02-2011,Drive Angry,39.54,1474.00,5.50,en,"Fantasy, Thriller, Action, Crime"
26-03-2010,Nanny McPhee and the Big Bang,39.53,1494.00,6.30,en,"Comedy, Fantasy, Family"
24-10-2019,Bayala: A Magical Adventure,39.52,16.00,5.80,de,"Adventure, Animation, Family, Fantasy"
08-10-2014,The Judge,39.51,3370.00,7.30,en,Drama
23-06-2017,Animal Crackers,39.50,141.00,6.30,en,"Comedy, Animation, Adventure"
14-05-2021,Ferry,39.49,149.00,6.80,nl,"Action, Crime, Drama"
07-01-2022,The Legend of La Llorona,39.47,14.00,5.90,en,"Horror, Thriller"
28-03-2014,Sabotage,39.46,1143.00,5.60,en,"Action, Drama, Thriller, Crime"
15-06-2017,Rough Night,39.45,1728.00,5.70,en,"Drama, Comedy"
05-07-1980,The Blue Lagoon,39.44,1420.00,6.20,en,"Romance, Adventure"
16-08-2018,Mile 22,39.44,1782.00,6.20,en,"Action, Thriller"
19-08-2021,Reminiscence,39.42,1090.00,6.90,en,"Science Fiction, Mystery"
07-08-2010,Titanic II,39.40,295.00,4.90,en,"Action, Adventure, Thriller"
28-01-2022,The Grandmother,39.39,12.00,6.90,es,Horror
04-02-2015,It Follows,39.39,5112.00,6.60,en,"Horror, Mystery"
27-06-2013,Independence Daysaster,39.38,63.00,4.50,en,"Action, Science Fiction"
22-08-2008,Death Race,39.38,3006.00,6.20,en,"Action, Thriller, Science Fiction"
01-05-2009,Ghosts of Girlfriends Past,39.33,1927.00,5.90,en,"Fantasy, Comedy, Romance"
09-09-2005,The Exorcism of Emily Rose,39.33,2205.00,6.50,en,"Crime, Drama, Horror, Thriller"
19-08-2016,Kizumonogatari Part 2: Nekketsu,39.32,130.00,8.10,ja,"Animation, Fantasy, Mystery"
05-03-2013,The Marine 3: Homefront,39.32,147.00,6.30,en,Action
14-07-2021,The Guide to the Perfect Family,39.25,81.00,6.50,fr,"Comedy, Drama"
12-11-2021,14 Peaks: Nothing Is Impossible,39.25,152.00,7.50,en,Documentary
26-06-2009,Evangelion: 2.0 You Can (Not) Advance,39.25,581.00,7.90,ja,"Animation, Science Fiction, Action, Drama"
07-12-2001,Ocean's Eleven,39.23,9543.00,7.40,en,"Thriller, Crime"
04-07-1995,Leprechaun 3,39.21,211.00,5.90,en,"Comedy, Fantasy, Horror"
24-10-1978,Halloween,39.21,4104.00,7.60,en,"Horror, Thriller"
03-10-2014,Left Behind,39.20,1073.00,4.20,en,"Thriller, Action, Science Fiction"
06-10-2009,Splice,39.19,1722.00,5.80,en,"Horror, Thriller, Science Fiction"
22-03-2016,Batman: Bad Blood,39.18,618.00,7.20,en,"Science Fiction, Action, Animation"
12-05-2021,Oxygen,39.17,956.00,6.60,fr,"Science Fiction, Thriller, Horror"
23-07-1988,Saint Seiya: Legend of Crimson Youth,39.16,134.00,7.50,ja,"Action, Animation, Fantasy"
02-09-2021,Afterlife of the Party,39.16,331.00,6.90,en,"Fantasy, Comedy, Drama"
16-07-2010,The Secret World of Arrietty,39.15,2138.00,7.60,ja,"Fantasy, Animation, Family"
04-09-2013,About Time,39.13,6761.00,7.90,en,"Drama, Romance, Fantasy"
28-02-2013,Stoker,39.13,1827.00,6.60,en,"Drama, Horror, Thriller"
27-01-2015,The Witch,39.07,5316.00,6.90,en,"Drama, Fantasy, Horror, Mystery"
07-11-2014,Skin Trade,39.05,183.00,6.00,en,"Thriller, Action, Drama"
16-04-2004,Kill Bill: Vol. 2,39.02,11494.00,7.90,en,"Action, Crime, Thriller"
01-09-2020,The Boss Baby: Get That Baby!,39.02,40.00,6.90,en,"Comedy, Family, Animation"
30-03-1988,Beetlejuice,39.00,5302.00,7.40,en,"Fantasy, Comedy"
12-01-1990,Leatherface: The Texas Chainsaw Massacre III,38.99,355.00,5.30,en,Horror
03-10-2017,The Outlaws,38.96,168.00,7.80,ko,"Crime, Action"
19-03-1991,The Last Boy Scout,38.96,1403.00,6.80,en,"Action, Thriller"
09-09-2005,Green Street Hooligans,38.95,1866.00,7.20,en,"Crime, Drama"
20-06-2007,Live Free or Die Hard,38.91,4732.00,6.60,en,"Action, Thriller"
14-02-2018,I Can Only Imagine,38.89,358.00,7.50,en,"Music, Drama"
17-07-2015,Trainwreck,38.89,2257.00,5.80,en,"Comedy, Romance"
29-09-2009,Superman/Batman: Public Enemies,38.86,476.00,7.00,en,"Science Fiction, Animation, Action, Adventure, Family"
01-11-2019,The Irishman,38.84,5246.00,7.60,en,"Crime, Drama, History"
13-03-2007,Barbie Fairytopia: Magic of the Rainbow,38.84,343.00,6.80,en,"Animation, Family, Fantasy, Romance"
21-11-2007,Hitman,38.83,2621.00,6.10,en,"Action, Thriller, Drama"
07-10-2020,Sky Sharks,38.82,54.00,5.20,en,"Horror, Science Fiction, Comedy"
13-05-2021,Finding You,38.81,45.00,6.50,en,"Romance, Drama"
20-07-2013,The Wind Rises,38.79,2179.00,7.80,ja,"Family, Drama, Animation, War, History, Romance"
13-09-2012,Barbie: The Princess & The Popstar,38.79,469.00,7.10,en,"Family, Animation"
16-10-2008,Sex Drive,38.74,1011.00,6.30,en,"Comedy, Adventure, Romance"
31-07-1991,Double Impact,38.74,763.00,6.00,en,"Thriller, Action, Crime, Drama"
02-06-1989,Dead Poets Society,38.74,8927.00,8.30,en,Drama
07-07-2016,Star Trek Beyond,38.74,5645.00,6.80,en,"Action, Adventure, Science Fiction"
09-04-2021,Sugar Daddy,38.73,22.00,6.20,en,Drama
27-06-2003,Charlie's Angels: Full Throttle,38.72,2508.00,5.40,en,"Action, Adventure, Comedy"
26-01-2006,Bambi II,38.71,784.00,6.50,en,"Animation, Drama, Family"
03-08-2012,ParaNorman,38.65,2035.00,6.90,en,"Family, Animation, Adventure, Comedy"
12-12-2000,Batman Beyond: Return of the Joker,38.65,693.00,7.40,en,"Animation, Family, Action, Science Fiction"
01-01-2020,Invasion,38.64,616.00,6.90,ru,"Science Fiction, Drama, Romance, Action"
19-11-2021,A House on the Bayou,38.63,24.00,5.80,en,"Horror, Thriller"
10-07-2008,Journey to the Center of the Earth,38.63,3964.00,6.00,en,"Action, Science Fiction, Adventure, Comedy, Family"
13-04-1984,Friday the 13th: The Final Chapter,38.61,940.00,6.10,en,Horror
03-03-2008,Horton Hears a Who!,38.57,2670.00,6.50,en,"Animation, Comedy, Family, Adventure, Fantasy"
28-06-2005,War of the Worlds,38.55,6742.00,6.50,en,"Adventure, Thriller, Science Fiction"
06-03-2017,How to Be a Latin Lover,38.54,520.00,6.90,en,Comedy
20-05-1994,The Return of Jafar,38.52,2381.00,6.10,en,"Family, Adventure, Animation, Romance"
19-05-1995,Die Hard: With a Vengeance,38.52,4898.00,7.20,en,"Action, Thriller"
21-07-2019,Lego DC Batman: Family Matters,38.52,98.00,7.00,en,"Animation, Family, Action, Comedy"
07-10-1962,Dr. No,38.50,2717.00,7.00,en,"Adventure, Action, Thriller"
08-01-2020,Underwater,38.49,2358.00,6.30,en,"Action, Horror, Science Fiction, Thriller"
03-06-2010,High School,38.45,111.00,5.80,en,Comedy
04-02-2010,From Paris with Love,38.44,1587.00,6.20,en,"Action, Crime, Thriller"
05-03-2015,Superfast!,38.42,286.00,5.00,en,"Comedy, Action"
29-09-2017,The Ash Lad: In the Hall of the Mountain King,38.42,218.00,6.60,no,"Adventure, Fantasy"
30-04-2010,A Nightmare on Elm Street,38.40,2187.00,5.50,en,"Horror, Mystery, Thriller"
19-05-2017,Time Trap,38.39,762.00,6.10,en,"Science Fiction, Adventure"
05-10-2016,The Girl on the Train,38.36,4942.00,6.40,en,"Crime, Drama, Mystery, Thriller"
25-10-2018,Euphoria,38.36,179.00,6.50,it,Drama
06-10-2021,Fever Dream,38.34,83.00,6.00,es,"Thriller, Drama, Mystery, Horror"
28-07-1989,Friday the 13th Part VIII: Jason Takes Manhattan,38.33,734.00,5.00,en,"Horror, Thriller"
14-09-2013,"Love, Chunibyo & Other Delusions! Rikka Version",38.31,59.00,7.00,ja,"Comedy, Animation, Drama, Romance"
09-08-2013,Planes,38.30,1335.00,5.90,en,"Animation, Family, Adventure, Comedy"
12-03-2021,Yes Day,38.29,798.00,6.90,en,"Comedy, Family"
30-10-2020,Spell,38.26,260.00,6.40,en,"Thriller, Horror"
27-08-2020,The Owners,38.26,231.00,5.80,en,"Thriller, Horror"
17-06-2017,The Irregular at Magic High School: The Girl Who Summons the Stars,38.26,36.00,6.00,ja,"Science Fiction, Action, Animation, Fantasy"
05-09-2014,Big Game,38.26,943.00,5.50,en,"Action, Adventure, Thriller"
28-02-2014,Son of God,38.25,227.00,6.80,en,Drama
08-12-2004,Blade: Trinity,38.25,3101.00,5.90,en,"Action, Horror, Fantasy"
16-06-2006,Nacho Libre,38.23,1217.00,6.30,en,"Comedy, Family"
12-02-2016,The Last King,38.22,190.00,5.70,no,"Action, Adventure, Drama, History"
03-11-2018,Godzilla: The Planet Eater,38.22,219.00,6.50,ja,"Animation, Science Fiction, Action, Adventure, Fantasy"
10-03-2022,The Contractor,38.13,2.00,5.00,en,"Action, Thriller"
15-05-2013,Epic,38.13,2274.00,6.50,en,"Animation, Adventure, Family, Fantasy"
02-12-2021,Toys of Terror,38.13,4.00,6.30,en,Horror
30-06-2013,Assault on Wall Street,38.11,382.00,5.90,en,"Drama, Thriller, Action"
19-06-2019,Child's Play,38.10,1507.00,6.00,en,Horror
31-10-2012,A Werewolf Boy,38.07,199.00,7.70,ko,"Romance, Fantasy"
29-06-2007,The Secret of the Magic Gourd,38.07,86.00,7.30,zh,"Drama, Family, Fantasy"
31-10-2020,LEGO Hidden Side: Night of the Harbinger,38.07,3.00,5.20,en,Animation
07-04-2016,Phantom of the Kill: Zero's Rebellion,38.02,4.00,6.80,ja,"Action, Adventure, Animation, Fantasy, Mystery"
11-06-2008,The Happening,38.01,2725.00,5.30,en,"Thriller, Science Fiction"
06-11-2020,461 Days of Bento: A Promise Between Father and Son,38.00,2.00,5.00,ja,"Drama, Family"
20-05-1996,Aladdin and the King of Thieves,37.97,1550.00,6.30,en,"Adventure, Animation, Family"
28-01-2019,Sweetheart,37.97,236.00,6.50,en,"Horror, Thriller"
22-09-1995,The Return of the Texas Chainsaw Massacre,37.96,399.00,4.20,en,Horror
27-08-2016,Don't Kill It,37.94,160.00,6.20,en,"Fantasy, Horror"
14-03-2001,Enemy at the Gates,37.94,2763.00,7.40,en,"Drama, War, History"
15-10-2010,Scooby-Doo! Curse of the Lake Monster,37.94,396.00,6.20,en,"Mystery, Fantasy, Comedy, Adventure"
10-03-2012,Iron Sky,37.94,1274.00,5.70,en,"Action, Comedy, Science Fiction"
01-11-1985,A Nightmare on Elm Street Part 2: Freddy's Revenge,37.91,1351.00,5.80,en,Horror
05-06-2008,You Don't Mess with the Zohan,37.91,2997.00,5.70,en,"Comedy, Action"
30-07-2021,The Most Beautiful Boy in the World,37.90,17.00,7.40,en,Documentary
12-08-2004,AVP: Alien vs. Predator,37.87,3415.00,5.90,en,"Adventure, Science Fiction, Action, Horror"
22-01-2021,The Sadness,37.87,17.00,6.40,zh,"Thriller, Horror"
14-06-2010,Unthinkable,37.86,918.00,6.70,en,"Drama, Thriller"
10-05-2013,The Great Gatsby,37.85,10285.00,7.40,en,"Drama, Romance"
26-01-2006,Big Momma's House 2,37.82,1281.00,5.70,en,"Comedy, Crime"
21-08-2020,The Unfamiliar,37.81,66.00,6.00,en,"Thriller, Horror"
24-11-2011,Ice Age: A Mammoth Christmas,37.81,508.00,6.40,en,"Animation, Family, TV Movie"
03-03-2007,5 Centimeters per Second,37.81,1449.00,7.30,ja,"Animation, Drama, Romance"
20-04-2018,Inuyashiki,37.80,108.00,7.70,ja,"Action, Adventure, Science Fiction, Fantasy"
02-03-2018,Death Wish,37.79,2104.00,6.10,en,"Action, Crime, Drama, Thriller"
24-10-2009,I Give My First Love to You,37.79,80.00,7.40,ja,"Drama, Comedy, Romance"
12-11-2016,In This Corner of the World,37.79,432.00,8.10,ja,"Drama, Animation, Romance, War, History"
24-03-2017,Daytime Shooting Star,37.79,52.00,7.80,ja,Romance
21-01-1981,The Howling,37.78,530.00,6.50,en,Horror
05-12-2003,The Last Samurai,37.76,5462.00,7.50,en,"Drama, Action, War, History"
24-01-2008,Meet the Spartans,37.75,1291.00,4.00,en,Comedy
13-02-1991,Paprika,37.71,267.00,7.00,it,Drama
18-10-2019,The Lighthouse,37.68,3225.00,7.50,en,"Drama, Fantasy, Thriller, Horror"
26-08-2004,Anacondas: The Hunt for the Blood Orchid,37.68,713.00,5.40,en,"Adventure, Action, Horror, Thriller"
24-04-2008,Outlander,37.66,961.00,6.40,en,"Fantasy, Action, Science Fiction"
14-11-2019,Charlie's Angels,37.66,2381.00,6.60,en,"Action, Adventure, Comedy, Science Fiction"
06-10-2016,Mine,37.64,1075.00,6.60,en,Thriller
11-01-1982,"Love, Strange Love",37.62,35.00,5.80,pt,Drama
22-10-2020,The Empty Man,37.61,380.00,6.10,en,"Horror, Mystery, Thriller"
27-03-2019,Dumbo,37.60,3709.00,6.70,en,"Family, Fantasy, Adventure"
10-10-1963,From Russia with Love,37.60,2220.00,7.10,en,"Action, Thriller, Adventure"
16-11-1990,Rocky V,37.60,2424.00,5.70,en,Drama
05-12-2021,The Tragedy of Macbeth,37.59,312.00,7.00,en,"Drama, War"
04-12-2010,Bleach the Movie: Hell Verse,37.58,116.00,7.30,ja,"Action, Animation, Fantasy, Adventure"
16-09-2021,Cry Macho,37.57,541.00,6.20,en,"Western, Drama"
16-07-1993,Free Willy,37.56,1430.00,6.20,en,"Family, Adventure, Drama"
12-12-2013,Odnoklassniki.ru: The Magic Laptop,37.54,15.00,3.60,ru,"Comedy, Romance"
21-10-1988,Halloween 4: The Return of Michael Myers,37.54,1110.00,6.10,en,"Horror, Thriller"
29-03-2012,Sinister,37.53,4293.00,6.80,en,"Horror, Thriller, Mystery"
22-03-2002,Blade II,37.53,3753.00,6.50,en,"Fantasy, Horror, Action, Thriller"
19-11-2021,C'mon C'mon,37.50,140.00,7.70,en,Drama
17-03-2005,The Ring Two,37.48,1843.00,5.70,en,"Drama, Horror, Thriller"
19-11-1999,Sleepy Hollow,37.45,5399.00,7.10,en,"Drama, Fantasy, Thriller, Mystery, Horror"
13-12-2002,The Hot Chick,37.44,1549.00,6.30,en,"Comedy, Fantasy"
20-02-2020,Brahms: The Boy II,37.42,967.00,6.00,en,"Horror, Mystery, Thriller"
31-08-2017,Escape Room,37.41,147.00,5.00,en,"Horror, Thriller, Fantasy"
15-04-2004,The Punisher,37.40,2180.00,6.30,en,"Action, Crime, Drama"
29-12-1995,Twelve Monkeys,37.40,6721.00,7.60,en,"Science Fiction, Thriller, Mystery"
17-11-2002,Die Another Day,37.39,2776.00,5.90,en,"Adventure, Action, Thriller"
13-09-2000,Men of Honor,37.37,1717.00,7.40,en,Drama
20-05-1980,The Empire Strikes Back,37.37,13926.00,8.40,en,"Adventure, Action, Science Fiction"
31-03-2017,Teen Titans: The Judas Contract,37.36,521.00,7.50,en,"Science Fiction, Animation, Action"
20-01-2016,Lion,37.36,5626.00,8.10,en,Drama
10-08-2006,Codename: Kids Next Door - Operation Z.E.R.O.,37.35,105.00,8.10,en,"Animation, Science Fiction, TV Movie"
16-08-2019,Iron Mask,37.32,280.00,6.20,ru,"Adventure, Fantasy"
06-06-2007,Big Stan,37.32,600.00,6.30,en,Comedy
10-09-2015,Everest,37.30,4081.00,6.80,en,"Drama, Adventure, History"
24-10-2014,Ouija,37.24,2300.00,5.10,en,Horror
16-06-2010,A Serbian Film,37.19,1417.00,5.50,sr,"Crime, Horror, Thriller"
02-09-2020,Antebellum,37.19,663.00,6.30,en,Horror
25-08-2021,Kimetsu no Yaiba Orchestra Concert,37.18,1.00,2.00,ja,Music
23-11-2013,Bayonetta: Bloody Fate,37.15,66.00,6.50,ja,"Animation, Action, Fantasy"
27-12-2011,Hostel: Part III,37.14,859.00,5.10,en,Horror
09-05-2008,The Babysitters,37.12,324.00,5.90,en,Drama
09-01-2019,The Dude in Me,37.12,81.00,8.10,ko,"Fantasy, Comedy"
07-10-2020,Books of Blood,37.09,227.00,6.60,en,"Horror, Science Fiction"
17-12-2020,What Lies Below,37.09,106.00,5.30,en,"Horror, Mystery, Thriller, Science Fiction"
04-06-2014,The Rover,37.08,732.00,6.30,en,"Crime, Drama"
07-07-1995,Species,37.08,1225.00,5.90,en,"Science Fiction, Horror, Action"
26-03-2021,A Week Away,37.07,276.00,7.10,en,"Drama, Family, Music, Romance"
14-10-2014,The Loft,37.07,1200.00,6.40,en,Thriller
14-08-2019,Good Boys,37.07,1427.00,6.90,en,Comedy
29-07-2005,Semen Demon,37.03,10.00,6.30,en,"Horror, Fantasy"
19-06-2009,Transformers: Revenge of the Fallen,37.03,6945.00,6.10,en,"Science Fiction, Action, Adventure"
01-10-2010,The Social Network,37.03,9796.00,7.30,en,Drama
03-08-1978,Piranha,37.02,455.00,5.90,en,"Horror, Comedy"
24-09-2010,The Virginity Hit,36.96,58.00,4.60,en,Comedy
08-08-2003,S.W.A.T.,36.95,1944.00,6.10,en,"Action, Thriller, Crime"
07-04-1994,Leprechaun 2,36.94,212.00,5.50,en,"Comedy, Horror"
23-10-2013,The Protector 2,36.94,190.00,5.90,th,Action
24-10-2019,21 Bridges,36.93,1486.00,6.80,en,"Crime, Action, Drama"
11-09-2008,Tinker Bell,36.92,1097.00,6.80,en,"Animation, Family, Adventure, Fantasy"
07-06-1990,Lionheart,36.86,764.00,6.50,en,Action
12-08-2014,Batman: Assault on Arkham,36.85,878.00,7.40,en,"Thriller, Animation, Action, Crime"
25-04-2001,Amélie,36.85,9515.00,7.90,fr,"Comedy, Romance"
07-07-2022,Thor: Love and Thunder,36.83,0.00,0.00,en,"Action, Adventure, Fantasy"
21-03-2014,God's Not Dead,36.82,734.00,6.00,en,Drama
22-06-1960,Psycho,36.79,8012.00,8.40,en,"Horror, Drama, Thriller"
12-11-2020,Freaky,36.78,978.00,6.70,en,"Comedy, Fantasy, Horror, Thriller"
14-09-2012,The Paperboy,36.77,599.00,5.60,en,"Thriller, Drama, Mystery"
07-11-2017,I Believe,36.77,54.00,7.00,en,Family
12-05-2021,Danny Boy,36.76,86.00,6.80,en,"Drama, War, TV Movie"
14-08-2017,Batman and Harley Quinn,36.74,470.00,6.20,en,"Adventure, Action, Animation, Science Fiction"
10-05-2002,Unfaithful,36.74,1152.00,6.60,en,"Thriller, Drama"
21-08-2013,Young & Beautiful,36.73,970.00,6.40,fr,Drama
05-10-2018,Anoko no Toriko,36.71,11.00,5.90,ja,"Romance, Comedy"
02-11-2000,Charlie's Angels,36.71,3431.00,5.80,en,"Action, Adventure, Comedy, Crime, Thriller"
04-10-2012,Frankenweenie,36.70,2638.00,6.90,en,"Animation, Comedy, Family"
25-05-2017,47 Meters Down,36.69,2308.00,5.80,en,"Horror, Drama, Thriller, Adventure"
22-06-1984,The Karate Kid,36.69,3202.00,7.20,en,"Action, Family, Drama"
28-01-2022,The Black Phone,36.69,5.00,8.20,en,Horror
20-03-1986,Police Academy 3: Back in Training,36.69,923.00,5.70,en,"Comedy, Crime"
08-09-2021,JJ+E,36.67,64.00,5.50,sv,"Romance, Drama"
20-10-2006,Night at the Museum,36.66,8493.00,6.60,en,"Action, Adventure, Comedy, Family, Fantasy"
23-04-2004,Man on Fire,36.64,4024.00,7.40,en,"Action, Drama, Thriller"
11-04-2003,Anger Management,36.63,2464.00,6.10,en,Comedy
28-07-1999,Deep Blue Sea,36.62,1884.00,5.90,en,"Action, Horror, Science Fiction"
26-03-2019,Aquaman: Heroines of Atlantis,36.62,18.00,7.40,en,Documentary
01-04-2016,Garo: Divine Flame,36.61,10.00,5.30,ja,"Action, Animation"
16-01-2018,12 Strong,36.61,2271.00,6.10,en,"War, Drama, Action, History"
03-08-2007,The Bourne Ultimatum,36.59,6322.00,7.40,en,"Action, Drama, Mystery, Thriller"
11-09-2020,The Boy from Medellín,36.59,81.00,5.90,en,"Documentary, Music"
17-12-2016,The Moment You Fall in Love,36.59,116.00,7.60,ja,"Drama, Animation, Romance, Comedy"
23-11-2007,[REC],36.56,3337.00,7.20,es,"Horror, Mystery"
08-03-2014,Doraemon: New Nobita's Great Demon – Peko and the Exploration Party of Five,36.53,53.00,7.00,ja,"Family, Animation, Adventure"
13-12-2006,Arthur and the Invisibles,36.53,2412.00,6.40,en,"Adventure, Fantasy, Animation, Family"
12-10-2011,A Monster in Paris,36.53,1010.00,6.80,fr,"Adventure, Animation, Comedy, Family, Fantasy"
19-07-2019,Tokyo Ghoul 'S',36.51,67.00,6.90,ja,"Action, Horror, Science Fiction, Fantasy"
26-10-2018,The Nutcracker and the Four Realms,36.50,1812.00,6.10,en,"Fantasy, Adventure, Family"
26-02-2014,The Grand Budapest Hotel,36.50,12055.00,8.10,en,"Comedy, Drama"
31-05-2018,Upgrade,36.47,3262.00,7.50,en,"Action, Thriller, Science Fiction"
04-08-2010,Step Up 3D,36.47,1647.00,6.80,en,"Drama, Romance"
17-06-2021,Impossible Things,36.47,82.00,9.10,es,"Family, Drama"
13-05-2016,Kill Command,36.46,467.00,5.50,en,"Action, Horror, Science Fiction"
10-02-2017,Below Her Mouth,36.45,944.00,6.80,en,"Drama, Romance"
02-08-2016,A Cinderella Story: If the Shoe Fits,36.43,735.00,7.20,en,"Comedy, Family, Fantasy, Music"
03-05-2005,Kingdom of Heaven,36.43,3228.00,6.80,en,"Drama, Action, Adventure, History, War"
16-04-2015,Paul Blart: Mall Cop 2,36.41,1288.00,5.20,en,"Action, Comedy, Family"
15-01-2014,Jack Ryan: Shadow Recruit,36.40,2385.00,6.10,en,"Action, Drama, Thriller"
04-10-2006,The Departed,36.40,12139.00,8.20,en,"Drama, Thriller, Crime"
17-08-2016,Ben-Hur,36.38,1434.00,5.70,en,"Action, History, Adventure, Drama"
13-03-2009,Miss March,36.37,272.00,5.50,en,"Comedy, Romance"
07-02-2009,Blood and Bone,36.35,536.00,7.40,en,"Action, Drama, Thriller"
13-01-2011,Gnomeo & Juliet,36.34,1620.00,5.80,en,"Animation, Family"
26-02-2015,Everly,36.30,436.00,5.50,en,"Thriller, Action"
13-01-2011,The Mechanic,36.30,2549.00,6.40,en,"Action, Thriller, Crime"
20-09-1964,Goldfinger,36.30,2750.00,7.40,en,"Adventure, Action, Thriller"
16-02-2018,"Love, Simon",36.30,5287.00,8.10,en,"Comedy, Drama, Romance"
23-06-2017,The Beguiled,36.25,1864.00,5.90,en,Drama
11-07-2013,Turbo,36.22,2626.00,6.20,en,"Animation, Family"
13-07-2001,Legally Blonde,36.21,3006.00,6.70,en,Comedy
21-07-2016,Lights Out,36.21,3226.00,6.30,en,"Horror, Thriller, Mystery"
25-05-1990,Back to the Future Part III,36.20,8486.00,7.40,en,"Adventure, Comedy, Science Fiction"
04-06-1982,Poltergeist,36.18,2256.00,7.10,en,Horror
23-04-2016,I Am a Hero,36.17,251.00,7.30,ja,"Action, Science Fiction, Fantasy, Horror"
03-11-2002,Home Alone 4,36.16,959.00,4.50,en,"Comedy, Family, TV Movie"
21-07-2017,Girls Trip,36.15,1311.00,6.80,en,Comedy
26-09-2014,Playing It Cool,36.14,632.00,5.90,en,"Comedy, Romance"
02-10-2020,The Binding,36.14,188.00,5.50,it,"Horror, Thriller, Drama"
20-05-1998,Godzilla,36.13,3085.00,5.60,en,"Science Fiction, Action, Thriller"
23-10-2020,Haunting of the Mary Celeste,36.12,28.00,5.80,en,Horror
20-02-2020,Lassie Come Home,36.12,80.00,6.60,de,"Adventure, Family"
11-06-2001,Lara Croft: Tomb Raider,36.11,5142.00,5.90,en,"Adventure, Fantasy, Action, Thriller"
17-03-2015,Avengers Grimm,36.11,89.00,4.20,en,"Action, Fantasy"
11-06-1982,E.T. the Extra-Terrestrial,36.10,9309.00,7.50,en,"Science Fiction, Adventure, Family, Fantasy"
12-10-2017,Los perros,36.10,16.00,5.70,es,Drama
26-07-2017,Atomic Blonde,36.09,5315.00,6.40,en,"Action, Thriller"
15-05-2012,The Dictator,36.07,4735.00,6.10,en,Comedy
21-11-2018,Robin Hood,36.07,2453.00,5.90,en,"Adventure, Action, Thriller"
05-10-2001,Training Day,36.06,4563.00,7.40,en,"Action, Crime, Drama, Thriller"
21-09-2017,The Lego Ninjago Movie,36.05,780.00,6.50,en,"Family, Animation, Action, Adventure, Comedy"
09-06-2009,Baby on Board,36.00,79.00,4.80,en,"Comedy, Romance"
24-12-2011,Pixie Hollow Games,35.98,237.00,6.90,en,"Animation, Family"
20-03-1992,Basic Instinct,35.98,2889.00,6.90,en,"Thriller, Mystery"
03-10-2017,Sniper: Ultimate Kill,35.95,219.00,6.50,en,"Action, Drama, Thriller"
01-02-2017,Trinity Seven: Eternity Library & Alchemic Girl,35.94,44.00,7.40,ja,"Animation, Action, Comedy, Fantasy"
18-12-2017,Bleeding Steel,35.91,375.00,5.90,zh,"Action, Science Fiction, Thriller"
31-08-2007,Halloween,35.91,1750.00,6.20,en,Horror
14-10-2021,A World For Julius,35.91,29.00,7.20,es,"Drama, TV Movie"
20-02-2015,The DUFF,35.89,3946.00,6.80,en,"Romance, Comedy"
01-05-2018,Tremors: A Cold Day in Hell,35.89,298.00,6.00,en,"Action, Adventure, Science Fiction, Fantasy, Comedy, Horror"
27-05-2017,Resident Evil: Vendetta,35.89,730.00,6.90,ja,"Animation, Horror, Adventure, Mystery, Action, Science Fiction"
06-08-2004,The Princess Diaries 2: Royal Engagement,35.89,2712.00,6.60,en,"Comedy, Drama, Family, Romance"
17-08-2011,The Skin I Live In,35.87,3422.00,7.50,es,"Thriller, Drama, Horror"
17-07-1987,RoboCop,35.86,3868.00,7.30,en,"Action, Thriller, Science Fiction"
04-10-2013,Curse of Chucky,35.86,1195.00,5.80,en,"Horror, Thriller"
12-01-2006,Underworld: Evolution,35.86,3322.00,6.60,en,"Fantasy, Action, Thriller"
21-11-2003,Oldboy,35.85,6500.00,8.30,ko,"Drama, Thriller, Mystery, Action"
09-05-2006,Cashback,35.84,926.00,7.00,en,"Drama, Comedy, Romance"
06-01-2018,"Love, Chunibyo & Other Delusions! Take On Me",35.84,68.00,7.90,ja,"Animation, Comedy, Fantasy"
14-07-2022,Bullet Train,35.83,0.00,0.00,en,"Action, Thriller"
23-05-1984,Once Upon a Time in America,35.82,4053.00,8.40,en,"Drama, Crime"
12-06-2009,Seven Minutes,35.81,8.00,3.80,es,Comedy
04-07-2001,Cats & Dogs,35.78,1298.00,5.40,en,"Family, Comedy"
12-02-2020,To All the Boys: P.S. I Still Love You,35.78,2158.00,6.90,en,"Romance, Comedy"
26-04-2014,Tamako Love Story,35.77,105.00,7.00,ja,"Romance, Animation, Comedy"
22-10-2021,Little Big Mouth,35.77,22.00,5.60,en,Comedy
19-04-2018,I Feel Pretty,35.77,1804.00,6.40,en,"Comedy, Romance"
14-10-2020,The Three Deaths of Marisela Escobedo,35.77,183.00,9.00,es,"Documentary, Crime"
24-12-2013,Lone Survivor,35.76,3421.00,7.40,en,"War, Action, Drama, History"
03-11-2017,Murder on the Orient Express,35.76,8138.00,6.70,en,"Mystery, Crime, Drama"
01-02-2013,Berserk: The Golden Age Arc III - The Advent,35.75,233.00,7.60,ja,"Action, Adventure, Drama, Fantasy, Animation"
13-03-2009,The Last House on the Left,35.75,1303.00,6.40,en,"Crime, Thriller, Horror, Drama"
19-12-1986,Platoon,35.74,3466.00,7.70,en,"Drama, War, Action"
15-05-1998,Quest for Camelot,35.74,655.00,6.90,en,"Fantasy, Animation, Drama, Romance, Family"
26-06-2009,My Sister's Keeper,35.73,1733.00,7.40,en,Drama
22-05-2007,Death Proof,35.70,4015.00,6.80,en,"Action, Thriller"
30-11-1991,Sex and Zen,35.70,41.00,5.50,cn,"Drama, Adventure, Comedy, Romance"
16-01-2020,The Heist of the Century,35.69,598.00,7.90,es,"Comedy, Thriller, Crime"
21-08-2017,Renegades,35.66,264.00,5.70,en,"Thriller, Action"
06-06-2002,Jack Black: Spider-Man,35.66,21.00,6.70,en,Comedy
27-10-2017,Let There Be Light,35.65,49.00,6.20,en,Drama
25-12-2018,On the Basis of Sex,35.64,810.00,7.40,en,"Drama, History"
24-12-1981,Mad Max 2,35.63,2762.00,7.40,en,"Adventure, Action, Thriller, Science Fiction"
25-07-2018,The Darkest Minds,35.61,2226.00,7.00,en,"Science Fiction, Action, Drama, Romance, Adventure, Thriller"
18-01-2013,Broken City,35.60,1189.00,5.90,en,"Thriller, Crime, Drama"
23-12-2010,Inazuma Eleven: The Movie,35.59,72.00,7.50,ja,"Fantasy, Animation"
20-10-2017,The Killing of a Sacred Deer,35.57,2862.00,7.00,en,"Drama, Thriller, Mystery"
09-04-2004,Shaun of the Dead,35.57,6761.00,7.50,en,"Horror, Comedy"
10-09-2021,Blue Bayou,35.56,114.00,7.60,en,Drama
07-03-2013,Oz the Great and Powerful,35.55,5852.00,5.90,en,"Fantasy, Adventure, Family"
12-01-2018,Batman: Gotham by Gaslight,35.54,536.00,6.70,en,"Thriller, Action, Animation, Science Fiction"
15-03-2015,Child 44,35.53,1348.00,6.20,en,"Crime, Thriller"
13-05-1988,Friday the 13th Part VII: The New Blood,35.53,728.00,5.50,en,"Horror, Thriller"
16-01-2004,Torque,35.52,417.00,5.10,en,Action
18-12-2013,Walking with Dinosaurs,35.52,376.00,6.00,en,"Animation, Family, Adventure"
07-06-2021,Security,35.51,138.00,5.70,it,Thriller
13-02-2018,Lego DC Comics Super Heroes: The Flash,35.51,163.00,6.80,en,"Adventure, Animation, Comedy, Family, Science Fiction"
26-05-2019,Game of Thrones: The Last Watch,35.50,270.00,7.10,en,"Documentary, TV Movie"
25-05-1983,Return of the Jedi,35.50,12482.00,7.90,en,"Adventure, Action, Science Fiction"
19-03-2021,Happily,35.49,61.00,5.70,en,"Comedy, Romance, Thriller"
11-11-2016,Lady Bloodfight,35.45,119.00,6.60,en,"Action, Thriller"
04-10-2018,Constantine: City of Demons - The Movie,35.45,417.00,7.90,en,"Fantasy, Animation, Horror, Action"
01-09-2012,The Iceman,35.44,806.00,6.50,en,"Thriller, Crime, Drama"
29-01-2021,Malcolm & Marie,35.44,1047.00,7.00,en,"Drama, Romance"
08-10-1993,Demolition Man,35.44,2837.00,6.60,en,"Crime, Action, Science Fiction"
07-02-2012,Puss in Boots: The Three Diablos,35.43,322.00,6.60,en,"Adventure, Animation, Comedy, Family"
02-08-1991,Return to the Blue Lagoon,35.43,707.00,6.00,en,"Adventure, Drama"
17-10-2019,The Kill Team,35.43,298.00,6.60,en,"War, Action, Drama"
16-07-1999,Eyes Wide Shut,35.42,4652.00,7.50,en,"Drama, Thriller, Mystery"
27-10-2021,Passing,35.41,168.00,6.50,en,Drama
25-03-2011,Diary of a Wimpy Kid: Rodrick Rules,35.40,850.00,6.60,en,"Family, Comedy"
01-11-2013,Euphoria,35.40,1.00,2.00,en,Drama
12-08-2014,TEKKEN: Kazuya's Revenge,35.38,66.00,4.10,en,Action
21-03-1997,Selena,35.37,985.00,7.80,en,"Music, Drama, History"
09-11-2017,Paddington 2,35.34,1664.00,7.50,en,"Adventure, Comedy, Family"
11-10-2018,First Man,35.34,4395.00,7.00,en,"History, Drama"
14-02-2008,Step Up 2: The Streets,35.33,1942.00,6.70,en,"Music, Drama, Romance"
02-10-2002,The Transporter,35.33,4243.00,6.70,en,"Action, Crime, Thriller"
13-04-2004,13 Going on 30,35.31,4165.00,6.70,en,"Comedy, Fantasy, Romance"
29-06-2005,Fantastic Four,35.31,7911.00,5.80,en,"Action, Adventure, Fantasy, Science Fiction"
29-10-2020,A Gruta,35.28,65.00,6.40,pt,Horror
01-07-1994,Baby's Day Out,35.28,996.00,6.20,en,"Family, Comedy, Adventure, Crime"
21-11-1991,An American Tail: Fievel Goes West,35.27,588.00,6.30,en,"Adventure, Animation, Family, Western"
13-08-1982,Friday the 13th Part III,35.26,989.00,5.80,en,Horror
01-11-2015,The Peanuts Movie,35.25,1303.00,6.80,en,"Adventure, Comedy, Animation, Family"
23-06-2006,Click,35.25,5745.00,6.20,en,"Comedy, Drama, Fantasy"
27-07-2018,Teen Titans Go! To the Movies,35.24,914.00,7.40,en,"Animation, Action, Comedy, Science Fiction"
01-06-2017,Captain Underpants: The First Epic Movie,35.24,947.00,6.20,en,"Family, Action, Animation, Comedy"
21-04-2017,Sand Castle,35.24,610.00,6.50,en,"War, Action, Drama"
31-03-2022,The Northman,35.24,0.00,0.00,en,"Action, Adventure, Drama"
13-11-2018,Instant Family,35.21,2221.00,7.60,en,"Comedy, Drama"
04-06-2010,Killers,35.20,1852.00,5.90,en,"Action, Comedy, Thriller, Romance"
13-11-1992,Bram Stoker's Dracula,35.20,3899.00,7.40,en,"Romance, Horror"
22-03-2007,The Hills Have Eyes 2,35.18,1095.00,5.50,en,"Horror, Thriller"
07-02-2018,Peter Rabbit,35.17,1402.00,6.70,en,"Animation, Adventure, Family"
06-09-1978,Dr. Strange,35.16,64.00,6.40,en,"TV Movie, Action, Adventure, Fantasy, Science Fiction"
20-12-2019,Togo,35.16,1422.00,8.20,en,"Adventure, Family"
04-06-1998,The Truman Show,35.13,14393.00,8.10,en,"Comedy, Drama"
18-11-2016,The Edge of Seventeen,35.13,3435.00,7.20,en,"Comedy, Drama"
12-08-2021,Lamb,35.12,292.00,6.50,is,"Drama, Mystery, Fantasy, Horror"
22-01-2009,Underworld: Rise of the Lycans,35.09,2979.00,6.50,en,"Fantasy, Action, Thriller"
22-09-2017,Only the Brave,35.08,1170.00,7.40,en,"Drama, Action, History"
26-02-2020,The Invisible Man,35.07,4420.00,7.20,en,"Thriller, Science Fiction, Horror"
22-06-1990,RoboCop 2,35.06,1379.00,5.90,en,"Action, Adventure, Crime, Science Fiction, Thriller"
03-05-2006,Mission: Impossible III,35.06,5262.00,6.70,en,"Adventure, Action, Thriller"
23-10-2014,Stonehearst Asylum,35.05,1121.00,6.80,en,Thriller
26-07-2012,Step Up Revolution,35.04,1793.00,6.90,en,"Music, Drama, Romance"
25-06-1982,The Thing,35.04,5158.00,8.00,en,"Horror, Mystery, Science Fiction"
17-05-2006,Over the Hedge,35.03,3617.00,6.50,en,"Family, Comedy, Animation"
04-02-2016,Robinson Crusoe,35.02,262.00,5.80,de,"Animation, Adventure, Comedy, Family"
22-09-2016,USS Indianapolis: Men of Courage,35.02,505.00,5.90,en,"Action, War"
17-09-1999,Blue Streak,35.01,1145.00,6.40,en,"Action, Comedy, Crime"
20-04-2007,Vacancy,35.00,1074.00,6.20,en,"Horror, Thriller"
15-07-2008,Batman Unmasked: The Psychology of the Dark Knight,35.00,37.00,7.50,en,Documentary
27-04-2005,xXx: State of the Union,35.00,1481.00,5.00,en,"Action, Adventure, Crime, Mystery, Thriller"
13-10-2017,Professor Marston and the Wonder Women,34.95,689.00,7.30,en,"Drama, Romance"
14-01-2005,Coach Carter,34.93,2081.00,7.50,en,"Drama, History"
08-09-2017,Lady Bird,34.93,6902.00,7.30,en,"Drama, Comedy"
28-08-2015,The Wave,34.93,1024.00,6.70,no,Thriller
27-04-2019,The Big Trip,34.92,48.00,7.10,ru,"Animation, Comedy, Adventure, Family"
21-02-2013,Dark Skies,34.92,1449.00,6.30,en,"Science Fiction, Thriller, Horror"
21-12-2010,Little Fockers,34.92,2702.00,5.60,en,"Comedy, Romance"
11-01-2018,The Commuter,34.86,3700.00,6.30,en,"Action, Thriller, Mystery"
24-10-2011,The Adventures of Tintin,34.86,4487.00,6.90,en,"Adventure, Animation, Mystery"
16-11-1995,GoldenEye,34.85,3043.00,6.90,en,"Adventure, Action, Thriller"
30-07-2010,Charlie St. Cloud,34.85,1911.00,7.00,en,"Romance, Drama"
19-07-1995,Clueless,34.83,3399.00,7.30,en,"Comedy, Romance"
14-06-2002,The Bourne Identity,34.83,7619.00,7.40,en,"Action, Drama, Mystery, Thriller"
26-08-1971,Die goldene Banane von Bad Porno,34.81,6.00,5.20,de,Comedy
22-10-2006,Flushed Away,34.79,3027.00,6.20,en,"Adventure, Animation, Comedy, Family"
26-11-2014,Horrible Bosses 2,34.78,3518.00,6.20,en,Comedy
06-11-2009,The Fourth Kind,34.77,1266.00,6.20,en,"Mystery, Science Fiction, Thriller"
23-07-2021,The Last Letter From Your Lover,34.76,387.00,7.50,en,"Drama, Romance"
11-03-2020,The Hunt,34.75,2203.00,6.60,en,"Action, Thriller, Horror"
23-07-2021,The Cover,34.74,34.00,6.70,es,"Comedy, Romance, Music"
16-09-2005,Scars,34.74,74.00,7.20,es,Drama
11-11-1994,Interview with the Vampire,34.74,4554.00,7.40,en,"Horror, Drama, Fantasy"
09-03-2012,The Raven,34.72,1054.00,6.30,en,"Crime, Thriller, Mystery"
31-03-2019,Batman vs. Teenage Mutant Ninja Turtles,34.72,331.00,7.20,en,"Animation, Action, Family"
11-09-2015,90 Minutes in Heaven,34.71,118.00,6.10,en,Drama
11-01-2022,Run and Gun,34.70,2.00,6.30,en,"Action, Thriller"
05-02-2002,The Hunchback of Notre Dame II,34.70,636.00,5.30,en,"Animation, Family, Comedy"
10-07-2004,A Cinderella Story,34.68,2685.00,6.50,en,Comedy
10-04-1991,Hook,34.67,4359.00,6.80,en,"Adventure, Fantasy, Comedy, Family"
28-08-2009,Wizards of Waverly Place: The Movie,34.65,1228.00,6.60,en,"Family, TV Movie, Adventure, Comedy, Drama, Fantasy"
10-04-1957,12 Angry Men,34.64,6227.00,8.50,en,Drama
11-12-2008,Inkheart,34.64,1761.00,6.30,en,"Adventure, Family, Fantasy"
08-03-2022,The Girl on the Mountain,34.64,1.00,6.00,en,"Thriller, Drama"
12-09-2008,Eden Lake,34.63,1285.00,6.80,en,"Horror, Thriller"
28-07-2009,Green Lantern: First Flight,34.63,324.00,7.00,en,"Action, Adventure, Animation, Fantasy, Science Fiction"
07-02-2013,Identity Thief,34.62,2891.00,5.80,en,"Comedy, Crime"
12-07-1990,Ghost,34.60,4498.00,7.20,en,"Fantasy, Drama, Thriller, Mystery, Romance"
10-09-2020,Run Hide Fight,34.60,218.00,6.60,en,"Action, Crime, Thriller"
26-04-2007,28 Weeks Later,34.59,3332.00,6.60,en,"Horror, Thriller, Science Fiction"
19-10-2006,The Prestige,34.58,12790.00,8.20,en,"Drama, Mystery, Science Fiction"
22-03-2018,Midnight Sun,34.57,2932.00,7.80,en,"Romance, Drama"
09-06-2000,Gone in Sixty Seconds,34.55,3487.00,6.40,en,"Action, Crime, Thriller"
10-11-2016,Fallen,34.55,1422.00,6.10,en,"Drama, Fantasy, Romance"
01-12-2017,The Shape of Water,34.54,10469.00,7.20,en,"Drama, Fantasy, Romance"
11-02-2008,Ben 10: Race Against Time,34.52,234.00,5.80,en,"Action, Family, Science Fiction"
09-11-2017,Daddy's Home 2,34.52,2028.00,6.30,en,Comedy
22-05-2014,The Babadook,34.51,5009.00,6.50,en,"Drama, Horror"
02-11-2001,The One,34.50,1209.00,6.10,en,"Action, Science Fiction, Thriller"
29-11-2018,The Possession of Hannah Grace,34.49,1026.00,5.60,en,"Horror, Drama"
16-04-2015,The Age of Adaline,34.46,5406.00,7.50,en,"Romance, Fantasy, Drama"
01-09-2020,The Haunting of Margam Castle,34.46,38.00,5.80,en,Horror
11-12-1965,Thunderball,34.45,1673.00,6.60,en,"Adventure, Action, Thriller"
03-08-2017,Wind River,34.44,4056.00,7.40,en,"Crime, Drama, Mystery, Thriller"
12-04-2019,The Perfect Date,34.44,2882.00,6.50,en,"Romance, Comedy"
07-03-1986,Highlander,34.43,1960.00,6.90,en,"Adventure, Action, Fantasy"
16-12-1994,Dumb and Dumber,34.42,4949.00,6.60,en,Comedy
27-04-2017,B?hubali 2: The Conclusion,34.41,509.00,7.30,te,"Action, Adventure, Drama, Fantasy"
21-08-1987,Dirty Dancing,34.40,5024.00,7.40,en,"Drama, Music, Romance"
24-04-2020,Be Careful What You Wish For,34.40,94.00,6.60,es,Horror
09-10-2020,Dogwashers,34.40,30.00,6.50,es,"Comedy, Drama, Crime"
19-06-2019,Anna,34.40,2039.00,6.70,fr,"Thriller, Action"
27-10-2017,Mazinger Z: Infinity,34.38,242.00,6.70,ja,"Action, Science Fiction, Animation"
13-09-2011,Never Back Down 2: The Beatdown,34.36,515.00,6.40,en,"Drama, Action"
19-12-2014,Annie,34.35,1105.00,6.20,en,"Comedy, Drama, Family"
18-05-2017,"Everything, Everything",34.35,3409.00,7.30,en,"Drama, Romance"
04-05-2016,Neighbors 2: Sorority Rising,34.34,3829.00,5.80,en,Comedy
12-03-1988,Saint Seiya: The Heated Battle of the Gods,34.33,120.00,7.50,ja,"Action, Animation, Fantasy"
10-08-2018,Slender Man,34.32,1596.00,4.40,en,"Horror, Mystery, Thriller"
12-05-2017,The Wall,34.31,681.00,6.30,en,"War, Thriller, Drama"
07-05-2021,Mainstream,34.31,83.00,6.40,en,"Comedy, Drama"
13-05-2016,Last Days in the Desert,34.30,126.00,5.60,en,"Adventure, Drama, History"
29-09-2017,A Question of Faith,34.27,67.00,7.50,en,Drama
12-10-2018,Look Away,34.27,630.00,6.60,en,"Horror, Thriller, Fantasy"
13-12-2018,Mary Poppins Returns,34.26,2809.00,6.50,en,"Fantasy, Family, Comedy"
05-11-2015,The Escort,34.24,329.00,6.00,en,"Drama, Comedy, Romance"
12-09-2015,Hardcore Henry,34.23,1881.00,6.30,en,"Action, Adventure, Science Fiction"
23-08-1991,Showdown in Little Tokyo,34.22,333.00,6.30,en,Action
27-04-2013,Welcome to the Jungle,34.20,329.00,5.10,en,Comedy
14-10-2016,Max Steel,34.18,615.00,5.60,en,"Action, Adventure, Science Fiction"
23-09-1993,Dragon Ball Z Side Story: Plan to Eradicate the Saiyans,34.17,29.00,6.30,ja,"Action, Adventure, Animation"
18-06-1993,Last Action Hero,34.17,2014.00,6.40,en,"Adventure, Fantasy, Action, Comedy, Family"
13-06-1967,You Only Live Twice,34.17,1577.00,6.50,en,"Action, Thriller, Adventure"
25-02-2021,Locked Down,34.15,152.00,5.40,en,"Comedy, Crime, Drama"
06-11-2015,Cosmic Scrat-tastrophe,34.14,96.00,6.70,en,"Science Fiction, Comedy, Animation, Family, Adventure"
11-08-2001,X-Men: The Mutant Watch,34.13,166.00,7.20,en,Documentary
19-07-2002,The Cat Returns,34.12,1400.00,7.20,ja,"Adventure, Fantasy, Animation, Drama, Family"
11-07-2003,The League of Extraordinary Gentlemen,34.12,3279.00,5.90,en,"Fantasy, Action, Thriller, Science Fiction"
04-12-2020,Nomadland,34.11,2110.00,7.30,en,Drama
11-11-2010,Dragon Ball: Plan to Eradicate the Super Saiyans,34.10,234.00,7.10,ja,"Action, Animation, Adventure"
07-02-2009,Gifted Hands: The Ben Carson Story,34.10,391.00,7.80,en,Drama
18-04-2002,The Scorpion King,34.09,2529.00,5.60,en,"Action, Adventure, Fantasy"
29-01-2013,Madly Madagascar,34.09,167.00,6.50,en,"Animation, Comedy, Family"
23-08-2019,Burn,34.08,168.00,6.10,en,Thriller
22-07-2004,Catwoman,34.05,2712.00,4.60,en,"Action, Fantasy, Mystery, Crime"
21-05-2008,Indiana Jones and the Kingdom of the Crystal Skull,34.05,6590.00,6.00,en,"Adventure, Action"
20-05-2007,The Orphanage,34.04,2290.00,7.20,es,"Horror, Drama, Thriller"
08-07-2016,Big Fish & Begonia,34.03,330.00,7.50,zh,"Animation, Adventure, Fantasy"
12-12-2003,Love Don't Co$t a Thing,34.03,283.00,7.00,en,"Comedy, Drama, Family, Romance"
13-08-2015,The Man from U.N.C.L.E.,34.03,5194.00,7.10,en,"Comedy, Action, Adventure"
22-11-1989,Back to the Future Part II,34.02,10443.00,7.70,en,"Adventure, Comedy, Family, Science Fiction"
23-07-2004,The Bourne Supremacy,34.02,6180.00,7.30,en,"Action, Drama, Thriller"
16-06-2017,Kidnap,34.02,1094.00,6.20,en,"Drama, Thriller"
09-08-2002,xXx,33.99,3427.00,5.90,en,"Action, Adventure, Thriller"
15-12-2020,Heks,33.98,26.00,6.30,en,"Horror, Drama"
21-12-1968,Once Upon a Time in the West,33.98,3296.00,8.30,it,"Drama, Western"
09-05-2019,Brightburn,33.95,2336.00,6.10,en,"Horror, Thriller, Science Fiction"
01-09-2001,Cowboy Bebop: The Movie,33.89,591.00,7.70,ja,"Action, Animation, Science Fiction"
27-07-2022,DC League of Super-Pets,33.89,0.00,0.00,en,"Action, Animation, Comedy, Family"
12-06-1963,Cleopatra,33.81,507.00,7.10,en,"Drama, History, Romance"
15-02-2017,A Cure for Wellness,33.81,3191.00,6.30,en,"Horror, Mystery, Science Fiction, Thriller"
18-12-2015,Mojin: The Lost Legend,33.81,165.00,6.20,zh,"Action, Adventure, Fantasy"
16-12-2021,South Park: Post COVID: The Return of COVID,33.80,145.00,7.50,en,"Animation, Comedy, TV Movie"
25-10-2020,Originless,33.79,45.00,5.60,es,"Thriller, Horror"
26-10-2017,Monster Family,33.77,255.00,5.90,en,"Animation, Family, Fantasy, Comedy"
21-04-2021,Don't Kill Me,33.75,65.00,4.00,it,"Horror, Romance, Drama"
01-10-2018,Reaching Distance,33.75,4.00,5.90,en,"Drama, Mystery, Thriller"
17-02-2006,Date Movie,33.74,756.00,4.20,en,"Comedy, Romance"
23-01-2020,The Last Full Measure,33.71,324.00,7.60,en,"War, Drama"
04-07-1992,Police Story 3: Super Cop,33.68,327.00,6.70,cn,"Action, Crime, Thriller"
19-12-2019,Pinocchio,33.67,1234.00,6.60,it,"Fantasy, Adventure, Drama"
16-02-2018,Z-O-M-B-I-E-S,33.67,493.00,7.40,en,"Comedy, Romance, TV Movie, Fantasy, Music"
23-07-2021,Kingdom: Ashin of the North,33.65,355.00,7.60,ko,"Drama, Fantasy, Thriller"
18-12-2013,The Secret Life of Walter Mitty,33.64,6422.00,7.10,en,"Adventure, Comedy, Drama, Fantasy"
18-06-1986,The Karate Kid Part II,33.63,1642.00,6.20,en,"Adventure, Drama, Action, Romance, Family"
23-04-2016,I've Always Liked You,33.63,117.00,7.60,ja,"Animation, Drama, Romance"
23-11-2016,Moana,33.62,10263.00,7.60,en,"Adventure, Comedy, Family, Animation"
02-12-2021,Last Looks,33.58,114.00,6.30,en,"Action, Crime, Thriller, Mystery"
09-10-2013,Escape Plan,33.58,4233.00,6.70,en,"Action, Thriller"
28-09-2019,Marriage Story,33.58,5551.00,7.80,en,Drama
20-09-2012,The Perks of Being a Wallflower,33.58,8787.00,7.80,en,Drama
06-03-2004,One Piece: Curse of the Sacred Sword,33.58,141.00,7.00,ja,"Animation, Adventure, Action"
04-02-2016,Pride and Prejudice and Zombies,33.57,1840.00,6.10,en,"Romance, Horror, Comedy, Thriller"
03-09-2016,Kuroko no Basket Movie 1: Winter Cup Soushuuhen - Kage to Hikari,33.57,8.00,6.80,ja,Animation
10-04-2013,Oblivion,33.56,9117.00,6.60,en,"Action, Science Fiction, Adventure, Mystery"
13-04-2013,HK: Forbidden Super Hero,33.55,128.00,6.30,ja,"Action, Comedy"
01-01-2019,Nothing to Lose - Part 2,33.55,14.00,5.30,pt,Drama
20-03-2009,"I Love You, Man",33.55,1298.00,6.50,en,"Comedy, Romance"
24-06-2020,Bulbbul,33.55,76.00,6.70,hi,"Horror, Fantasy"
15-09-2021,Schumacher,33.54,245.00,7.40,en,Documentary
23-10-2018,The Scorpion King: Book of Souls,33.53,198.00,5.90,en,"Action, Adventure, Fantasy"
12-11-2016,Museum,33.53,54.00,6.60,ja,"Drama, Thriller"
03-12-2010,Black Swan,33.50,12075.00,7.60,en,"Drama, Thriller, Horror"
05-08-2008,Star Wars: The Clone Wars,33.50,1532.00,6.10,en,"Animation, Action, Science Fiction, Adventure"
13-06-2005,Tarzan II,33.49,912.00,6.10,en,"Adventure, Animation, Family"
05-12-2013,Love Lesson,33.46,17.00,6.20,ko,"Romance, Drama, Comedy"
05-08-2014,Mercenaries,33.46,98.00,5.40,en,Action
23-10-2020,All My Life,33.46,323.00,8.10,en,"Romance, Drama"
11-09-2020,The Devil All the Time,33.45,2437.00,7.30,en,"Crime, Drama, Thriller"
23-08-2018,A-X-L,33.44,988.00,6.30,en,"Science Fiction, Action, Adventure, Family"
05-02-2012,The Vow,33.43,3438.00,7.20,en,"Drama, Romance"
29-06-1988,Coming to America,33.43,3429.00,6.80,en,"Comedy, Romance"
02-04-1982,Conan the Barbarian,33.42,1867.00,6.80,en,"Adventure, Fantasy, Action"
13-10-2016,The Accountant,33.41,4943.00,7.00,en,"Crime, Thriller, Drama"
21-05-2012,After Porn Ends,33.40,202.00,5.70,en,Documentary
26-09-1997,The Peacemaker,33.40,738.00,6.00,en,"Action, Thriller"
08-07-2011,Horrible Bosses,33.39,5357.00,6.60,en,"Comedy, Crime"
25-11-2018,Mowgli: Legend of the Jungle,33.38,2158.00,6.50,en,"Adventure, Drama"
22-11-2000,Unbreakable,33.38,7663.00,7.10,en,"Thriller, Drama, Mystery"
26-11-2014,The Theory of Everything,33.37,9182.00,7.90,en,"Drama, Romance"
27-09-2014,My Little Pony: Equestria Girls - Rainbow Rocks,33.36,118.00,8.00,en,"Family, Animation, Music"
18-02-2001,Lady and the Tramp II: Scamp's Adventure,33.33,1038.00,6.40,en,"Family, Animation, Romance, Adventure"
10-02-2006,Curious George,33.32,400.00,6.30,en,"Adventure, Animation, Comedy, Family"
07-03-2012,A Thousand Words,33.30,1096.00,6.10,en,"Drama, Comedy"
30-11-2004,Spider-Man 2: Making the Amazing,33.30,49.00,7.00,en,"Action, Adventure, Science Fiction, Documentary"
02-10-2019,Crazy Romance,33.29,23.00,7.20,ko,"Romance, Comedy"
19-06-2017,You Get Me,33.29,1550.00,5.60,en,"Thriller, Romance, Drama"
03-04-2013,App,33.29,57.00,5.10,nl,Thriller
01-01-2016,Sherlock: The Abominable Bride,33.28,1974.00,7.90,en,"Crime, Drama, Mystery, TV Movie"
22-10-2013,Jackass Presents: Bad Grandpa,33.28,1287.00,6.10,en,Comedy
20-05-2017,Blame!,33.28,221.00,6.40,ja,"Action, Drama, Science Fiction, Animation"
26-02-2008,Justice League: The New Frontier,33.28,394.00,6.90,en,"Action, Adventure, Animation, Science Fiction, Family"
19-06-1963,Jason and the Argonauts,33.27,430.00,7.10,en,"Adventure, Family, Fantasy"
31-08-2010,The American,33.25,1060.00,5.90,en,"Crime, Drama, Thriller"
15-09-2009,[REC]²,33.23,1532.00,6.60,es,"Thriller, Horror"
16-07-2015,Monster Hunt,33.20,255.00,6.40,zh,"Comedy, Fantasy, Adventure"
28-08-2008,College,33.20,117.00,4.60,en,Comedy
14-09-2010,Scooby-Doo! Camp Scare,33.19,203.00,8.00,en,"Animation, Comedy, Family, Mystery"
14-03-2018,Ghostland,33.19,1816.00,7.40,en,"Horror, Mystery, Thriller"
07-11-2008,Private Valentine: Blonde & Dangerous,33.17,212.00,6.20,en,Comedy
15-07-2021,A Perfect Fit,33.17,53.00,7.30,id,"Romance, Comedy, Drama"
08-08-2013,Lovelace,33.16,544.00,6.00,en,Drama
13-12-2014,Blue Spring Ride,33.16,47.00,6.70,ja,"Romance, Drama"
21-06-1962,Lolita,33.16,1539.00,7.40,en,"Crime, Drama, Romance"
31-03-2012,Blood Money,33.15,7.00,6.10,hi,"Drama, Action, Thriller"
05-03-2011,Doraemon: Nobita and the New Steel Troops: ~Winged Angels~,33.13,34.00,7.80,ja,"Animation, Adventure, Family"
31-08-2015,Curve,33.13,310.00,5.80,en,"Horror, Thriller"
12-03-2021,Sweat,33.12,28.00,6.80,pl,"Drama, Thriller"
02-03-2011,One Day,33.11,3436.00,7.40,en,"Drama, Romance"
02-02-2010,Planet Hulk,33.10,362.00,7.00,en,"Science Fiction, Animation, Action"
08-12-2011,New Year's Eve,33.08,1836.00,5.90,en,"Comedy, Romance"
26-01-2018,Forever My Girl,33.07,949.00,7.60,en,"Romance, Drama, Music"
01-12-2017,"Three Billboards Outside Ebbing, Missouri",33.06,8367.00,8.10,en,"Crime, Drama"
30-09-2016,Operation Mekong,33.06,172.00,7.00,zh,"Action, Adventure, Crime, War"
07-08-2013,Teen Beach Movie,33.05,758.00,6.90,en,"Family, Music, TV Movie, Comedy"
04-09-2015,Huevos: Little Rooster's Egg-Cellent Adventure,33.03,177.00,7.00,es,"Animation, Family"
10-01-2010,The Simpsons 20th Anniversary Special - In 3D! On Ice!,33.01,15.00,6.70,en,Documentary
29-03-1991,Career Opportunities,33.00,382.00,6.70,en,"Romance, Comedy, Drama"
07-08-2013,We're the Millers,33.00,7389.00,6.80,en,"Comedy, Crime"
10-07-1998,Lethal Weapon 4,33.00,2041.00,6.60,en,"Action, Adventure, Comedy, Crime, Thriller"
18-07-1994,The Next Karate Kid,32.98,766.00,5.30,en,"Action, Drama, Family, Adventure"
02-07-2021,Till Death,32.97,340.00,6.60,en,"Horror, Thriller"
18-10-2014,Big Driver,32.97,160.00,5.70,en,"Crime, Mystery, Thriller"
08-09-2013,The Green Inferno,32.94,1078.00,5.60,en,"Action, Horror, Thriller"
13-10-1960,Spartacus,32.93,1623.00,7.60,en,"History, War, Drama, Adventure"
04-03-2017,Doraemon: Nobita's Great Adventure in the Antarctic Kachi Kochi,32.93,38.00,7.50,ja,"Animation, Adventure, Fantasy, Family"
28-01-2000,Cheeky,32.90,166.00,5.50,it,"Comedy, Drama, Romance"
03-03-2012,Doraemon: Nobita and the Island of Miracles ~Animal Adventure~,32.88,41.00,6.90,ja,"Family, Animation, Adventure"
30-05-2003,The Italian Job,32.87,4475.00,6.70,en,"Action, Crime"
18-08-2017,American Made,32.86,3546.00,6.80,en,"Action, Crime, Comedy"
05-07-2021,Shark Beach With Chris Hemsworth,32.86,4.00,6.40,en,Documentary
20-12-2017,Pitch Perfect 3,32.86,2866.00,6.60,en,"Comedy, Music"
19-10-2017,The Last Warrior,32.84,112.00,7.10,ru,"Fantasy, Family, Adventure, Action, Comedy"
09-02-2010,Dante's Inferno: An Animated Epic,32.84,381.00,6.90,en,"Action, Adventure, Animation, Horror"
12-10-2011,The Thing,32.84,2251.00,6.20,en,"Horror, Science Fiction, Mystery, Thriller"
25-07-2021,The Father Who Moves Mountains,32.83,59.00,6.00,ro,"Drama, Thriller"
05-10-2017,My Little Pony: The Movie,32.81,294.00,7.20,en,"Family, Animation, Music, Adventure, Fantasy"
11-05-1994,The Crow,32.81,3027.00,7.50,en,"Fantasy, Action, Thriller"
13-11-2014,Clown,32.81,1070.00,5.60,en,Horror
02-10-1998,Antz,32.80,3729.00,6.10,en,"Adventure, Animation, Comedy, Family"
06-08-1999,The Sixth Sense,32.80,9349.00,7.90,en,"Mystery, Thriller, Drama"
18-06-2020,You Should Have Left,32.76,446.00,5.90,en,Horror
28-06-2000,The Patriot,32.76,3075.00,7.10,en,"Drama, History, War, Action"
01-08-2018,Along with the Gods: The Last 49 Days,32.75,291.00,8.30,ko,"Drama, Fantasy, Action"
27-07-2016,Operation Chromite,32.74,149.00,5.90,ko,"History, Drama, War, Action"
29-07-2005,Sky High,32.73,1884.00,6.20,en,"Adventure, Comedy, Family"
14-03-2019,Us,32.72,5640.00,7.00,en,"Horror, Thriller, Mystery"
25-12-2015,The Hateful Eight,32.72,11871.00,7.70,en,"Drama, Mystery, Western"
24-11-2017,Singularity,32.71,158.00,3.60,en,Science Fiction
29-11-2016,La La Land,32.68,14081.00,7.90,en,"Comedy, Drama, Romance, Music"
15-10-2016,Terrifier,32.67,514.00,6.40,en,"Horror, Thriller"
14-02-2013,Barbie in the Pink Shoes,32.66,283.00,6.80,en,"Animation, Family"
25-06-1974,Emmanuelle,32.66,504.00,5.90,fr,"Drama, Romance"
28-07-2006,The Ant Bully,32.62,1101.00,5.70,en,"Fantasy, Adventure, Animation, Comedy, Family"
14-12-2020,Army of One,32.61,52.00,5.10,en,Action
04-10-2019,Wonder Woman: Bloodlines,32.60,364.00,7.10,en,"Science Fiction, Animation, Action, Fantasy"
03-12-2015,Point Break,32.59,1935.00,5.90,en,Action
13-07-2010,The Sorcerer's Apprentice,32.57,4176.00,6.10,en,"Fantasy, Adventure, Action"
22-03-1985,Friday the 13th: A New Beginning,32.56,822.00,5.30,en,Horror
13-05-2010,Letters to Juliet,32.56,2489.00,7.00,en,"Comedy, Drama, Romance"
13-12-2007,National Treasure: Book of Secrets,32.54,4211.00,6.30,en,"Action, Adventure, Mystery, Thriller"
09-10-2001,Scooby-Doo! and the Cyber Chase,32.52,382.00,7.40,en,"Animation, Adventure, Comedy"
11-12-1962,Lawrence of Arabia,32.52,2264.00,8.00,en,"War, History, Adventure, Drama"
18-12-2013,Her,32.51,11883.00,7.90,en,"Romance, Science Fiction, Drama"
13-09-2018,Johnny English Strikes Again,32.50,1958.00,6.20,en,"Action, Adventure, Comedy"
13-08-2009,Case 39,32.49,1820.00,6.30,en,"Horror, Mystery, Thriller"
23-12-2010,Gulliver's Travels,32.46,1938.00,5.20,en,"Family, Comedy, Adventure, Fantasy"
15-12-2004,Million Dollar Baby,32.46,7778.00,8.00,en,Drama
04-03-1996,Dragon Ball: The Path to Power,32.44,241.00,7.20,ja,"Animation, Adventure, Fantasy"
10-03-2016,10 Cloverfield Lane,32.43,6487.00,7.00,en,"Thriller, Science Fiction, Drama, Horror"
17-06-1988,Red Heat,32.41,1097.00,6.10,en,"Action, Crime"
30-08-2019,Uncut Gems,32.41,3478.00,7.10,en,"Drama, Thriller, Crime"
03-11-2005,The Nun,32.41,178.00,5.50,es,"Horror, Mystery"
30-09-2018,Believe Me: The Abduction of Lisa McVey,32.40,342.00,8.30,en,"Drama, TV Movie"
03-05-2023,Guardians of the Galaxy Vol. 3,32.38,0.00,0.00,en,"Action, Adventure, Science Fiction, Comedy"
01-11-2018,Overlord,32.37,2257.00,6.70,en,"Horror, War, Science Fiction"
10-09-2005,Brokeback Mountain,32.35,5585.00,7.80,en,"Drama, Romance"
22-10-2021,Warning,32.35,49.00,5.50,en,"Science Fiction, Thriller, Drama"
21-09-2012,Trouble with the Curve,32.33,1064.00,6.90,en,"Drama, Romance"
21-12-1949,Samson and Delilah,32.33,133.00,6.50,en,"Drama, Romance, Adventure"
22-03-2017,Life,32.32,6039.00,6.40,en,"Horror, Science Fiction, Thriller"
30-09-2011,What's Your Number?,32.31,1949.00,6.50,en,"Comedy, Romance"
02-01-2004,American Pie: Revealed,32.31,145.00,5.90,en,"Documentary, Comedy"
24-06-2020,The Outpost,32.31,722.00,6.90,en,"War, Drama, History, Action"
11-10-2017,The Ritual,32.29,2223.00,6.20,en,"Horror, Thriller, Mystery"
07-10-2016,A Monster Calls,32.28,2718.00,7.20,en,"Drama, Fantasy"
09-05-2003,The Animatrix,32.27,1200.00,7.20,en,"Animation, Science Fiction"
21-06-1993,Battle Angel,32.26,148.00,6.70,ja,"Animation, Action, Science Fiction"
08-03-2022,Taylor Tomlinson: Look at You,32.26,1.00,8.00,en,Comedy
22-06-2005,Herbie Fully Loaded,32.26,1875.00,5.60,en,"Comedy, Family, Adventure, Fantasy, Romance"
04-03-2005,The Pacifier,32.25,2516.00,6.10,en,"Comedy, Family"
07-09-2016,Sully,32.24,5938.00,7.10,en,"Drama, History"
21-09-2018,Apostle,32.23,1107.00,6.10,en,"Horror, Mystery, Thriller, Drama"
19-10-2018,Magical Girl Lyrical Nanoha: Detonation,32.22,6.00,7.00,ja,"Action, Animation, Science Fiction"
20-01-2006,High School Musical,32.20,3952.00,6.60,en,"Comedy, Drama, Family, Music, Romance, TV Movie"
07-03-2003,Tears of the Sun,32.20,1731.00,6.80,en,"War, Action, Drama"
25-02-2003,Atlantis: Milo's Return,32.20,2153.00,6.20,en,"Fantasy, Animation, Science Fiction, Family, Action"
05-04-2015,Killing Jesus,32.19,63.00,6.30,en,"Drama, History, TV Movie"
28-05-2016,Wolf Girl and Black Prince,32.19,48.00,6.60,ja,Romance
09-07-2009,The Collector,32.18,1107.00,6.60,en,"Horror, Thriller"
27-06-2016,Nerve,32.17,6068.00,7.10,en,"Mystery, Adventure, Crime"
12-11-2020,The Comeback Trail,32.16,148.00,5.80,en,"Comedy, Crime"
20-12-2015,One Piece: Adventure of Nebulandia,32.15,113.00,7.40,ja,"Action, Animation, Adventure, Comedy, Fantasy"
30-01-2014,RoboCop,32.15,4604.00,5.80,en,"Science Fiction, Action"
23-01-2012,Bachelorette,32.15,1056.00,5.40,en,"Comedy, Romance"
30-06-1995,Judge Dredd,32.14,1874.00,5.70,en,Science Fiction
14-07-2016,Hard Target 2,32.12,165.00,6.10,en,"Action, Thriller"
09-07-2017,Dragonheart: Battle for the Heartfire,32.10,169.00,6.20,en,"Fantasy, Adventure"
06-12-2005,Memoirs of a Geisha,32.10,2317.00,7.70,en,"Drama, Romance, History"
23-08-2020,Superman: Man of Tomorrow,32.10,323.00,7.30,en,"Animation, Action, Science Fiction"
13-12-2020,Promising Young Woman,32.08,1905.00,7.60,en,"Thriller, Crime, Drama"
21-08-1981,Private Lessons,32.08,67.00,5.70,en,"Comedy, Romance"
14-06-2003,Bare Sex,32.07,16.00,7.70,en,"Romance, Drama"
13-12-2005,Scooby-Doo! in Where's My Mummy?,32.06,295.00,7.50,en,"Mystery, Animation, Family, Adventure, Comedy, Fantasy"
09-05-2019,The Hustle,32.04,2007.00,6.30,en,Comedy
12-07-2013,Killing Season,32.04,810.00,5.50,en,"Action, Thriller"
16-07-2014,Step Up All In,32.03,1710.00,6.80,en,"Romance, Drama, Music"
23-02-2010,Justice League: Crisis on Two Earths,32.02,526.00,7.40,en,"Action, Adventure, Animation, Science Fiction"
06-09-2014,Song of the Sea,32.00,1083.00,8.00,en,"Family, Animation, Fantasy"
08-02-2008,In Bruges,32.00,3920.00,7.50,en,"Comedy, Drama, Crime"
05-10-2017,The Mountain Between Us,31.99,1876.00,6.60,en,"Romance, Adventure, Drama"
10-07-1992,Universal Soldier,31.98,1238.00,6.30,en,"Thriller, Action, Science Fiction, Crime"
17-06-2004,The Terminal,31.97,6265.00,7.30,en,"Comedy, Drama"
20-12-1986,Dragon Ball: Curse of the Blood Rubies,31.97,229.00,6.80,ja,"Action, Animation, Adventure, Comedy, Fantasy, Science Fiction"
24-12-2003,Cheaper by the Dozen,31.97,2310.00,6.30,en,"Comedy, Family"
07-03-2013,Vehicle 19,31.94,425.00,5.30,en,"Thriller, Action"
05-02-2002,City of God,31.94,5643.00,8.40,pt,"Drama, Crime"
01-05-2019,UglyDolls,31.94,353.00,6.70,en,"Family, Animation, Comedy, Adventure, Fantasy, Music"
09-09-2011,The Descendants,31.93,2237.00,6.80,en,"Comedy, Drama"
09-03-1984,Children of the Corn,31.90,727.00,5.70,en,"Horror, Thriller"
11-10-2008,High School Musical 3: Senior Year,31.89,3044.00,6.60,en,"Comedy, Romance, Drama, Family, Music"
01-12-2020,Angela's Christmas Wish,31.89,82.00,6.40,en,"Animation, Family"
18-06-2016,Sadako vs. Kayako,31.88,156.00,5.40,ja,Horror
27-03-2008,21,31.87,3793.00,6.70,en,"Drama, Crime"
11-01-2010,The Book of Eli,31.86,4981.00,6.80,en,"Action, Thriller, Science Fiction"
16-11-2018,Welcome Home,31.86,253.00,5.20,en,"Thriller, Horror"
22-05-1992,Alien³,31.82,4346.00,6.30,en,"Science Fiction, Action, Horror"
15-01-2016,Barbie: Spy Squad,31.81,298.00,7.00,en,"Action, Animation, Family"
02-09-1992,Reservoir Dogs,31.81,11634.00,8.10,en,"Crime, Thriller"
09-07-2018,Mamma Mia! Here We Go Again,31.80,2806.00,7.20,en,"Comedy, Romance"
26-01-2018,Kickboxer: Retaliation,31.79,220.00,5.40,en,"Action, Drama"
01-12-1973,Fantastic Planet,31.79,643.00,7.70,fr,"Animation, Science Fiction"
22-09-2019,Fractured,31.79,1768.00,6.70,en,Thriller
01-02-2004,Megalodon,31.79,45.00,4.60,en,Action
09-12-2016,Spectral,31.78,1334.00,6.40,en,"Science Fiction, Thriller, Action"
29-05-2008,The Strangers,31.77,1862.00,6.10,en,"Thriller, Horror, Mystery"
12-02-2021,The World to Come,31.76,183.00,7.20,en,"Romance, Drama, Western"
25-02-2011,Hall Pass,31.75,1598.00,5.60,en,"Comedy, Romance"
01-04-2005,Sin City,31.75,6640.00,7.40,en,"Thriller, Action, Crime"
04-06-2021,Ama,31.74,44.00,6.50,es,Drama
05-06-1997,Con Air,31.71,3198.00,6.70,en,"Action, Thriller, Crime"
02-08-2018,Christopher Robin,31.70,2241.00,7.30,en,"Adventure, Comedy, Family, Fantasy"
05-03-2005,One Piece: Baron Omatsuri and the Secret Island,31.69,145.00,7.10,ja,"Action, Animation, Comedy"
02-03-2017,Before I Fall,31.68,3051.00,7.00,en,"Drama, Mystery, Thriller, Fantasy"
16-09-2005,Lord of War,31.67,3601.00,7.30,en,"Crime, Drama, Thriller"
29-10-2003,Luther,31.66,244.00,6.50,en,"Drama, History"
17-11-1999,The World Is Not Enough,31.66,2254.00,6.20,en,"Adventure, Action, Thriller"
18-07-2013,The World's End,31.64,4392.00,6.80,en,"Comedy, Action, Science Fiction"
10-06-2021,In the Heights,31.63,456.00,7.30,en,"Drama, Music, Romance"
17-07-1981,Endless Love,31.63,154.00,5.60,en,"Romance, Drama"
04-08-2006,Barnyard,31.63,841.00,5.80,en,"Animation, Comedy, Family"
02-08-2012,Diary of a Wimpy Kid: Dog Days,31.62,730.00,6.30,en,"Comedy, Family"
26-04-1995,Friday,31.58,1333.00,7.10,en,Comedy
21-09-2018,Assassination Nation,31.56,646.00,6.30,en,"Thriller, Horror, Comedy"
12-09-2009,Scooby-Doo! The Mystery Begins,31.56,539.00,6.50,en,"Mystery, Animation, Comedy, Fantasy"
08-07-2016,Captain Fantastic,31.55,5310.00,7.90,en,"Adventure, Drama"
25-10-2002,Ghost Ship,31.54,1843.00,5.90,en,"Horror, Mystery, Thriller"
10-06-2014,Age of Tomorrow,31.53,53.00,3.00,en,"Thriller, Science Fiction, Action"
07-06-1996,The Rock,31.53,3624.00,7.10,en,"Action, Adventure, Thriller"
30-11-2018,Mobile Suit Gundam Narrative,31.52,7.00,7.30,ja,"Animation, Science Fiction, Action"
15-11-1978,The Lord of the Rings,31.52,637.00,6.60,en,"Adventure, Animation, Fantasy"
09-02-2008,L: change the WorLd,31.49,196.00,5.80,ja,"Fantasy, Action, Thriller, Science Fiction, Mystery"
01-03-2008,"One Piece: Episode of Chopper Plus: Bloom in the Winter, Miracle Cherry Blossom",31.47,92.00,7.00,ja,"Action, Animation, Adventure, Comedy"
27-09-2011,Batman: Year One,31.45,703.00,7.30,en,"Action, Animation, Crime, Science Fiction"
28-06-2019,The Other Side of Heaven 2: Fire of Faith,31.43,7.00,5.10,en,"Adventure, Drama"
29-04-2011,Hoodwinked Too! Hood VS. Evil,31.42,438.00,5.10,en,"Comedy, Animation, Family"
12-02-2020,The Lost Prince,31.41,277.00,5.80,fr,"Fantasy, Adventure, Comedy"
06-09-2012,Stolen,31.40,818.00,5.40,en,"Action, Crime, Thriller"
28-10-2021,Freaks Out,31.40,372.00,7.50,it,"Adventure, Action, Science Fiction"
29-12-2016,Viking,31.39,120.00,4.90,ru,"History, Action, Drama"
12-03-1999,Wishmaster 2: Evil Never Dies,31.38,184.00,5.50,en,"Fantasy, Horror"
25-03-2021,Caught by a Wave,31.38,184.00,6.70,it,"Drama, Romance"
29-09-1978,Death on the Nile,31.38,514.00,7.10,en,Mystery
25-05-2019,Murder Mystery,31.38,3190.00,6.30,en,Comedy
07-03-1992,Doraemon: Nobita and the Kingdom of Clouds,31.36,16.00,7.00,ja,Animation
21-07-2005,The Island,31.35,4443.00,6.70,en,"Action, Thriller, Science Fiction, Adventure"
13-02-2004,50 First Dates,31.35,5959.00,6.80,en,"Comedy, Romance"
17-02-1987,The Running Man,31.35,1753.00,6.50,en,"Action, Science Fiction, Thriller"
22-02-2002,Dragonfly,31.34,677.00,6.50,en,"Thriller, Fantasy"
24-01-2014,The Monuments Men,31.34,3030.00,6.00,en,"War, Drama, History, Action"
14-10-2009,The Descent: Part 2,31.34,804.00,5.90,en,"Adventure, Horror, Thriller"
17-10-2014,Birdman or (The Unexpected Virtue of Ignorance),31.33,11108.00,7.50,en,"Drama, Comedy"
22-05-2002,Irreversible,31.33,2041.00,7.30,fr,"Drama, Thriller, Crime, Mystery"
01-09-2015,Regular Show: The Movie,31.33,257.00,7.80,en,"Animation, Comedy, Science Fiction, TV Movie"
02-10-1987,Near Dark,31.33,494.00,6.90,en,Horror
27-08-2021,Megalodon Rising,31.32,78.00,7.00,en,"Action, Science Fiction"
17-02-2022,Jeepers Creepers: Reborn,31.29,1.00,2.00,en,"Horror, Thriller"
12-02-2021,A Writer's Odyssey,31.29,130.00,7.40,zh,"Drama, Action, Fantasy"
17-11-2012,Evangelion: 3.0 You Can (Not) Redo,31.29,521.00,7.40,ja,"Animation, Science Fiction, Action, Drama"
05-10-1978,Drunken Master,31.29,669.00,7.30,cn,"Action, Comedy"
27-02-1998,Dark City,31.28,2126.00,7.30,en,"Mystery, Science Fiction"
01-06-2016,The Handmaiden,31.27,2592.00,8.30,ko,"Thriller, Drama, Romance"
25-12-2015,Daddy's Home,31.26,2594.00,6.20,en,Comedy
20-08-1993,Hard Target,31.25,826.00,6.30,en,Action
11-03-2011,Red Riding Hood,31.24,2717.00,6.00,en,"Fantasy, Thriller, Horror"
23-11-2018,The Favourite,31.20,4306.00,7.60,en,"Drama, Comedy"
16-01-2017,CHiPS,31.20,1035.00,6.10,en,"Action, Comedy, Crime"
11-07-2017,Camp Cool Kids,31.19,28.00,5.70,en,Family
13-10-1994,New Nightmare,31.19,1018.00,6.40,en,"Horror, Mystery, Fantasy"
29-06-1999,Wild Wild West,31.17,2735.00,5.30,en,"Action, Adventure, Comedy, Science Fiction, Western"
20-11-2015,In the Heart of the Sea,31.17,3367.00,6.70,en,"Thriller, Drama, Adventure, Action, History"
12-11-2008,Slumdog Millionaire,31.14,8839.00,7.70,en,"Drama, Romance"
14-05-2021,The Woman in the Window,31.14,1416.00,6.10,en,"Drama, Crime, Mystery, Thriller"
01-09-2007,Evangelion: 1.0 You Are (Not) Alone,31.13,626.00,7.70,ja,"Animation, Science Fiction, Action, Drama"
03-10-1985,Commando,31.12,2104.00,6.60,en,"Action, Adventure, Thriller"
16-04-1995,Joseph,31.12,120.00,8.40,en,"Drama, History"
25-02-2022,The Last Mark,31.12,1.00,2.00,en,"Action, Thriller"
29-09-2006,Open Season,31.11,2159.00,6.10,en,"Animation, Family, Adventure, Comedy"
24-02-2009,Barbie Presents: Thumbelina,31.11,371.00,6.60,en,"Animation, Family"
01-09-2000,Snatch,31.10,7192.00,7.80,en,"Crime, Comedy"
11-02-1993,Groundhog Day,31.10,6219.00,7.60,en,"Romance, Fantasy, Drama, Comedy"
17-11-2020,The Lego Star Wars Holiday Special,31.10,226.00,6.80,en,"Animation, Family, Adventure, Comedy, Science Fiction"
19-11-2004,National Treasure,31.09,5146.00,6.60,en,"Adventure, Action, Thriller, Mystery"
02-11-2007,American Gangster,31.09,4260.00,7.60,en,"Drama, Crime"
08-02-2012,Fucking Different XXX,31.09,8.00,6.40,en,Drama
15-10-2015,Momentum,31.08,436.00,5.70,en,"Action, Crime, Thriller"
25-06-2021,Jurassic World: Dominion - Prologue,31.07,1.00,2.00,en,"Science Fiction, Action"
13-01-2012,Man on a Ledge,31.06,2125.00,6.40,en,"Action, Thriller, Crime"
10-03-2015,The Man with the Iron Fists 2,31.05,196.00,5.70,en,Action
29-08-2017,Bring It On: Worldwide #Cheersmack,31.04,193.00,6.00,en,"Comedy, Romance"
01-01-2001,Talk Sex,31.04,11.00,4.80,en,"Romance, Drama"
22-04-2014,Brick Mansions,31.04,1281.00,5.90,en,"Action, Crime, Drama"
31-10-2007,The Legend of the Nahuala,31.02,127.00,7.60,es,"Animation, Family, Fantasy"
08-08-1986,Stand by Me,31.01,4477.00,7.90,en,"Crime, Drama"
10-02-2010,Valentine's Day,31.00,2645.00,5.90,en,"Comedy, Romance"
24-09-2010,You Again,30.98,1062.00,6.30,en,"Comedy, Romance"
20-09-2013,Witching & Bitching,30.98,520.00,6.30,es,"Comedy, Horror"
10-10-2012,Silent Hill: Revelation 3D,30.96,1267.00,5.40,en,"Thriller, Horror, Mystery"
16-07-1993,Hocus Pocus,30.96,2082.00,7.00,en,"Comedy, Family, Fantasy"
01-10-2020,2067,30.96,589.00,5.10,en,"Science Fiction, Thriller"
29-07-2015,The Little Prince,30.96,2328.00,7.60,en,"Adventure, Animation, Fantasy, Family"
13-12-1961,West Side Story,30.95,1439.00,7.30,en,"Crime, Drama, Romance"
07-07-2016,Mike and Dave Need Wedding Dates,30.95,2145.00,6.10,en,Comedy
12-12-2016,Patriots Day,30.91,2129.00,7.00,en,"Action, Crime, Drama, History, Thriller"
02-02-2016,The Black Devil and the White Prince,30.91,66.00,7.60,ja,"Comedy, Romance"
11-12-2018,Leprechaun Returns,30.91,239.00,6.00,en,"Horror, Fantasy, Comedy"
09-07-1982,Tron,30.91,1707.00,6.70,en,"Science Fiction, Action, Adventure"
05-06-2018,The Debt Collector,30.91,145.00,5.90,en,Action
25-12-1993,Tombstone,30.90,1512.00,7.60,en,"Western, Action"
20-02-2004,EuroTrip,30.90,1940.00,6.50,en,Comedy
27-06-2017,Jungle,30.89,1513.00,6.50,en,"Adventure, Drama, Thriller"
25-08-2013,Barbie Mariposa & the Fairy Princess,30.88,234.00,7.00,en,"Animation, Family, Fantasy"
11-10-2019,El Camino: A Breaking Bad Movie,30.87,3670.00,6.90,en,"Crime, Drama, Thriller, Action"
31-05-2000,Big Momma's House,30.87,1849.00,5.80,en,"Crime, Comedy"
14-01-2016,Ride Along 2,30.86,1382.00,6.20,en,"Action, Comedy"
31-08-2018,The Quake,30.86,514.00,6.80,no,"Action, Thriller"
17-07-2014,Planes: Fire & Rescue,30.85,657.00,6.20,en,"Animation, Comedy, Adventure, Family"
10-08-2007,Ben 10: Secret of the Omnitrix,30.84,155.00,7.20,en,"Animation, Science Fiction, Family"
13-03-1987,Evil Dead II,30.83,2232.00,7.50,en,"Horror, Comedy, Fantasy"
06-02-2015,X-Rated: The Greatest Adult Movies of All Time,30.81,117.00,5.90,en,Documentary
24-12-2015,Ip Man 3,30.81,1290.00,7.00,cn,"Action, Drama, History"
16-11-2010,Superman/Shazam!: The Return of Black Adam,30.79,491.00,7.30,en,"Animation, Action, Science Fiction, Fantasy"
16-07-1998,The Mask of Zorro,30.79,3263.00,6.50,en,"Action, Adventure"
11-11-2021,Row 19,30.78,4.00,4.60,ru,Horror
25-07-2013,General Cemetery,30.78,36.00,6.60,es,Horror
05-02-2016,Wildflower,30.77,24.00,5.30,en,"Thriller, Drama"
03-06-2021,Dancing Queens,30.76,69.00,5.90,sv,"Comedy, Drama"
01-03-2014,Harmonie,30.75,19.00,7.10,ja,"Animation, Drama"
20-03-2015,Do You Believe?,30.75,106.00,6.70,en,"Fantasy, Drama"
07-02-1968,Planet of the Apes,30.75,2593.00,7.60,en,"Science Fiction, Adventure, Drama, Action"
09-03-2011,Mars Needs Moms,30.73,529.00,6.00,en,"Adventure, Animation, Family"
21-12-2016,Monster Trucks,30.73,682.00,6.10,en,"Action, Comedy, Science Fiction"
07-02-2010,Avatar: Creating the World of Pandora,30.72,15.00,6.70,en,Documentary
12-06-2009,Moon,30.72,4605.00,7.60,en,"Science Fiction, Drama"
08-10-2021,Justin Bieber: Our World,30.71,16.00,7.20,en,"Music, Documentary"
27-10-1999,The Messenger: The Story of Joan of Arc,30.71,1127.00,6.30,en,"Adventure, Drama, Action, History, War"
25-10-2002,Jackass: The Movie,30.71,1154.00,6.20,en,"Comedy, Action, Documentary"
08-02-2019,What Men Want,30.70,1103.00,6.20,en,"Comedy, Romance"
15-12-2000,What Women Want,30.69,3164.00,6.40,en,"Comedy, Romance"
13-12-1971,Diamonds Are Forever,30.67,1540.00,6.40,en,"Adventure, Action, Thriller"
31-07-2016,Throne of Elves,30.66,141.00,7.50,zh,"Fantasy, Animation, Family"
18-02-2009,District 13: Ultimatum,30.66,903.00,6.40,fr,"Action, Thriller, Crime"
08-09-2011,Contagion,30.65,5001.00,6.60,en,"Drama, Thriller, Science Fiction"
21-12-2005,Cheaper by the Dozen 2,30.64,1685.00,6.10,en,"Comedy, Family, Adventure"
10-04-1992,FernGully: The Last Rainforest,30.63,442.00,6.30,en,"Family, Fantasy, Animation, Adventure"
28-09-2020,Reaptown,30.63,8.00,4.70,en,"Horror, Thriller, Mystery"
14-07-2007,Pokémon: The Rise of Darkrai,30.62,197.00,6.80,ja,"Family, Adventure, Animation, Fantasy, Action"
07-05-2008,Speed Racer,30.61,1176.00,6.20,en,"Family, Action, Adventure, Comedy"
18-07-1998,Pokémon: The First Movie - Mewtwo Strikes Back,30.61,1131.00,6.90,ja,"Animation, Family, Adventure, Fantasy, Action"
24-08-2018,Searching,30.60,3052.00,7.60,en,"Thriller, Mystery, Drama"
13-11-2020,The 100 Candles Game,30.59,84.00,5.90,en,Horror
17-09-2010,Camp Rock 2: The Final Jam,30.59,1329.00,6.30,en,"Comedy, Music, TV Movie"
27-10-2017,Acts of Vengeance,30.56,437.00,5.90,en,"Thriller, Action, Drama"
08-11-2007,No Country for Old Men,30.56,9478.00,7.90,en,"Crime, Drama, Thriller"
19-04-2012,The Lucky One,30.55,2980.00,7.10,en,"Drama, Romance"
06-02-2016,New Initial D the Movie - Legend 3: Dream,30.55,39.00,7.40,ja,"Action, Animation, Drama"
21-01-2016,How to Be Single,30.53,2809.00,6.20,en,"Comedy, Romance"
24-09-2009,Surrogates,30.53,2577.00,6.10,en,"Science Fiction, Action, Thriller"
17-08-1973,Enter the Dragon,30.52,1380.00,7.40,en,Action
18-11-1975,One Flew Over the Cuckoo's Nest,30.51,8415.00,8.40,en,Drama
12-12-1994,The Land Before Time: The Great Valley Adventure,30.50,456.00,6.30,en,"Animation, Adventure, Family"
05-02-2021,Bliss,30.49,454.00,5.50,en,"Science Fiction, Romance, Drama"
02-09-2016,The Light Between Oceans,30.48,1176.00,7.10,en,"Drama, Romance"
09-11-2021,Dear Rider: The Jake Burton Story,30.48,7.00,5.60,en,Documentary
24-05-2009,Prison Break: The Final Break,30.47,510.00,7.50,en,"Action, Drama, Thriller"
10-10-2013,Captain Phillips,30.47,5704.00,7.60,en,"Action, Drama, Thriller"
21-04-2006,A Movie of Eggs,30.45,238.00,7.70,es,"Animation, Comedy"
04-09-2005,Wallace & Gromit: The Curse of the Were-Rabbit,30.45,2072.00,7.00,en,"Adventure, Animation, Comedy, Family"
18-12-2003,Peter Pan,30.44,2191.00,7.20,en,"Adventure, Fantasy, Family"
17-01-2013,Mama,30.42,3506.00,6.20,en,Horror
18-03-1959,The Diary of Anne Frank,30.41,277.00,7.20,en,"Drama, History"
01-11-2017,Trolls Holiday,30.40,396.00,6.70,en,"Adventure, Animation, Family, Fantasy"
11-06-1993,Jurassic Park,30.40,13222.00,7.90,en,"Adventure, Science Fiction"
24-09-1993,The Good Son,30.39,730.00,6.70,en,Thriller
05-03-1999,Cruel Intentions,30.38,2554.00,6.80,en,"Drama, Romance"
19-11-2009,Planet 51,30.37,1647.00,5.80,en,"Family, Comedy, Science Fiction, Adventure, Animation"
22-03-1984,Police Academy,30.33,2017.00,6.60,en,"Comedy, Crime"
23-10-2009,Fantastic Mr. Fox,30.32,3967.00,7.80,en,"Adventure, Animation, Comedy, Family"
18-02-2016,Risen,30.30,657.00,6.10,en,"Drama, History"
08-07-2000,Pokémon 3: The Movie - Spell of the Unown,30.30,483.00,6.40,ja,"Adventure, Fantasy, Animation, Action, Family"
25-08-2017,All Saints,30.29,45.00,6.20,en,"Drama, Comedy"
13-07-2017,Immortal Demon Slayer,30.25,117.00,7.70,zh,"Fantasy, Action, Adventure"
10-09-2021,Azor,30.24,27.00,6.10,fr,"Drama, Thriller"
07-07-2017,Wish Upon,30.24,1086.00,5.60,en,"Horror, Thriller, Fantasy"
06-10-2015,Tremors 5: Bloodlines,30.24,304.00,5.40,en,"Action, Adventure, Comedy, Horror, Science Fiction"
06-03-2020,The Banker,30.24,530.00,7.50,en,Drama
09-05-2014,Rage,30.23,612.00,5.20,en,"Action, Crime, Thriller"
22-03-2013,The Host,30.23,3531.00,6.30,en,"Action, Adventure, Romance, Science Fiction, Thriller"
01-10-1993,Return of the Living Dead III,30.23,618.00,6.70,en,"Science Fiction, Horror"
12-11-2019,Lady and the Tramp,30.22,1282.00,7.30,en,"Family, Romance, Comedy"
31-05-2013,The Book of Esther,30.22,12.00,6.00,en,Drama
28-10-2006,Death Note: The Last Name,30.22,351.00,6.90,ja,"Fantasy, Thriller, Mystery"
15-07-2006,The Girl Who Leapt Through Time,30.21,1558.00,7.80,ja,"Fantasy, Animation, Drama, Science Fiction"
26-06-2015,Max,30.20,635.00,7.10,en,"Adventure, Drama"
24-09-2021,The Secret Lives of College Freshmen,30.20,1.00,2.00,en,"TV Movie, Thriller"
03-10-2013,Gravity,30.20,13149.00,7.20,en,"Science Fiction, Thriller, Drama"
21-08-1981,An American Werewolf in London,30.20,1762.00,7.40,en,"Horror, Comedy"
01-01-2017,Molly's Game,30.18,3033.00,7.10,en,"Crime, Drama"
12-02-2014,Beauty and the Beast,30.17,1763.00,6.10,fr,"Fantasy, Romance"
08-06-1984,Top Secret!,30.16,825.00,7.10,en,Comedy
01-07-1989,The Gods Must Be Crazy II,30.15,353.00,6.90,en,"Action, Comedy"
12-06-1998,Six Days Seven Nights,30.13,1100.00,6.00,en,"Adventure, Action, Comedy, Romance"
07-02-1980,Cannibal Holocaust,30.12,1180.00,6.30,it,Horror
01-09-2003,The Dreamers,30.09,2304.00,7.30,en,"Drama, Romance"
15-11-2013,Water and Fire,30.09,103.00,7.80,tr,"Drama, Romance"
30-03-1990,Dances with Wolves,30.09,3289.00,7.90,en,"Adventure, Drama, Western"
15-08-1979,Apocalypse Now,30.09,6379.00,8.30,en,"Drama, War"
14-03-2018,Blockers,30.09,1646.00,6.30,en,Comedy
24-11-2014,Paddington,30.07,2837.00,7.10,en,"Comedy, Adventure, Family"
27-01-1994,The Voyeur,30.07,116.00,4.70,it,"Drama, Romance"
07-02-2018,Revenge,30.04,1367.00,6.40,fr,"Action, Thriller, Horror"
19-08-2021,No Man of God,30.03,103.00,6.80,en,"Crime, History, Drama"
27-10-2011,The Double,30.03,514.00,5.80,en,"Action, Drama, Crime"
22-03-1972,Fist of Fury,30.03,672.00,7.30,zh,"Drama, Action, Thriller"
05-12-2005,Kronk's New Groove,30.01,1000.00,6.40,en,"Animation, Comedy, Family"
05-06-2009,My Life in Ruins,29.99,328.00,6.10,en,"Comedy, Romance"
04-02-2022,"Kinsenas, Katapusan",29.98,2.00,4.00,tl,Thriller
09-11-2005,Get Rich or Die Tryin',29.97,683.00,6.70,en,"Drama, Crime, Music"
07-10-2015,Barbie & Her Sisters in the Great Puppy Adventure,29.96,216.00,7.30,en,"Family, Animation, Adventure"
29-06-1987,The Living Daylights,29.95,1291.00,6.50,en,"Action, Adventure, Thriller"
12-04-1979,Mad Max,29.94,3332.00,6.70,en,"Adventure, Action, Thriller, Science Fiction"
18-08-2011,Spy Kids: All the Time in the World,29.92,777.00,4.70,en,"Family, Comedy, Action"
13-02-2008,Resident Evil: Degeneration,29.92,788.00,6.80,en,"Animation, Horror, Action, Science Fiction"
06-09-2018,The Lie,29.91,497.00,6.40,en,"Drama, Horror, Mystery, Thriller"
10-03-2001,Doraemon: Nobita and the Winged Braves,29.91,22.00,7.30,ja,"Family, Animation, Adventure"
11-11-1997,Beauty and the Beast: The Enchanted Christmas,29.90,808.00,6.20,en,"Animation, Family, Fantasy"
28-09-2012,Pitch Perfect,29.90,5706.00,7.30,en,"Comedy, Music, Romance"
20-05-2017,Peach Girl,29.90,40.00,6.90,ja,"Romance, Comedy, Drama"
01-03-2003,One Piece: Dead End Adventure,29.89,125.00,6.90,ja,"Action, Animation, Adventure"
20-02-2019,Discarnate,29.86,74.00,5.50,en,"Horror, Thriller"
01-01-2008,Anaconda 3: Offspring,29.86,221.00,4.80,en,"Action, Horror, Thriller"
02-09-2008,Next Avengers: Heroes of Tomorrow,29.84,189.00,6.90,en,"Animation, Family, Action, Adventure, Science Fiction"
14-07-1994,Chungking Express,29.84,1110.00,8.00,cn,"Drama, Comedy, Romance"
24-11-2009,Old Dogs,29.84,581.00,5.50,en,"Comedy, Family"
11-08-2016,Blood Father,29.83,1247.00,6.20,en,"Action, Thriller, Drama"
25-03-2014,Scooby-Doo! WrestleMania Mystery,29.83,239.00,7.40,en,"Animation, Comedy, Family, Mystery"
29-09-2012,Asura,29.83,58.00,7.00,ja,"Animation, Drama, History, Horror"
22-05-2014,The Salvation,29.82,645.00,6.40,da,"Drama, Western"
08-03-2018,A Wrinkle in Time,29.82,1562.00,5.10,en,"Adventure, Science Fiction, Family, Fantasy"
24-10-2013,Ender's Game,29.81,4868.00,6.60,en,"Science Fiction, Action, Adventure"
03-12-2011,A Princess for Christmas,29.81,340.00,7.10,en,"Comedy, Family, TV Movie, Romance"
27-08-2010,"No eres tú, soy yo",29.81,141.00,7.20,es,"Drama, Comedy, Romance"
04-03-2021,Souvenir,29.81,28.00,6.60,es,Drama
09-03-2022,In Our Prime,29.79,0.00,0.00,ko,Drama
10-08-1983,Cujo,29.79,720.00,6.00,en,"Horror, Thriller"
20-12-2012,This Is 40,29.78,1798.00,5.80,en,Comedy
04-08-2004,"Mickey, Donald, Goofy: The Three Musketeers",29.78,716.00,6.60,en,"Adventure, Animation, Comedy, Family"
13-07-2018,Siberia,29.77,419.00,4.70,en,"Crime, Romance, Thriller"
28-01-2016,Lego Scooby-Doo!: Haunted Hollywood,29.77,188.00,7.40,en,"Animation, Family, Comedy"
11-12-2015,The Big Short,29.77,7289.00,7.30,en,"Comedy, Drama"
05-10-2001,Joy Ride,29.75,904.00,6.50,en,"Mystery, Thriller, Drama"
20-10-2017,Boo 2! A Madea Halloween,29.72,437.00,5.70,en,"Horror, Comedy"
19-09-2014,Alien Outpost,29.72,176.00,5.30,en,"Thriller, Action, Science Fiction"
31-10-1992,Army of Darkness,29.71,2325.00,7.30,en,"Fantasy, Horror, Comedy"
29-08-2018,A Simple Favor,29.70,3429.00,6.60,en,"Crime, Thriller, Mystery, Comedy"
07-09-1997,Gattaca,29.70,5005.00,7.60,en,"Thriller, Science Fiction, Mystery, Romance"
20-10-2017,The Death of Stalin,29.69,1406.00,7.00,en,"Comedy, Drama, History"
22-11-2017,Darkest Hour,29.68,4261.00,7.40,en,"Drama, History"
29-11-2010,Gantz,29.68,223.00,6.60,ja,"Horror, Action, Science Fiction"
18-07-2018,The Miseducation of Cameron Post,29.68,771.00,6.90,en,Drama
21-07-2016,Skiptrace,29.67,503.00,5.60,en,"Action, Comedy, Thriller, Mystery"
15-02-2014,Barbie: The Pearl Princess,29.67,244.00,7.00,en,"Family, Animation"
15-07-2018,Extinction,29.67,1458.00,6.00,en,"Action, Drama, Science Fiction, Thriller"
01-07-2015,Magic Mike XXL,29.66,1515.00,6.20,en,"Comedy, Drama"
04-03-2022,Nightride,29.65,3.00,5.00,en,"Thriller, Drama"
27-07-2017,Boruto: Jump Festa Special,29.65,10.00,5.70,ja,Animation
28-09-1966,The Bible: In the Beginning...,29.64,179.00,7.20,en,"Drama, Family"
10-07-2020,The Old Guard,29.64,3242.00,7.20,en,"Action, Fantasy"
07-04-1989,Dead Calm,29.63,549.00,6.60,en,"Thriller, Horror"
23-11-2010,Faster,29.63,1501.00,6.30,en,"Crime, Drama, Action, Thriller"
07-06-1984,Gremlins,29.61,5151.00,7.10,en,"Fantasy, Horror, Comedy"
21-01-2022,Redeeming Love,29.61,29.00,7.00,en,"Drama, History, Romance"
02-04-1993,The Crush,29.59,352.00,6.40,en,"Drama, Thriller, Horror"
07-09-2017,Papillon,29.58,1446.00,7.40,en,"Drama, History, Crime"
03-10-2008,Nick and Norah's Infinite Playlist,29.57,996.00,6.40,en,"Comedy, Music, Drama"
04-04-2007,Are We Done Yet?,29.57,464.00,5.70,en,"Family, Comedy"
15-03-2002,Resident Evil,29.57,5072.00,6.60,en,"Horror, Action, Science Fiction"
03-12-2021,Mixtape,29.57,74.00,7.20,en,"Comedy, Family"
13-06-2014,Kite,29.55,187.00,4.40,en,"Drama, Action"
16-11-2018,The Clovehitch Killer,29.53,452.00,6.40,en,"Drama, Mystery, Crime"
16-12-2006,Bleach the Movie: Memories of Nobody,29.52,139.00,6.90,ja,"Fantasy, Animation, Science Fiction"
24-02-1955,The Miracle of Marcelino,29.52,181.00,7.10,es,"Drama, Comedy"
13-09-2014,Rurouni Kenshin Part III: The Legend Ends,29.51,329.00,7.80,ja,"Action, Adventure, Drama, Fantasy"
06-11-2020,Jingle Jangle: A Christmas Journey,29.51,398.00,6.70,en,"Family, Fantasy, Music"
10-04-2019,Breakthrough,29.50,821.00,7.70,en,Drama
21-07-2019,Teen Titans Go! vs. Teen Titans,29.50,368.00,8.00,en,"Action, Animation"
11-02-2017,Ao Oni The Animation,29.49,7.00,4.00,ja,"Horror, Animation"
25-08-2012,Vamps,29.49,222.00,5.30,en,"Comedy, Romance, Horror"
30-07-2020,Yellowstone,29.49,1.00,7.00,en,Documentary
11-04-1997,Anaconda,29.47,1946.00,5.10,en,"Adventure, Horror, Thriller"
04-09-2013,Breakout,29.46,62.00,4.50,en,"Action, Thriller"
04-10-2010,30 Days of Night: Dark Days,29.46,385.00,4.90,en,"Horror, Thriller"
15-06-2020,Return of the Tooth Fairy,29.46,701.00,6.40,en,Horror
15-07-2016,Precious Cargo,29.45,226.00,5.20,en,"Action, Crime, Thriller"
10-10-2008,The Hurt Locker,29.45,4531.00,7.30,en,"Drama, Thriller, War"
06-08-1993,The Fugitive,29.45,3276.00,7.40,en,"Drama, Action, Thriller"
10-07-1992,Cool World,29.45,540.00,5.50,en,"Animation, Comedy, Fantasy"
11-04-1986,Critters,29.44,698.00,6.40,en,"Horror, Action, Comedy, Science Fiction, Thriller"
18-04-2008,The Forbidden Kingdom,29.44,1311.00,6.60,en,"Action, Adventure, Fantasy"
18-10-2013,I'm in Love with a Church Girl,29.44,64.00,6.20,en,"Drama, Romance"
16-09-2021,Monstruosamente Solo,29.42,8.00,4.90,en,"Comedy, Drama, Animation"
17-01-1998,Who Am I?,29.42,634.00,7.10,cn,"Adventure, Action, Comedy, Thriller"
12-01-2017,Sleepless,29.42,1064.00,5.90,en,"Action, Crime, Thriller"
13-02-2008,Jumper,29.41,4707.00,6.10,en,"Action, Adventure, Science Fiction"
17-04-2018,Deep Blue Sea 2,29.40,419.00,5.20,en,"Action, Horror, Science Fiction"
23-09-2021,Birds of Paradise,29.40,99.00,6.90,en,Drama
14-02-2017,Scooby-Doo! Shaggy's Showdown,29.38,138.00,8.00,en,"Animation, Family, Mystery, Comedy, Western"
09-11-2018,The Ballad of Buster Scruggs,29.37,3167.00,7.20,en,"Comedy, Drama, Western"
12-12-2009,One Piece Film: Strong World,29.36,250.00,7.50,ja,"Animation, Fantasy, Adventure"
09-12-2008,Gran Torino,29.35,8812.00,8.00,en,Drama
21-11-2019,Primal: Tales of Savagery,29.35,211.00,8.40,en,"Action, Adventure, Animation"
29-07-2014,Iron Man & Captain America: Heroes United,29.34,106.00,6.30,en,"Adventure, Animation, Action"
11-09-1987,Hellraiser,29.34,1770.00,6.90,en,Horror
11-05-2012,Piranha 3DD,29.34,801.00,4.30,en,"Horror, Thriller, Comedy"
18-11-2021,I Am Mortal,29.33,8.00,5.30,en,"Science Fiction, Fantasy, Drama"
19-08-2014,A Good Man,29.33,104.00,5.10,en,Action
12-09-2013,The Smurfs: The Legend of Smurfy Hollow,29.31,68.00,6.90,en,"Comedy, Animation, Family, Fantasy"
02-12-1988,The Naked Gun: From the Files of Police Squad!,29.31,2788.00,7.20,en,"Comedy, Crime"
29-06-1989,The Karate Kid Part III,29.30,1184.00,5.90,en,"Action, Family, Drama, Adventure"
21-08-2004,Hidden Leaf Village Grand Sports Festival!,29.30,8.00,7.40,ja,"Action, Animation, Comedy"
20-04-1980,The Porno Killers,29.30,7.00,3.10,it,"Crime, Action"
14-08-2007,Doctor Strange,29.29,256.00,6.90,en,"Action, Animation, Fantasy, Science Fiction"
01-01-2013,Movie 43,29.29,1867.00,4.50,en,Comedy
08-06-2016,The Assignment,29.29,388.00,5.40,en,"Action, Crime, Thriller"
20-07-2013,Instructions Not Included,29.27,699.00,7.70,es,"Comedy, Drama"
16-09-2021,Prayers for the Stolen,29.26,53.00,8.10,es,Drama
21-01-1995,Rumble in the Bronx,29.25,718.00,6.80,cn,"Crime, Action, Comedy, Thriller"
10-09-1980,The Gods Must Be Crazy,29.24,841.00,7.30,en,"Action, Comedy"
01-11-2013,Dallas Buyers Club,29.22,7202.00,7.90,en,"Drama, History"
13-03-2019,Wonder Park,29.22,542.00,6.40,en,"Comedy, Animation, Adventure, Family, Fantasy"
03-09-2015,Young Mother 3,29.20,6.00,5.50,ko,Romance
06-03-1993,Doraemon: Nobita and the Tin Labyrinth,29.20,22.00,7.30,ja,"Adventure, Animation"
10-11-2015,Victor Frankenstein,29.17,1750.00,5.90,en,"Drama, Science Fiction, Thriller"
19-08-2015,Sinister 2,29.16,1733.00,5.80,en,Horror
11-08-2006,Step Up,29.15,3201.00,6.90,en,"Music, Drama, Romance, Crime"
11-09-2014,Sunny Side Battle!,29.15,4.00,8.00,ja,"Action, Animation, Comedy"
15-11-2014,As the Gods Will,29.15,322.00,7.20,ja,"Thriller, Horror, Comedy, Mystery"
01-11-2015,A Delicious Flight,29.15,53.00,4.10,ko,Romance
27-04-2007,The Condemned,29.14,587.00,6.10,en,"Action, Thriller"
02-08-2002,Signs,29.14,4434.00,6.60,en,"Drama, Thriller, Science Fiction, Mystery"
30-10-2018,After Porn Ends 3,29.14,76.00,5.40,en,Documentary
25-12-1993,Batman: Mask of the Phantasm,29.13,773.00,7.50,en,"Action, Animation, Crime, Mystery"
06-07-2000,"Crouching Tiger, Hidden Dragon",29.13,2488.00,7.40,zh,"Adventure, Drama, Action, Romance"
18-07-2009,Pokémon: Arceus and the Jewel of Life,29.12,212.00,7.20,ja,"Family, Animation, Adventure, Fantasy"
11-12-2001,A Beautiful Mind,29.12,8345.00,7.90,en,"Drama, Romance"
23-04-1970,Beneath the Planet of the Apes,29.11,932.00,6.20,en,"Adventure, Science Fiction, Mystery"
06-03-2022,AEW Revolution,29.11,6.00,7.10,en,"Action, Drama"
25-07-1985,National Lampoon's European Vacation,29.09,637.00,6.20,en,"Adventure, Comedy, Romance"
20-10-1995,Dilwale Dulhania Le Jayenge,29.09,3474.00,8.70,hi,"Comedy, Drama, Romance"
01-07-2011,Monte Carlo,29.08,1817.00,6.60,en,"Adventure, Comedy, Romance"
19-02-2021,Silk Road,29.07,128.00,6.70,en,"Crime, Thriller"
29-03-2017,Justice League Dark,29.07,707.00,7.40,en,"Science Fiction, Action, Animation, Fantasy, Thriller"
06-10-2020,They Live Inside Us,29.07,22.00,5.90,en,Horror
08-10-2013,Zombie Night,29.07,62.00,3.90,en,Horror
25-05-2017,The Man with the Iron Heart,29.06,603.00,6.60,en,"War, Action, History, Thriller"
23-01-2010,Fate/stay night: Unlimited Blade Works,29.06,42.00,7.10,ja,"Action, Fantasy, Animation"
03-04-2019,Curiosa,29.04,137.00,6.00,fr,"Drama, History"
22-02-2018,Every Day,29.03,1950.00,7.20,en,"Fantasy, Romance"
17-08-2007,The Invasion,29.03,1150.00,6.00,en,"Science Fiction, Thriller, Mystery"
22-09-2017,Rendel,29.02,168.00,5.40,fi,"Fantasy, Action, Crime"
16-11-2018,The Princess Switch,29.01,1955.00,7.10,en,Romance
19-12-1994,Ri¢hie Ri¢h,29.01,1817.00,5.90,en,"Comedy, Family"
17-10-2007,30 Days of Night,29.00,2148.00,6.40,en,"Horror, Thriller"
28-02-2018,The Hurricane Heist,28.99,827.00,5.70,en,"Action, Crime, Thriller"
02-10-2007,Species: The Awakening,28.99,165.00,4.70,en,"Horror, Science Fiction, Thriller"
05-10-1949,The Adventures of Ichabod and Mr. Toad,28.98,407.00,6.50,en,"Horror, Fantasy, Animation, Family"
24-02-2016,Grimsby,28.98,1886.00,5.90,en,"Action, Comedy"
25-07-2019,Goodbye Summer,28.97,5.00,5.80,ko,"Romance, Drama"
11-10-2000,Memento,28.97,12003.00,8.20,en,"Mystery, Thriller"
23-06-1989,"Honey, I Shrunk the Kids",28.97,2403.00,6.30,en,"Adventure, Comedy, Family, Science Fiction"
02-08-2001,The Others,28.96,5099.00,7.60,en,"Horror, Drama, Mystery, Thriller"
28-01-2010,The Final,28.95,208.00,6.00,en,"Thriller, Horror"
01-07-2002,Halloween: Resurrection,28.95,924.00,4.60,en,"Horror, Thriller"
01-09-2007,Flawless,28.95,358.00,6.60,en,"Crime, Drama, Thriller"
26-10-2007,Halo: Landfall,28.94,21.00,5.70,en,"Action, Science Fiction"
30-09-2021,Curious George: Cape Ahoy,28.93,2.00,3.50,en,"Animation, Adventure, Comedy"
27-02-2020,The Wishmas Tree,28.92,59.00,6.80,en,"Animation, Family, Adventure, Action"
22-12-2017,Bright,28.92,4814.00,6.20,en,"Fantasy, Action, Thriller"
31-10-2014,[REC]? Apocalypse,28.92,872.00,5.60,es,"Thriller, Horror"
06-09-2018,Peppermint,28.92,1634.00,6.70,en,"Action, Thriller"
11-03-2012,Ben 10: Destroy All Aliens,28.91,43.00,6.20,en,"Animation, Science Fiction, Family, Action"
22-02-2018,Game Night,28.91,4744.00,6.80,en,"Mystery, Comedy, Crime"
26-08-2015,We Are Your Friends,28.91,2004.00,6.70,en,"Drama, Music, Romance, Comedy"
02-04-2004,Walking Tall,28.91,1168.00,6.30,en,"Adventure, Drama, Action, Thriller"
28-11-2007,Shrek the Halls,28.91,628.00,6.30,en,"Adventure, Animation, Comedy, Fantasy, Family"
03-03-2006,Aquamarine,28.91,1229.00,6.30,en,"Fantasy, Romance, Family, Comedy"
10-10-2014,Addicted,28.90,287.00,5.90,en,"Drama, Thriller"
18-07-1987,Dragon Ball: Sleeping Princess in Devil's Castle,28.89,182.00,6.50,ja,"Action, Animation"
22-11-1995,Casino,28.89,4380.00,8.00,en,"Crime, Drama"
04-01-2011,Ticking Clock,28.87,50.00,5.40,en,"Action, Thriller, Crime"
11-06-2001,Children of the Living Dead,28.87,15.00,3.30,en,"Horror, Thriller"
20-09-2002,Secretary,28.87,1187.00,6.80,en,"Comedy, Drama, Romance"
22-06-2000,"Me, Myself & Irene",28.86,3044.00,6.60,en,Comedy
09-09-2020,The Social Dilemma,28.85,1162.00,7.50,en,"Documentary, Drama"
30-09-2019,Doom: Annihilation,28.85,300.00,4.90,en,"Action, Science Fiction, Horror, Mystery"
21-04-1995,The Basketball Diaries,28.85,1491.00,7.40,en,"Drama, Crime"
23-01-2011,Mean Girls 2,28.84,1045.00,5.30,en,Comedy
29-09-2017,Apostasy,28.82,45.00,6.70,en,Drama
20-11-2020,Supernova,28.82,177.00,7.00,en,"Romance, Drama"
01-10-2018,Sex Weather,28.82,47.00,6.00,en,"Romance, Drama, Comedy"
09-09-2012,The Impossible,28.80,5309.00,7.30,en,"Thriller, Drama"
24-08-1942,Saludos Amigos,28.80,315.00,5.90,en,"Animation, Family, Adventure"
20-10-2016,Until Forever,28.79,91.00,7.60,en,"Drama, Romance"
23-09-2004,New Police Story,28.78,522.00,7.00,cn,"Action, Thriller, Crime, Drama"
19-04-2011,Sharpay's Fabulous Adventure,28.78,463.00,6.10,en,"Family, Music"
19-03-2019,Triple Threat,28.77,460.00,6.40,en,"Thriller, Action"
26-02-2010,The Crazies,28.77,1578.00,6.20,en,"Mystery, Horror, Action"
18-11-1994,The Swan Princess,28.77,788.00,6.60,en,"Family, Animation, Fantasy, Adventure, Comedy"
02-08-2013,The Spectacular Now,28.77,2456.00,6.60,en,"Comedy, Drama, Romance"
26-05-2000,Shanghai Noon,28.77,2002.00,6.40,en,"Adventure, Action, Comedy, Western"
06-10-2004,Taxi,28.76,782.00,5.50,en,"Action, Comedy, Thriller, Crime"
03-09-1985,Come and See,28.75,882.00,8.30,ru,"Drama, History, War"
29-06-2021,A Cinderella Story: Starstruck,28.75,94.00,7.40,en,"Romance, Comedy, Music"
28-06-2012,Magic Mike,28.73,2518.00,6.10,en,"Drama, Comedy"
20-10-2021,Stuck Together,28.72,262.00,6.10,fr,Comedy
07-11-2009,After.Life,28.71,853.00,6.20,en,"Drama, Horror, Mystery, Thriller"
31-08-2021,Prisoners of the Ghostland,28.70,254.00,5.10,en,"Action, Thriller"
27-12-2019,Primal,28.67,238.00,5.80,en,Action
16-05-2007,Stomp the Yard,28.67,309.00,6.80,en,"Drama, Music"
08-05-1998,Deep Impact,28.66,2339.00,6.20,en,"Action, Drama, Science Fiction"
21-11-2003,Gothika,28.65,1789.00,6.10,en,"Horror, Thriller"
16-02-1922,Nosferatu,28.64,1406.00,7.70,de,"Fantasy, Horror"
04-06-2010,Marmaduke,28.64,604.00,5.30,en,"Family, Comedy"
12-10-1989,Halloween 5: The Revenge of Michael Myers,28.63,846.00,5.40,en,"Horror, Thriller"
17-03-2000,Erin Brockovich,28.62,2449.00,7.40,en,Drama
03-09-2021,Lead Me Home,28.62,48.00,6.90,en,Documentary
14-05-2019,Adventures of Aladdin,28.61,34.00,4.50,en,"Adventure, Fantasy"
04-08-2012,Another,28.61,37.00,6.00,ja,"Horror, Thriller, Mystery"
06-09-2019,Kaguya-sama: Love Is War,28.60,26.00,7.30,ja,"Comedy, Romance"
12-08-1988,The Last Temptation of Christ,28.56,770.00,7.20,en,Drama
23-08-2017,V.I.P.,28.54,146.00,8.00,ko,"Crime, Thriller, Action"
16-09-2004,Downfall,28.54,2929.00,7.80,de,"Drama, History, War"
16-12-1994,Legends of the Fall,28.54,1981.00,7.40,en,"Adventure, Drama, Romance, War, Western"
12-03-2020,I Still Believe,28.54,959.00,7.70,en,"Music, Drama, Romance"
12-02-2021,Minari,28.53,1026.00,7.40,en,Drama
03-09-2008,Martyrs,28.53,1953.00,7.40,fr,"Horror, Drama, Thriller"
20-12-2003,Inuyasha the Movie 3: Swords of an Honorable Ruler,28.53,110.00,7.80,ja,"Animation, Fantasy, Adventure"
29-09-2000,Remember the Titans,28.52,2076.00,7.60,en,Drama
23-06-2006,Leroy & Stitch,28.52,387.00,6.60,en,"Animation, Comedy, Family"
01-10-2021,Bingo Hell,28.51,73.00,4.80,en,Thriller
29-08-2019,Night Hunter,28.51,595.00,6.50,en,"Drama, Thriller"
28-08-1992,Pet Sematary II,28.51,382.00,5.30,en,Horror
03-12-2015,I Am Dragon,28.50,283.00,7.20,ru,"Fantasy, Romance"
17-08-1990,The Exorcist III,28.50,496.00,6.20,en,"Horror, Mystery"
21-03-1986,Cobra,28.50,1299.00,6.00,en,"Action, Crime, Thriller"
27-09-2019,In the Shadow of the Moon,28.50,1023.00,6.20,en,"Science Fiction, Thriller"
09-10-2009,King of Thorn,28.48,105.00,6.50,ja,"Fantasy, Animation, Science Fiction"
22-11-2011,Hugo,28.48,6037.00,7.20,en,"Adventure, Drama, Family"
09-06-2007,Evan Almighty,28.48,3519.00,5.50,en,"Fantasy, Comedy, Family"
06-12-2019,Code 8,28.47,1372.00,6.20,en,"Science Fiction, Action, Crime, Thriller, Drama"
30-05-2018,Tag,28.47,2474.00,6.70,en,"Comedy, Action"
15-12-1939,Gone with the Wind,28.46,3211.00,8.00,en,"Drama, War, Romance"
05-06-1983,Octopussy,28.46,1456.00,6.30,en,"Adventure, Action, Thriller"
17-08-2017,Vico C: The Life Of A Philosopher,28.45,110.00,7.60,es,Drama
19-04-2007,Fracture,28.45,3119.00,7.30,en,Thriller
02-05-1997,Austin Powers: International Man of Mystery,28.45,2629.00,6.50,en,"Science Fiction, Comedy, Crime"
21-06-1985,Lifeforce,28.44,397.00,6.30,en,"Horror, Science Fiction, Thriller"
14-03-2003,Johnny English,28.44,2741.00,6.20,en,"Adventure, Action, Comedy"
17-07-1999,Pokémon: The Movie 2000,28.43,655.00,6.60,ja,"Adventure, Fantasy, Animation, Science Fiction, Family"
15-10-2004,3-Iron,28.42,863.00,7.80,ko,"Drama, Romance, Crime"
03-05-2018,Anon,28.42,1248.00,5.90,en,Science Fiction
02-08-2018,The Wife,28.41,894.00,7.10,en,Drama
19-07-1995,The Usual Suspects,28.40,8391.00,8.20,en,"Drama, Crime, Thriller"
25-09-2014,Who Am I,28.40,1176.00,7.70,de,Thriller
24-06-2020,#Alive,28.40,1210.00,7.30,ko,"Action, Horror, Thriller"
10-02-2021,The Mauritanian,28.39,680.00,7.50,en,"Drama, Thriller"
21-12-2020,"ariana grande: excuse me, i love you",28.38,290.00,8.50,en,"Music, Documentary"
18-10-2021,Yara,28.38,256.00,6.30,it,"Crime, Drama"
07-07-2004,King Arthur,28.37,2200.00,6.30,en,"Adventure, War, History, Action"
24-11-1993,Mrs. Doubtfire,28.37,5002.00,7.20,en,"Comedy, Drama, Family"
06-01-2015,88,28.36,79.00,5.10,en,"Thriller, Action"
19-04-2013,Detective Conan: Private Eye in the Distant Sea,28.36,70.00,6.70,ja,"Action, Animation, Drama"
22-05-2015,365 Days,28.34,12.00,4.80,te,Romance
06-09-2014,Messi,28.34,165.00,7.20,es,Documentary
19-10-2018,The Hate U Give,28.32,1722.00,8.30,en,"Crime, Drama"
22-03-2007,Mr. Bean's Holiday,28.31,2277.00,6.30,en,"Family, Comedy"
24-04-2006,Creepshow 3,28.31,107.00,4.60,en,"Horror, Comedy"
17-05-2006,The Barbie Diaries,28.30,305.00,6.20,en,"Family, Animation"
16-07-2011,From Up on Poppy Hill,28.28,1263.00,7.60,ja,"Animation, Drama"
01-02-2008,The Eye,28.27,790.00,5.80,en,"Drama, Horror, Thriller"
24-05-2019,Sadako,28.27,65.00,6.00,ja,Horror
07-09-2009,Solitary Man,28.27,231.00,5.80,en,"Comedy, Drama, Romance"
13-06-2020,Z-O-M-B-I-E-S 2,28.26,303.00,7.80,en,"Music, Romance, TV Movie"
11-03-2022,Malnazidos,28.26,0.00,0.00,es,"Comedy, Horror, War"
30-10-1981,Halloween II,28.24,1461.00,6.50,en,"Horror, Thriller"
22-12-2007,Bleach the Movie: The DiamondDust Rebellion,28.24,122.00,6.60,ja,"Action, Adventure, Animation"
24-10-2005,The Legend of Zorro,28.23,2373.00,6.10,en,"Action, Adventure, Western"
21-10-2015,Paranormal Activity: The Ghost Dimension,28.23,1134.00,5.30,en,"Horror, Thriller"
06-10-2000,Meet the Parents,28.22,4875.00,6.70,en,"Comedy, Romance"
01-11-2011,Haywire,28.21,1085.00,5.70,en,"Action, Drama, Thriller"
30-05-2004,Harold & Kumar Go to White Castle,28.20,1599.00,6.50,en,"Comedy, Adventure"
01-03-2019,A Madea Family Funeral,28.20,448.00,5.90,en,Comedy
25-02-2017,Closest Love to Heaven,28.20,59.00,7.80,ja,"Romance, Drama"
11-11-1997,Mortal Kombat: Annihilation,28.20,885.00,4.50,en,"Action, Fantasy, Science Fiction"
09-04-2015,The Longest Ride,28.19,2712.00,7.60,en,"Drama, Romance"
11-10-2019,The King,28.19,2407.00,7.20,en,"Drama, History, War"
06-10-2017,Better Watch Out,28.19,1100.00,6.70,en,"Comedy, Horror, Thriller"
21-02-2006,Ultimate Avengers: The Movie,28.18,267.00,6.80,en,"Action, Animation, Family, Adventure, Science Fiction"
22-09-1998,Scooby-Doo on Zombie Island,28.18,536.00,7.60,en,"Animation, Comedy, Family, Mystery, Adventure, Horror"
26-06-1979,Moonraker,28.17,1464.00,6.10,en,"Action, Adventure, Thriller, Science Fiction"
16-05-2011,Bad Teacher,28.17,3985.00,5.60,en,Comedy
16-05-2014,Flight 7500,28.16,437.00,4.70,en,"Thriller, Horror, Mystery"
23-06-2011,Honey 2,28.15,350.00,6.30,en,"Music, Comedy, Drama"
10-04-1998,Species II,28.15,502.00,5.10,en,"Science Fiction, Action, Horror"
17-01-2003,Kangaroo Jack,28.14,701.00,5.10,en,"Family, Comedy, Adventure, Crime"
16-08-2019,Sextuplets,28.14,705.00,6.30,en,Comedy
19-10-2016,Personal Shopper,28.13,996.00,5.90,en,"Drama, Mystery, Thriller"
15-03-1997,Neon Genesis Evangelion: Death and Rebirth,28.13,275.00,7.50,ja,"Drama, Science Fiction, Animation"
09-03-2022,Kung-Fu Zohra,28.13,0.00,0.00,fr,"Drama, Action"
02-01-2021,Stranded,28.11,38.00,4.80,pt,Drama
01-01-2020,The Grudge,28.10,896.00,5.60,en,"Horror, Mystery"
06-03-2017,Unforgettable,28.10,538.00,5.80,en,"Drama, Thriller"
17-03-2006,Inside Man,28.08,4596.00,7.40,en,"Crime, Drama, Thriller"
12-10-2017,Loving Pablo,28.08,848.00,6.30,es,"Crime, Drama"
23-02-2012,Wanderlust,28.08,1015.00,5.50,en,"Comedy, Romance"
10-09-2011,You're Next,28.07,1906.00,6.60,en,"Horror, Thriller, Mystery"
16-07-2011,Pokémon the Movie: Black - Victini and Reshiram,28.07,117.00,6.60,ja,"Animation, Family, Adventure, Drama, Fantasy"
22-02-2017,Brain on Fire,28.06,1183.00,7.10,en,Drama
08-01-2016,Kizumonogatari Part 1: Tekketsu,28.03,192.00,7.80,ja,"Animation, Fantasy, Mystery, Horror, Action"
25-12-1996,Leprechaun 4: In Space,28.03,143.00,4.50,en,"Comedy, Fantasy, Horror, Science Fiction"
25-04-2009,Gurren Lagann the Movie: The Lights in the Sky Are Stars,28.01,57.00,8.00,ja,"Action, Science Fiction, Animation, Adventure"
07-04-1993,Indecent Proposal,28.01,1085.00,6.30,en,"Romance, Drama"
03-02-1994,The Legend of Drunken Master,28.00,702.00,7.40,cn,"Action, Comedy"
16-09-2011,I Don't Know How She Does It,28.00,323.00,5.20,en,"Romance, Comedy"
29-06-1985,Mad Max Beyond Thunderdome,27.99,2145.00,6.20,en,"Action, Adventure, Science Fiction"
03-07-2024,Despicable Me 4,27.99,0.00,0.00,en,"Animation, Family, Comedy, Adventure"
27-04-2014,Heaven's Lost Property Final – The Movie: Eternally My Master,27.98,25.00,7.60,ja,"Animation, Romance, Science Fiction, Comedy"
08-07-2005,The Descent,27.98,2907.00,7.00,en,"Adventure, Horror"
01-06-1990,Total Recall,27.98,4533.00,7.30,en,"Action, Adventure, Science Fiction"
14-08-2020,Fearless,27.98,92.00,6.20,en,"Family, Animation, Comedy"
23-09-2016,The Girl with All the Gifts,27.97,1587.00,6.60,en,"Drama, Horror, Thriller, Science Fiction"
15-09-1976,In the Realm of the Senses,27.97,409.00,6.50,ja,"Drama, Romance"
24-09-2020,Come True,27.97,140.00,6.10,en,"Science Fiction, Horror"
10-12-1999,Deuce Bigalow: Male Gigolo,27.95,1063.00,5.90,en,Comedy
17-07-1987,Jaws: The Revenge,27.95,758.00,4.00,en,"Adventure, Thriller, Horror"
22-10-1982,Halloween III: Season of the Witch,27.92,964.00,5.10,en,"Horror, Thriller"
22-03-2009,Shinjuku Incident,27.89,180.00,6.60,cn,"Drama, Action, Thriller, Crime"
25-03-2000,Taxi 2,27.89,1368.00,6.20,fr,"Action, Comedy"
10-08-1984,Red Dawn,27.88,555.00,6.30,en,"Action, Thriller, War, Drama"
01-11-1996,Romeo + Juliet,27.87,4162.00,6.80,en,"Drama, Romance"
04-02-1994,Ace Ventura: Pet Detective,27.87,4633.00,6.50,en,"Comedy, Adventure"
23-11-2022,Creed III,27.87,0.00,0.00,en,"Drama, Action"
07-06-1983,Trading Places,27.86,2522.00,7.20,en,Comedy
17-01-2003,Jism,27.85,16.00,4.40,hi,Thriller
24-08-2012,Thunderstruck,27.85,175.00,6.00,en,"Comedy, Family"
27-01-2017,Kung Fu Yoga,27.84,277.00,5.90,zh,"Comedy, Mystery, Action, Adventure"
01-08-2014,Rurouni Kenshin Part II: Kyoto Inferno,27.83,406.00,7.70,ja,"Action, Adventure, Drama, Fantasy"
20-11-2020,Alien Xmas,27.81,93.00,6.70,en,"Animation, Family, Fantasy"
15-07-1998,There's Something About Mary,27.81,4078.00,6.60,en,"Romance, Comedy"
16-06-2000,Amores Perros,27.80,1953.00,7.60,es,"Drama, Thriller"
22-05-2015,The Human Centipede 3 (Final Sequence),27.80,564.00,3.70,en,Horror
03-11-2017,Newness,27.80,514.00,6.10,en,"Romance, Drama"
10-09-2004,Resident Evil: Apocalypse,27.79,3398.00,6.40,en,"Horror, Action, Science Fiction"
03-03-2007,One Piece: The Desert Princess and the Pirates: Adventure in Alabasta,27.78,95.00,6.60,ja,"Action, Adventure, Comedy, Drama, Animation"
29-08-1979,La Luna,27.78,64.00,6.50,it,Drama
30-10-2019,Doctor Sleep,27.78,3200.00,7.20,en,"Horror, Thriller"
28-05-1993,Cliffhanger,27.78,1805.00,6.40,en,"Action, Adventure, Thriller"
09-09-2004,Shutter,27.77,775.00,7.20,th,"Fantasy, Horror, Mystery, Thriller"
09-09-2021,Copshop,27.77,330.00,6.30,en,"Thriller, Crime, Action"
20-02-2018,Level Sixteen,27.77,430.00,6.80,en,"Science Fiction, Thriller"
21-01-2021,Penguin Bloom,27.77,171.00,7.20,en,Drama
01-02-2021,More Than Miyagi: The Pat Morita Story,27.74,26.00,7.10,en,Documentary
13-10-2015,Crimson Peak,27.73,4210.00,6.60,en,"Horror, Thriller, Romance, Mystery"
16-11-2015,LEGO Marvel Super Heroes: Avengers Reassembled!,27.73,89.00,6.50,en,"Family, Animation"
11-08-2005,The 40 Year Old Virgin,27.72,5460.00,6.30,en,"Comedy, Romance"
22-11-2021,La Cantera,27.72,1.00,2.00,es,Drama
18-12-2015,Open Season: Scared Silly,27.72,248.00,5.90,en,"Animation, Comedy, Family, Adventure"
12-08-2010,Eat Pray Love,27.72,1989.00,6.20,en,"Drama, Romance"
09-07-1988,Dragon Ball: Mystical Adventure,27.71,184.00,6.80,ja,"Action, Animation"
01-11-2001,Shallow Hal,27.69,2357.00,6.10,en,"Comedy, Romance"
06-11-2009,Porn Star Zombies,27.69,22.00,5.60,en,"Comedy, Horror"
10-05-1996,Twister,27.69,2482.00,6.40,en,"Action, Adventure, Drama"
13-08-1982,Fast Times at Ridgemont High,27.69,923.00,6.80,en,Comedy
24-07-1985,The Black Cauldron,27.69,964.00,6.50,en,"Animation, Adventure, Family"
22-05-1998,Fear and Loathing in Las Vegas,27.69,3648.00,7.20,en,"Adventure, Drama, Comedy"
22-07-2017,The Anthem of the Heart,27.68,9.00,7.20,ja,Drama
30-03-2012,[REC]³ Genesis,27.68,1137.00,5.20,es,Horror
16-12-2014,Ex Machina,27.68,11034.00,7.60,en,"Drama, Science Fiction"
13-06-1989,Licence to Kill,27.67,1439.00,6.30,en,"Adventure, Action, Thriller"
12-01-2007,Primeval,27.67,258.00,6.00,en,"Adventure, Horror"
15-08-2003,Uptown Girls,27.66,635.00,6.60,en,"Family, Comedy, Drama"
18-08-1995,Mortal Kombat,27.65,1738.00,5.80,en,"Action, Fantasy"
19-01-1990,Tremors,27.65,2499.00,6.80,en,"Horror, Comedy, Action, Adventure, Fantasy"
28-08-2018,The Death of Superman,27.62,491.00,7.60,en,"Science Fiction, Animation, Action, Drama"
28-07-2010,Cats & Dogs: The Revenge of Kitty Galore,27.62,497.00,5.20,en,"Comedy, Family, Action, Fantasy, Adventure, Mystery"
25-11-2016,Miss Sloane,27.61,1426.00,7.50,en,"Thriller, Drama"
01-03-1978,Snake in the Eagle's Shadow,27.60,231.00,7.30,cn,"Action, Comedy"
06-07-2019,A Model Kidnapping,27.60,50.00,5.90,en,"Thriller, TV Movie"
11-02-2010,My Name Is Khan,27.60,987.00,8.10,hi,"Drama, Romance"
26-10-2020,Wolfwalkers,27.59,714.00,8.50,en,"Animation, Family, Adventure, Fantasy"
30-09-2003,Scooby-Doo! and the Monster of Mexico,27.59,247.00,7.30,en,"Animation, Comedy, Family, Mystery"
20-06-2014,Sorry If I Call You Love,27.57,307.00,7.20,es,"Drama, Romance"
19-07-2008,Pokémon: Giratina and the Sky Warrior,27.57,182.00,6.80,ja,"Family, Adventure, Animation, Fantasy"
02-03-1996,Doraemon: Nobita and the Galaxy Super-express,27.57,32.00,7.80,ja,"Animation, Science Fiction, Action"
21-04-2016,At the End of the Tunnel,27.57,298.00,7.10,es,"Crime, Thriller"
02-03-2012,Red Lights,27.56,959.00,6.10,en,Thriller
08-08-2019,Trouble,27.56,131.00,6.70,en,"Animation, Adventure, Family, Comedy, Music"
30-05-2004,Something the Lord Made,27.55,152.00,7.80,en,"TV Movie, Drama"
27-02-2002,Shottas,27.55,216.00,7.50,en,"Action, Adventure, Crime, Drama"
19-10-2000,Bedazzled,27.54,1416.00,6.00,en,"Fantasy, Comedy, Romance"
09-11-2013,Patema Inverted,27.53,287.00,7.40,ja,"Animation, Adventure, Drama, Fantasy, Science Fiction"
07-05-2011,Children Who Chase Lost Voices,27.53,508.00,7.20,ja,"Animation, Adventure, Drama, Fantasy"
22-11-2011,The Muppets,27.53,1270.00,6.60,en,"Family, Comedy, Music"
29-04-2021,Bad Luck Banging or Loony Porn,27.53,73.00,6.50,ro,"Comedy, Drama"
11-06-2021,Adventures of a Mathematician,27.52,28.00,6.20,en,"Drama, History"
17-09-2021,The Starling,27.52,174.00,7.20,en,Drama
07-11-1997,Starship Troopers,27.51,3705.00,7.00,en,"Adventure, Action, Thriller, Science Fiction"
11-12-1992,A Few Good Men,27.50,2653.00,7.50,en,Drama
29-04-1999,Entrapment,27.50,1562.00,6.20,en,"Romance, Drama, Mystery"
10-04-2020,Don't Air Your Dirty Laundry In Public,27.49,57.00,7.60,es,"Drama, Comedy"
12-01-2013,Hunter x Hunter: Phantom Rouge,27.48,133.00,7.20,ja,"Animation, Adventure, Fantasy, Action"
22-12-2017,Downsizing,27.48,3016.00,5.30,en,"Comedy, Drama, Science Fiction"
04-12-2007,The Golden Compass,27.48,3807.00,6.00,en,"Adventure, Fantasy"
28-07-2016,Bad Moms,27.46,3572.00,6.50,en,Comedy
30-11-1990,Misery,27.46,3535.00,7.70,en,"Drama, Thriller"
30-01-2008,Changeling,27.44,3368.00,7.60,en,"Crime, Drama, Mystery"
16-03-2017,The Marine 5: Battleground,27.43,123.00,6.60,en,Action
26-08-2005,The Brothers Grimm,27.41,2260.00,5.80,en,"Adventure, Fantasy, Action, Comedy, Thriller"
25-03-1983,The Outsiders,27.41,940.00,7.30,en,"Crime, Drama"
15-01-2016,Chapo: El Escape Del Siglo,27.41,24.00,5.40,es,"Thriller, Action, Adventure, Crime"
18-10-2002,Ju-on: The Grudge,27.40,554.00,6.80,ja,Horror
10-01-2014,The Legend of Hercules,27.40,1116.00,4.70,en,"Action, Adventure"
23-10-2014,Northmen: A Viking Saga,27.40,283.00,5.40,en,"Adventure, Action, Drama"
21-03-1997,Liar Liar,27.40,4447.00,6.60,en,Comedy
27-07-2001,My Sassy Girl,27.39,420.00,7.50,ko,"Drama, Comedy, Romance"
25-08-2017,Death Note,27.38,3424.00,4.20,en,"Crime, Drama, Fantasy, Horror, Thriller"
09-09-2017,Alanis,27.38,33.00,6.10,es,Drama
23-02-1996,Trainspotting,27.37,8027.00,8.00,en,"Drama, Crime"
26-11-2009,Arthur and the Revenge of Maltazard,27.37,1424.00,5.70,fr,"Adventure, Fantasy, Animation, Family"
11-08-2005,Four Brothers,27.37,1627.00,6.70,en,"Action, Crime"
06-08-2014,The Pirates,27.37,144.00,7.10,ko,"Action, History, Adventure, Drama, Fantasy"
28-03-2000,Leprechaun in the Hood,27.35,145.00,5.00,en,"Horror, Comedy"
14-10-2010,Legend of the BoneKnapper Dragon,27.34,172.00,6.70,en,"Animation, Fantasy, Family, Adventure, Comedy, TV Movie"
14-06-1991,Robin Hood: Prince of Thieves,27.33,2560.00,6.80,en,"Action, Adventure, Drama, Romance"
23-09-2020,Enola Holmes,27.33,4279.00,7.40,en,"Mystery, Crime, Adventure"
30-09-2011,50/50,27.33,3104.00,7.10,en,"Comedy, Drama"
20-04-2018,Traffik,27.33,383.00,6.20,en,"Horror, Thriller"
25-01-2016,The Finest Hours,27.33,1326.00,6.50,en,"Action, Drama, History, Thriller"
23-08-2021,The Witcher: Nightmare of the Wolf,27.31,577.00,7.70,en,"Animation, Action, Fantasy"
12-05-2011,Jackass 3.5,27.31,432.00,6.30,en,"Comedy, Documentary, Action"
10-01-2013,The Grandmaster,27.31,651.00,6.50,zh,"Action, Drama, History"
24-11-2017,The Curse of Buckout Road,27.31,39.00,6.60,en,Horror
14-06-2019,Diego Maradona,27.30,315.00,7.50,es,Documentary
09-02-2018,Status Update,27.30,400.00,7.40,en,"Comedy, Fantasy, Science Fiction"
12-02-2020,Fantasy Island,27.29,1792.00,6.00,en,"Horror, Fantasy, Adventure, Mystery"
23-07-2021,Bankrolled,27.29,23.00,6.10,es,Comedy
09-01-2015,Psycho-Pass: The Movie,27.28,160.00,7.10,ja,"Animation, Science Fiction, Action"
11-02-2020,Alien Outbreak,27.28,21.00,3.80,en,"Science Fiction, Horror"
14-12-2011,The Girl with the Dragon Tattoo,27.28,5693.00,7.40,en,"Thriller, Crime, Mystery"
30-03-1990,Teenage Mutant Ninja Turtles,27.26,1317.00,6.60,en,"Science Fiction, Action, Adventure, Comedy, Family"
29-01-2015,Robot Overlords,27.26,205.00,4.80,en,"Science Fiction, Adventure, Action"
01-01-2015,The Danish Girl,27.25,5118.00,7.60,en,Drama
03-05-1996,The Craft,27.25,1384.00,6.70,en,"Horror, Drama, Fantasy"
12-04-2014,The Maid,27.23,15.00,3.40,en,"Romance, Drama"
15-11-2011,Dragons: Gift of the Night Fury,27.23,274.00,7.10,en,"Animation, Comedy, Adventure, Family"
21-07-2012,Starship Troopers: Invasion,27.22,295.00,5.90,en,"Animation, Action, Science Fiction"
16-01-2009,Spread,27.20,693.00,5.40,en,"Comedy, Romance"
12-09-2019,Hustlers,27.20,2466.00,6.50,en,"Drama, Comedy, Crime"
17-06-1977,Exorcist II: The Heretic,27.20,488.00,4.60,en,"Horror, Thriller, Fantasy, Drama"
30-04-2015,Possessed,27.19,17.00,6.10,es,"Animation, Comedy, Horror"
04-05-2019,47 Hours to Live,27.17,43.00,6.20,en,"Thriller, Horror"
02-11-2021,Single Mother by Choice,27.17,25.00,7.50,en,"Comedy, Drama"
18-06-2004,DodgeBall: A True Underdog Story,27.17,2762.00,6.30,en,Comedy
28-08-2009,Halloween II,27.16,1044.00,5.40,en,Horror
20-11-2021,A Christmas Together With You,27.16,10.00,5.80,en,"TV Movie, Romance, Drama"
12-04-2011,The Prey,27.16,142.00,6.40,fr,"Action, Crime, Thriller"
05-08-1994,The Little Rascals,27.16,939.00,6.70,en,"Romance, Comedy, Family"
15-05-2019,The Dead Don't Die,27.15,1830.00,5.50,en,"Comedy, Horror, Fantasy"
06-03-2018,The Second Coming of Christ,27.15,4.00,3.60,en,"Action, Drama"
18-06-2021,A Choice of Weapons: Inspired by Gordon Parks,27.15,10.00,6.60,en,Documentary
12-11-2021,Detetive Madeinusa,27.14,8.00,4.60,pt,Comedy
07-05-1991,Sometimes They Come Back,27.13,162.00,5.90,en,"Horror, TV Movie"
14-09-1995,Hackers,27.13,944.00,6.30,en,"Action, Crime, Thriller, Drama"
24-07-2020,Dragons: Rescue Riders: Secrets of the Songwing,27.12,29.00,8.00,en,"Family, Animation"
01-01-2006,Scooby-Doo! Pirates Ahoy!,27.12,202.00,7.70,en,"Fantasy, Animation, Comedy, Family, Mystery, Adventure"
30-09-2017,Ajin: Demi-Human,27.12,75.00,7.60,ja,"Action, Horror, Mystery"
27-08-2020,The War with Grandpa,27.12,676.00,6.50,en,"Comedy, Family"
19-10-2022,Black Adam,27.11,0.00,0.00,en,"Action, Fantasy, Adventure"
07-07-1989,Lethal Weapon 2,27.11,2673.00,7.00,en,"Action, Adventure, Comedy, Crime, Thriller"
31-07-2013,Young Mother,27.11,10.00,5.50,ko,"Comedy, Romance"
06-02-2018,Accident Man,27.11,323.00,6.00,en,"Action, Crime, Thriller"
17-12-2010,The Fighter,27.10,3521.00,7.40,en,Drama
04-11-2010,Unstoppable,27.08,2805.00,6.50,en,"Action, Thriller"
20-11-2020,Stand by Me Doraemon 2,27.08,94.00,7.60,ja,"Animation, Family, Science Fiction"
04-03-2000,One Piece: The Movie,27.07,212.00,6.80,ja,"Action, Animation, Adventure, Comedy, Fantasy"
22-11-2019,The Courier,27.07,422.00,6.10,en,"Crime, Action, Drama, Thriller"
10-08-2016,Pete's Dragon,27.07,1875.00,6.40,en,"Adventure, Family, Fantasy"
04-05-2016,Tini: The New Life of Violetta,27.06,323.00,7.30,es,"Comedy, Drama, Music"
27-01-2001,Recess: School's Out,27.05,263.00,6.50,en,"Science Fiction, Family, Comedy, Animation"
12-10-2007,Twitches Too,27.05,275.00,6.80,en,"Drama, Family, Fantasy, TV Movie"
12-05-2009,The Grudge 3,27.05,464.00,5.40,en,"Mystery, Horror, Thriller"
16-12-2022,Shazam! Fury of the Gods,27.04,0.00,0.00,en,"Comedy, Action, Fantasy"
28-07-2017,Hotel Transylvania: Puppy!,27.03,137.00,6.40,en,"Family, Fantasy, Animation, Comedy"
06-06-2017,Kill 'em All,27.02,72.00,5.50,en,"Action, Crime"
06-03-2020,Escape from Pretoria,27.00,903.00,7.30,en,"Drama, History, Thriller"
02-07-2014,Tammy,27.00,1039.00,5.30,en,Comedy
29-01-1999,She's All That,26.99,1640.00,6.30,en,"Comedy, Romance"
21-07-2005,Fullmetal Alchemist the Movie: Conqueror of Shamballa,26.97,254.00,7.30,ja,"Action, Adventure, Animation, Drama"
10-09-2015,The Visit,26.97,3768.00,6.30,en,"Horror, Thriller, Mystery"
12-08-2015,Barbie in Rock 'N Royals,26.96,225.00,7.00,en,"Animation, Music, Family"
27-04-2017,The Circle,26.96,3815.00,5.50,en,"Drama, Thriller, Science Fiction"
29-07-1998,The Negotiator,26.95,1568.00,7.10,en,"Action, Crime, Drama, Thriller"
10-08-2018,The Package,26.94,945.00,6.00,en,Comedy
28-06-1991,The Naked Gun 2½: The Smell of Fear,26.92,1634.00,6.80,en,"Comedy, Crime"
31-08-2007,Death Note Relight 1: Visions of a God,26.92,172.00,7.90,ja,"TV Movie, Crime, Drama, Fantasy, Thriller, Animation"
02-06-2021,Petite maman,26.91,105.00,7.00,fr,"Drama, Fantasy"
03-11-2008,Barbie in 'A Christmas Carol',26.91,421.00,7.10,en,"Animation, Family"
30-06-1999,"South Park: Bigger, Longer & Uncut",26.90,2094.00,7.20,en,"Animation, Comedy"
10-01-2019,Polaroid,26.90,757.00,5.90,en,"Horror, Thriller, Mystery"
18-03-2021,Get the Goat,26.88,155.00,6.90,pt,"Action, Comedy, Crime"
05-12-2008,Punisher: War Zone,26.88,843.00,5.80,en,"Action, Crime"
24-10-2001,Donnie Darko,26.88,10197.00,7.80,en,"Fantasy, Drama, Mystery"
08-07-2008,Batman: Gotham Knight,26.87,477.00,6.70,en,"Science Fiction, Animation, Action, Adventure"
24-05-1985,A View to a Kill,26.87,1441.00,6.10,en,"Adventure, Action, Thriller"
31-01-2020,Lamp Life,26.87,223.00,7.30,en,"Animation, Comedy, Family"
26-02-2021,The Father,26.87,1939.00,8.20,en,Drama
24-09-2015,Pan,26.86,2366.00,6.00,en,"Fantasy, Adventure, Family"
15-05-2015,Area 51,26.86,462.00,4.70,en,"Horror, Thriller, Science Fiction, Mystery"
24-09-2020,Another Round,26.86,1791.00,7.70,da,"Comedy, Drama"
15-08-1997,Event Horizon,26.84,2041.00,6.50,en,"Horror, Science Fiction, Mystery"
24-08-2007,War,26.83,1267.00,6.30,en,"Action, Thriller"
12-01-2018,A Woman With No Filter,26.83,121.00,7.80,es,Comedy
29-01-2014,That Awkward Moment,26.83,2320.00,6.10,en,"Comedy, Romance"
05-11-1999,Scooby-Doo! and the Witch's Ghost,26.83,310.00,7.40,en,"Animation, Comedy, Mystery, Family, Fantasy"
02-07-2003,"Legally Blonde 2: Red, White & Blonde",26.83,1200.00,5.60,en,Comedy
30-06-1995,Apollo 13,26.81,4401.00,7.40,en,"Drama, History, Adventure"
18-12-2009,Avatar: Scene Deconstruction,26.81,2.00,8.50,en,Documentary
15-09-1999,American Beauty,26.81,10049.00,8.00,en,Drama
06-03-2019,Triple Frontier,26.81,2490.00,6.30,en,"Action, Thriller, Crime, Adventure"
18-04-2015,Detective Conan: Sunflowers of Inferno,26.80,73.00,6.20,ja,"Crime, Animation, Adventure, Mystery"
15-09-2016,Hacker,26.80,231.00,6.30,en,"Crime, Drama, Thriller"
17-03-1959,Rio Bravo,26.80,827.00,7.90,en,Western
25-07-1997,Air Force One,26.80,2278.00,6.40,en,"Action, Thriller"
10-07-2015,Scooby-Doo! and Kiss: Rock and Roll Mystery,26.78,214.00,8.10,en,"Family, Animation, Comedy"
14-09-1993,A Bronx Tale,26.78,1589.00,7.80,en,"Drama, Crime"
26-03-2021,Blood Moon,26.78,33.00,6.10,en,"Fantasy, Horror"
14-12-2018,The Mule,26.78,3994.00,6.80,en,"Crime, Drama, Thriller"
28-04-2005,The Hitchhiker's Guide to the Galaxy,26.77,3217.00,6.70,en,"Adventure, Comedy, Family, Science Fiction"
12-12-2013,Only Lovers Left Alive,26.77,1734.00,7.30,en,"Drama, Romance"
13-05-2020,The Wrong Missy,26.76,895.00,6.20,en,"Comedy, Romance"
06-08-2021,Peligro en tu mirada,26.76,36.00,7.10,es,"Drama, Thriller"
04-06-2014,No Tears for the Dead,26.75,148.00,7.10,ko,"Action, Thriller"
15-08-2014,Life After Beth,26.75,535.00,5.40,en,"Romance, Comedy, Horror"
16-10-1992,Candyman,26.75,1155.00,6.50,en,"Drama, Horror, Thriller"
06-04-1983,Sexo Animal,26.74,2.00,3.00,pt,Drama
08-09-1976,King Kong,26.73,628.00,6.20,en,Adventure
01-02-2017,Barbie Video Game Hero,26.73,182.00,7.10,en,"Animation, Family, Science Fiction"
28-01-2011,The Rite,26.72,1667.00,6.10,en,"Drama, Thriller, Horror"
16-02-2017,Fist Fight,26.72,1036.00,6.10,en,Comedy
14-12-2002,Gangs of New York,26.72,5376.00,7.30,en,"Drama, History, Crime"
19-03-1959,Some Like It Hot,26.72,2655.00,8.20,en,"Comedy, Music, Romance, Crime"
28-04-2000,Frequency,26.70,1316.00,7.20,en,"Science Fiction, Thriller"
12-08-2005,Deuce Bigalow: European Gigolo,26.69,703.00,5.10,en,Comedy
02-03-2007,Wild Hogs,26.69,1856.00,5.90,en,"Action, Adventure, Comedy"
03-03-2001,One Piece: Clockwork Island Adventure,26.69,167.00,6.80,ja,"Action, Animation, Adventure"
23-01-2002,The Count of Monte Cristo,26.69,1365.00,7.60,en,Adventure
29-03-2006,Basic Instinct 2,26.68,572.00,5.00,en,"Crime, Mystery, Thriller"
17-12-1993,What's Eating Gilbert Grape,26.68,3091.00,7.70,en,"Romance, Drama"
03-11-1976,Carrie,26.67,2848.00,7.30,en,"Horror, Thriller"
14-07-2021,Do You Do You Saint-Tropez,26.67,71.00,5.10,fr,Comedy
09-02-2018,Macross Delta the Movie: Passionate Walküre,26.67,3.00,5.00,ja,Animation
17-04-2015,Unfriended,26.66,2873.00,5.50,en,"Horror, Thriller, Mystery"
01-02-2013,The Haunting in Connecticut 2: Ghosts of Georgia,26.66,408.00,5.80,en,"Horror, Drama, Thriller"
27-12-2018,T-34,26.66,666.00,7.10,ru,"War, Action, Drama, History"
07-09-2007,Atonement,26.66,3293.00,7.70,en,"Drama, Romance"
12-12-1969,On Her Majesty's Secret Service,26.65,1372.00,6.60,en,"Adventure, Action, Thriller"
10-01-2019,Reign of the Supermen,26.64,475.00,7.20,en,"Science Fiction, Animation, Action"
08-11-2019,Klaus,26.64,2863.00,8.30,en,"Animation, Family, Adventure, Comedy"
28-02-2017,Aftermath,26.63,725.00,5.70,en,"Drama, Thriller"
16-09-2008,Another Cinderella Story,26.63,1527.00,6.80,en,"Music, Comedy"
17-09-1981,Das Boot,26.63,1632.00,8.10,de,"Drama, History, War"
15-10-2015,The Lobster,26.62,4836.00,7.00,en,"Comedy, Drama, Romance"
15-11-2007,P.S. I Love You,26.62,2856.00,7.20,en,"Drama, Romance"
11-02-2005,Pooh's Heffalump Movie,26.61,346.00,6.80,en,"Family, Animation, Comedy, Fantasy"
03-01-2013,Phantom,26.60,241.00,5.90,en,Thriller
12-06-2017,All Eyez on Me,26.59,1013.00,6.70,en,"Music, Drama"
11-09-2014,The Cobbler,26.59,1347.00,5.80,en,"Fantasy, Comedy, Drama"
24-09-2021,Camp Confidential: America's Secret Nazis,26.58,13.00,7.00,en,"Documentary, Animation, History"
22-12-2016,Silence,26.57,2487.00,7.10,en,"Drama, History"
27-07-2017,The Only Living Boy in New York,26.55,236.00,6.30,en,Drama
02-04-2015,Battle for Sevastopol,26.54,324.00,7.30,ru,"Drama, War, Romance"
08-11-2019,Playing with Fire,26.54,526.00,6.90,en,"Comedy, Family"
22-11-2019,Blue Story,26.53,130.00,7.20,en,"Crime, Drama, Romance"
13-10-2006,The Marine,26.53,571.00,6.00,en,Action
07-05-2015,Pound of Flesh,26.53,176.00,5.70,en,Action
28-06-2011,Transformers: Dark of the Moon,26.53,6826.00,6.10,en,"Action, Science Fiction, Adventure"
05-11-2004,A Moment to Remember,26.52,225.00,7.80,ko,"Drama, Romance"
15-01-1969,Butch Cassidy and the Sundance Kid,26.52,1660.00,7.60,en,"Western, Drama, Crime"
23-07-2021,Midnight in the Switchgrass,26.51,231.00,6.20,en,"Crime, Mystery, Thriller, Action"
26-11-2004,Species III,26.50,306.00,5.30,en,"Science Fiction, Action, Horror"
29-10-2011,Zombie Apocalypse,26.50,187.00,5.40,en,"Action, Horror, Science Fiction"
28-04-2020,LEGO DC: Shazam! Magic and Monsters,26.49,106.00,7.40,en,"Family, Adventure, Animation, Comedy"
28-05-2018,Lake Placid: Legacy,26.49,106.00,5.30,en,"Horror, Action, Science Fiction, TV Movie"
19-06-2008,Wanted,26.48,5874.00,6.50,en,"Action, Thriller, Crime"
07-10-2021,Eiffel,26.48,254.00,6.30,fr,"Drama, History"
17-12-2004,The Aviator,26.46,4269.00,7.20,en,Drama
27-02-2009,The Girl with the Dragon Tattoo,26.45,2388.00,7.50,sv,"Drama, Thriller, Crime, Mystery"
22-07-2020,The King of Staten Island,26.44,599.00,7.00,en,"Comedy, Drama"
08-06-1999,Austin Powers: The Spy Who Shagged Me,26.44,2643.00,6.20,en,"Adventure, Comedy, Crime, Science Fiction"
13-10-2020,Nocturne,26.44,274.00,6.00,en,"Horror, Mystery, Thriller, Music"
24-02-2020,Superman: Red Son,26.43,645.00,7.30,en,"Science Fiction, Animation, Action"
22-10-2009,Ninja,26.43,244.00,6.00,en,"Action, Crime, Drama, Thriller"
01-08-2017,Two Mothers,26.42,2.00,7.00,ko,"Drama, Romance"
20-11-2020,Run,26.41,1593.00,7.40,en,"Thriller, Horror, Drama"
08-09-1964,Le Gendarme de Saint-Tropez,26.40,662.00,7.10,fr,Comedy
13-11-1998,I Still Know What You Did Last Summer,26.40,1155.00,5.30,en,"Horror, Mystery, Thriller"
13-12-2008,Bleach the Movie: Fade to Black,26.38,120.00,7.00,ja,"Action, Animation, Fantasy, Drama"
09-08-2007,Stardust,26.37,3268.00,7.20,en,"Adventure, Fantasy, Romance, Family"
10-12-2020,The Midnight Sky,26.37,1443.00,5.80,en,"Science Fiction, Drama"
06-03-1998,The Big Lebowski,26.37,9129.00,7.90,en,"Comedy, Crime"
11-03-1977,The Many Adventures of Winnie the Pooh,26.36,770.00,7.20,en,"Animation, Family"
12-04-1985,Cat's Eye,26.36,468.00,6.70,en,"Horror, Thriller"
10-11-1995,Ace Ventura: When Nature Calls,26.35,3287.00,6.30,en,"Crime, Comedy, Adventure"
05-02-2019,The Wandering Earth,26.35,546.00,6.40,zh,"Science Fiction, Action, Drama"
19-12-1997,MouseHunt,26.35,985.00,6.50,en,"Comedy, Family"
26-07-2011,TEKKEN: Blood Vengeance,26.34,166.00,6.80,ja,"Action, Animation, Science Fiction"
08-09-2021,Black Box,26.34,434.00,7.60,fr,"Mystery, Thriller, Drama"
03-03-2017,The Invisible Guardian,26.34,535.00,6.50,es,Thriller
09-03-2022,Murder Party,26.33,0.00,0.00,fr,"Comedy, Crime"
08-08-1997,Free Willy 3: The Rescue,26.33,267.00,6.30,en,"Family, Adventure"
25-11-1992,The Bodyguard,26.33,2280.00,6.60,en,"Thriller, Action, Drama, Music, Romance"
10-10-1968,Barbarella,26.33,476.00,5.90,en,"Science Fiction, Adventure"
20-04-2013,Steins;Gate: The Movie ? Load Region of Déjà Vu,26.33,217.00,7.60,ja,"Science Fiction, Animation, Drama"
26-04-1954,Seven Samurai,26.33,2580.00,8.50,ja,"Action, Drama"
22-12-1994,Fist of Legend,26.33,379.00,7.50,zh,Action
17-11-2016,Allied,26.32,3884.00,6.80,en,"Action, Drama, War, Romance, Thriller"
15-06-1990,Gremlins 2: The New Batch,26.32,1960.00,6.40,en,"Comedy, Horror, Fantasy"
21-05-2010,Kites,26.30,158.00,7.10,hi,"Drama, Action, Romance"
26-10-2012,Cloud Atlas,26.30,6049.00,6.90,en,"Drama, Science Fiction"
25-12-2011,War Horse,26.29,2799.00,7.30,en,"War, Drama, Action"
07-05-2008,What Happens in Vegas,26.29,2476.00,6.10,en,"Comedy, Romance"
21-05-1993,Hot Shots! Part Deux,26.29,1433.00,6.50,en,"Action, Comedy, War"
20-08-2008,Babylon A.D.,26.28,1637.00,5.60,en,"Action, Adventure, Science Fiction, Thriller"
20-02-2020,Female Urologists 2,26.27,5.00,7.30,ko,"Drama, Romance"
04-06-2019,Robert Reborn,26.26,17.00,4.50,en,Horror
12-10-2017,Happy Death Day,26.26,5133.00,6.60,en,"Horror, Mystery, Comedy"
23-09-2018,The Nightingale,26.25,367.00,7.10,en,"Drama, Thriller"
20-04-1989,Kickboxer,26.24,1046.00,6.80,en,"Action, Thriller, Drama"
29-03-1973,Malicious,26.24,180.00,7.00,it,Comedy
02-11-2011,Michael Jackson: The Life of an Icon,26.24,99.00,7.90,en,Documentary
24-09-2016,Headshot,26.23,339.00,6.50,id,"Action, Thriller"
26-01-2017,Attraction,26.23,610.00,6.60,ru,"Drama, Romance, Science Fiction, Adventure"
14-12-1985,Police Story,26.23,567.00,7.50,cn,"Action, Crime, Thriller"
26-08-2021,Queenpins,26.22,144.00,6.60,en,"Comedy, Crime"
03-04-1997,The Saint,26.22,880.00,6.10,en,"Thriller, Action, Romance, Science Fiction, Adventure"
26-06-2020,Jungle Beat: The Movie,26.22,95.00,7.10,en,"Family, Animation, Science Fiction, Comedy"
11-08-2017,The Nut Job 2: Nutty by Nature,26.20,317.00,5.90,en,"Animation, Family, Adventure, Comedy"
18-08-2006,The Illusionist,26.20,3986.00,7.30,en,"Fantasy, Drama, Thriller, Romance"
16-08-1986,Armour of God,26.19,411.00,7.00,cn,"Adventure, Action, Comedy"
04-03-2000,Digimon: The Movie,26.19,222.00,6.60,en,"Fantasy, Animation, Science Fiction, Family"
19-07-2018,Unfriended: Dark Web,26.19,1173.00,6.30,en,"Horror, Thriller, Mystery"
09-05-2012,Sexual Chronicles of a French Family,26.19,217.00,4.70,fr,"Comedy, Drama"
30-06-2017,The Little Hours,26.18,404.00,5.70,en,Comedy
26-09-2003,The Rundown,26.18,1556.00,6.40,en,"Adventure, Action, Comedy, Thriller"
18-09-2020,Violet Evergarden: The Movie,26.17,195.00,8.70,ja,"Animation, Fantasy, Romance, Drama"
22-02-2008,"10,000 BC",26.17,2408.00,5.40,en,"Adventure, Action, Drama, Fantasy"
04-09-2007,"Chill Out, Scooby-Doo!",26.17,216.00,7.60,en,"Family, Comedy, Animation, Adventure, Mystery"
01-03-2002,We Were Soldiers,26.17,1566.00,7.10,en,"Action, History, War"
02-07-1986,The Great Mouse Detective,26.16,1301.00,7.00,en,"Animation, Family, Adventure, Mystery"
22-09-1995,Showgirls,26.15,883.00,5.50,en,Drama
07-12-2016,Two Is a Family,26.15,2667.00,7.80,fr,"Drama, Comedy"
31-10-2014,Kung Fu Jungle,26.15,318.00,6.70,cn,"Crime, Action, Thriller"
10-11-2011,Arthur Christmas,26.14,1120.00,6.70,en,"Drama, Animation, Family, Comedy"
16-12-2004,Lemony Snicket's A Series of Unfortunate Events,26.13,4271.00,6.80,en,"Adventure, Comedy, Family"
23-01-1999,Ringu 2,26.12,293.00,5.80,ja,"Horror, Mystery, Science Fiction"
24-11-1983,Sexo contra sexo,26.11,5.00,5.30,es,Comedy
06-06-2001,Mulholland Drive,26.11,4782.00,7.80,en,"Thriller, Drama, Mystery"
26-07-2017,The Battleship Island,26.11,190.00,7.20,ko,"Action, History, Drama"
25-08-2017,Veronica,26.09,1393.00,6.20,es,Horror
31-07-1998,EverAfter,26.08,1173.00,7.30,en,"Drama, Romance, Comedy"
30-12-2015,The Magician,26.08,18.00,6.30,ko,"Drama, Romance, Fantasy"
10-02-2010,The Wolfman,26.08,1575.00,5.80,en,"Horror, History, Drama, Thriller"
15-08-2018,Crazy Rich Asians,26.08,2942.00,7.10,en,"Comedy, Drama, Romance"
14-02-2007,Hot Fuzz,26.07,6046.00,7.50,en,"Crime, Action, Comedy"
16-01-2020,The Lodge,26.07,827.00,6.10,en,"Drama, Horror, Thriller"
16-05-2004,9 Songs,26.06,366.00,5.60,en,"Drama, Music, Romance"
02-09-1978,Dawn of the Dead,26.06,1575.00,7.50,en,Horror
26-06-1998,Doctor Dolittle,26.04,2495.00,5.70,en,"Comedy, Family, Fantasy"
24-01-2020,Assassin 33 A.D.,26.04,87.00,5.30,en,Science Fiction
06-11-2009,Mr. Nobody,26.04,5015.00,7.90,en,"Science Fiction, Drama, Romance, Fantasy"
21-09-2007,Good Luck Chuck,26.04,1187.00,5.90,en,Comedy
01-08-1997,Children of Heaven,26.04,436.00,7.90,fa,"Drama, Family"
06-03-2004,Ghost in the Shell 2: Innocence,26.03,615.00,7.30,ja,"Animation, Drama, Science Fiction"
21-12-2018,Welcome to Marwen,26.02,931.00,6.60,en,"Drama, Comedy, Fantasy"
19-11-2019,Coma,26.02,343.00,6.30,ru,Science Fiction
07-09-2003,Love Actually,26.01,5419.00,7.10,en,"Comedy, Romance, Drama"
26-12-2001,Mean Machine,25.99,445.00,6.20,en,"Comedy, Drama"
13-01-2010,Devil,25.99,2326.00,6.00,en,"Horror, Mystery, Thriller"
15-08-1986,The Fly,25.98,3245.00,7.40,en,"Horror, Science Fiction"
25-12-2003,Big Fish,25.97,6000.00,7.80,en,"Adventure, Fantasy, Drama"
09-03-2022,Goliath,25.96,5.00,7.10,fr,Drama
02-04-2021,The Monkey King: Reborn,25.96,146.00,7.40,zh,"Animation, Action, Fantasy"
04-08-2006,Talladega Nights: The Ballad of Ricky Bobby,25.95,1250.00,6.30,en,Comedy
24-07-2020,Amulet,25.93,85.00,5.50,en,Horror
22-03-2012,The Raid,25.92,2588.00,7.40,id,"Action, Thriller, Crime"
30-11-2005,Æon Flux,25.91,1743.00,5.60,en,"Science Fiction, Action, Thriller"
30-09-2008,I Am Iron Man,25.90,57.00,7.30,en,Documentary
08-05-2001,Original Sin,25.90,647.00,6.10,en,Thriller
10-09-2005,Lie with Me,25.90,193.00,5.10,en,Drama
28-07-1995,Waterworld,25.89,2872.00,6.10,en,"Adventure, Action, Science Fiction"
20-06-2019,Escape Plan: The Extractors,25.89,622.00,5.30,en,"Action, Thriller, Crime"
13-07-2002,Pokémon Heroes: Latios and Latias,25.89,256.00,6.50,ja,"Animation, Adventure, Action, Fantasy"
06-09-2019,Violet Evergarden: Eternity and the Auto Memory Doll,25.89,236.00,8.30,ja,"Drama, Fantasy, Animation"
29-09-2000,In the Mood for Love,25.89,1798.00,8.10,cn,"Drama, Romance"
23-09-2008,Scooby-Doo! and the Goblin King,25.89,191.00,7.90,en,"Animation, Mystery, Comedy, Family, Adventure, Fantasy, Music"
24-06-2016,Adventures in Babysitting,25.89,316.00,7.40,en,"TV Movie, Comedy, Family"
14-11-2013,Oldboy,25.88,1606.00,5.90,en,"Drama, Thriller, Mystery, Action"
10-07-2020,Greyhound,25.88,2093.00,7.40,en,"War, Action, Drama"
30-07-1992,Death Becomes Her,25.87,2002.00,6.70,en,"Comedy, Fantasy, Horror"
14-12-2006,Eragon,25.87,2740.00,5.00,en,"Fantasy, Action, Adventure, Family"
29-10-2021,The Burning Sea,25.85,22.00,7.20,no,"Action, Drama, Thriller"
20-04-2014,Every Secret Thing,25.85,264.00,6.10,en,"Thriller, Drama, Crime, Mystery"
16-02-2009,Madea Goes to Jail,25.85,148.00,6.60,en,"Comedy, Crime, Drama"
20-06-1974,Chinatown,25.85,2878.00,7.90,en,"Crime, Drama, Mystery, Thriller"
09-11-2015,Ronaldo,25.85,279.00,6.90,en,"History, Documentary"
29-12-2016,Beauty Salon: Special Service,25.84,6.00,6.70,ko,"Romance, Drama"
19-01-1996,From Dusk Till Dawn,25.83,4724.00,7.00,en,"Horror, Action, Thriller, Crime"
06-12-2019,Trauma Center,25.83,309.00,5.70,en,"Action, Thriller"
27-08-2020,Cosmoball,25.82,157.00,6.40,ru,"Science Fiction, Adventure"
25-08-1995,Desperado,25.81,2225.00,6.90,en,"Thriller, Action, Crime"
27-10-1994,Stargate,25.80,2614.00,7.00,en,"Action, Adventure, Science Fiction"
01-10-2010,Let Me In,25.80,1632.00,6.80,en,"Drama, Horror, Mystery"
23-06-1981,For Your Eyes Only,25.79,1367.00,6.50,en,"Adventure, Action, Thriller"
01-10-2021,Forever Rich,25.78,61.00,6.00,nl,"Crime, Comedy, Drama"
20-02-2020,Kalashnikov AK-47,25.78,186.00,7.60,ru,"War, History, Drama"
11-02-2022,The In Between,25.78,20.00,7.00,en,"Science Fiction, Romance"
19-08-1988,A Nightmare on Elm Street 4: The Dream Master,25.77,1014.00,5.80,en,"Horror, Thriller"
04-06-2021,Como Hackear Seu Chefe,25.76,38.00,6.70,pt,Comedy
15-07-1994,True Lies,25.75,3138.00,7.00,en,"Action, Thriller"
31-08-2011,The Three Musketeers,25.74,2236.00,5.80,en,"Adventure, Action, Thriller"
28-03-2018,Gonjiam: Haunted Asylum,25.74,339.00,7.30,ko,"Horror, Mystery"
02-08-2018,Mia and the White Lion,25.73,714.00,7.30,fr,"Adventure, Family, Drama"
25-03-2014,Moms' Night Out,25.73,251.00,5.60,en,Comedy
06-03-1998,U.S. Marshals,25.73,1196.00,6.50,en,"Thriller, Crime, Action"
01-12-1974,The Man with the Golden Gun,25.73,1494.00,6.40,en,"Adventure, Action, Thriller"
17-02-2017,The Healer,25.72,408.00,7.20,en,"Family, Drama, Comedy"
30-03-2018,Acrimony,25.71,324.00,6.80,en,Thriller
12-12-1996,Mars Attacks!,25.71,4408.00,6.40,en,"Comedy, Fantasy, Science Fiction"
12-12-2002,Sex Is Zero,25.71,71.00,5.90,ko,"Comedy, Drama"
28-04-2006,RV,25.71,1365.00,5.90,en,"Family, Comedy"
01-04-2020,Evil Eye,25.71,116.00,5.50,en,"Mystery, Thriller, Horror"
31-03-2017,The Zookeeper's Wife,25.70,1281.00,7.40,en,"Drama, History"
08-09-2013,Marvel One-Shot: Agent Carter,25.69,517.00,7.40,en,"Action, Adventure, Science Fiction, Fantasy"
21-11-2004,Alexander,25.69,2703.00,5.90,en,"War, History, Action, Adventure, Drama, Romance"
13-04-2001,Bridget Jones's Diary,25.69,4148.00,6.80,en,"Comedy, Romance, Drama"
25-01-2019,Polar,25.68,1714.00,6.30,en,"Action, Crime, Drama"
28-01-2019,Deadly Excursion,25.67,7.00,6.10,en,"Thriller, TV Movie"
10-07-2020,Darlin',25.67,62.00,5.70,en,"Horror, Mystery"
06-07-2001,Kiss of the Dragon,25.66,910.00,6.80,en,"Action, Crime, Thriller"
05-12-2007,Juno,25.66,6016.00,7.00,en,"Comedy, Drama, Romance"
08-08-2006,Ultimate Avengers 2,25.65,224.00,6.80,en,"Adventure, Animation, Action, Science Fiction"
11-08-2017,Naked,25.65,1071.00,5.70,en,Comedy
03-04-2020,The Other Lamb,25.64,115.00,6.00,en,"Horror, Drama, Thriller"
27-10-2020,Holidate,25.64,1617.00,7.10,en,"Comedy, Romance"
30-06-1995,Mighty Morphin Power Rangers: The Movie,25.62,525.00,5.70,en,"Family, Action, Adventure, Science Fiction, Fantasy"
09-11-2004,District B13,25.62,1453.00,6.70,fr,"Action, Thriller, Science Fiction"
27-08-2016,Monster High: Welcome to Monster High,25.60,93.00,6.70,en,"Animation, Family"
24-06-2005,Land of the Dead,25.60,1188.00,6.20,en,"Horror, Science Fiction, Thriller"
14-03-2001,If It Bleeds We Can Kill It: The Making of 'Predator',25.60,24.00,7.50,en,Documentary
13-04-2011,Winnie the Pooh,25.60,669.00,6.90,en,"Animation, Family, Comedy, Adventure"
30-11-1996,Shiloh,25.59,52.00,5.80,en,"Drama, Family"
27-11-2015,Ajin: Demi-Human – Compel,25.59,48.00,7.20,ja,"Animation, Action, Thriller"
07-10-1997,Boogie Nights,25.58,2414.00,7.60,en,Drama
29-07-2016,Shin Godzilla,25.58,795.00,7.10,ja,"Action, Science Fiction, Horror"
18-10-2013,12 Years a Slave,25.56,9531.00,7.90,en,"Drama, History"
09-03-2007,The Ultimate Gift,25.56,331.00,7.60,en,"Romance, Drama, Family"
24-11-2003,In Hell,25.56,381.00,6.30,en,"Action, Drama, Thriller"
16-04-2021,For the Sake of Vicious,25.55,22.00,6.70,en,"Action, Horror, Mystery"
10-03-2016,The Young Messiah,25.55,98.00,6.30,en,"Drama, History"
03-10-1971,The Big Boss,25.55,523.00,7.20,zh,Action
15-07-1999,Lake Placid,25.54,849.00,5.80,en,"Horror, Comedy, Action, Science Fiction, Thriller"
18-03-1994,Naked Gun 33?: The Final Insult,25.53,1529.00,6.40,en,"Comedy, Crime"
14-02-2012,This Means War,25.53,2857.00,6.10,en,"Action, Comedy, Romance"
21-08-2020,The Vanished,25.52,200.00,6.00,en,Thriller
22-08-2014,Leprechaun: Origins,25.52,172.00,4.60,en,Horror
21-10-2003,Batman: Mystery of the Batwoman,25.51,288.00,6.70,en,"Adventure, Fantasy, Animation, Action, Science Fiction, Family"
23-02-2012,Naruto Shippuden: OVA Hashirama Senju vs Madara Uchiha,25.51,12.00,6.50,ja,Animation
14-02-2019,Fighting with My Family,25.51,1304.00,6.80,en,Comedy
16-07-1994,Pom Poko,25.51,737.00,7.20,ja,"Adventure, Animation, Fantasy"
06-03-1987,Lethal Weapon,25.51,3579.00,7.30,en,"Adventure, Action, Comedy, Thriller, Crime"
19-05-2017,Diary of a Wimpy Kid: The Long Haul,25.51,339.00,5.40,en,"Comedy, Family"
08-03-1996,Fargo,25.50,6236.00,7.90,en,"Crime, Drama, Thriller"
03-07-2015,Monk Comes Down the Mountain,25.49,63.00,5.20,zh,"Action, Comedy"
05-07-1973,Live and Let Die,25.48,1501.00,6.50,en,"Adventure, Action, Thriller"
08-09-1995,Thunderbolt,25.47,225.00,6.40,cn,"Action, Thriller"
30-10-2013,Free Birds,25.46,618.00,5.90,en,"Animation, Comedy, Family"
02-08-2016,Sniper: Ghost Shooter,25.46,155.00,6.60,en,"Action, Drama, War"
14-02-2002,Return to Never Land,25.46,1697.00,6.40,en,"Adventure, Fantasy, Animation, Family"
08-06-2001,Y Tu Mamá También,25.45,1106.00,7.40,es,"Drama, Romance"
06-03-2020,Spenser Confidential,25.45,1795.00,6.50,en,"Comedy, Action, Thriller"
03-07-2013,Cold Eyes,25.45,243.00,7.50,ko,"Crime, Action, Thriller"
09-09-2018,The Bad Seed,25.44,210.00,7.10,en,"Horror, Drama, Thriller"
02-05-2003,Memories of Murder,25.44,2591.00,8.10,ko,"Crime, Drama, Thriller"
19-07-1995,Free Willy 2: The Adventure Home,25.43,461.00,5.90,en,"Family, Adventure, Drama"
02-10-2011,Shame,25.42,2538.00,7.00,en,Drama
06-03-2012,Tooth Fairy 2,25.42,140.00,5.00,en,"Comedy, Family"
15-10-2019,A Cinderella Story: Christmas Wish,25.42,574.00,6.50,en,"Comedy, Music, Romance, Fantasy"
11-08-2017,Good Time,25.40,2154.00,7.20,en,"Thriller, Crime, Drama"
21-02-2003,Old School,25.40,1376.00,6.60,en,Comedy
05-01-2007,Freedom Writers,25.40,1714.00,7.90,en,"Crime, Drama"
16-06-1978,Jaws 2,25.40,1443.00,5.90,en,"Horror, Thriller"
29-03-1965,The Sound of Music,25.39,2566.00,7.70,en,"Drama, Family, Music, Romance"
04-11-1999,The Bone Collector,25.39,2705.00,6.80,en,"Drama, Mystery, Thriller, Crime"
18-10-2019,Eli,25.39,1073.00,6.00,en,Horror
23-06-1993,Dennis the Menace,25.39,1147.00,5.80,en,"Family, Comedy"
22-12-2000,Miss Congeniality,25.38,3111.00,6.50,en,"Comedy, Crime, Action"
01-02-2019,Down,25.37,123.00,6.70,en,"Horror, Science Fiction, Drama"
01-08-2019,A Score to Settle,25.37,369.00,6.20,en,"Action, Thriller, Drama"
01-06-2001,The Animal,25.37,964.00,5.00,en,Comedy
27-12-2013,Ninja: Shadow of a Tear,25.37,266.00,6.50,en,"Action, Crime, Thriller"
23-04-2017,Pilgrimage,25.36,221.00,5.90,en,"Action, Adventure, Drama"
14-04-1960,The Magnificent Seven,25.35,1354.00,7.60,en,Western
25-08-2017,Birth of the Dragon,25.35,251.00,5.80,en,"Action, Drama"
04-03-2006,One Piece: Giant Mecha Soldier of Karakuri Castle,25.35,112.00,7.00,ja,"Action, Animation, Comedy"
01-06-1972,The Way of the Dragon,25.34,822.00,7.40,cn,"Action, Crime"
10-02-2007,Taxi 4,25.33,954.00,5.50,fr,"Action, Comedy"
02-10-2020,Ben 10 Versus the Universe: The Movie,25.33,94.00,7.70,en,"Animation, Action, Adventure, Science Fiction"
28-06-2017,Okja,25.33,3542.00,7.40,en,"Adventure, Drama, Science Fiction"
17-08-2017,Logan Lucky,25.32,2800.00,6.70,en,"Action, Comedy, Crime, Drama"
25-07-2008,Step Brothers,25.32,2487.00,6.50,en,Comedy
17-04-2018,Tempus Tormentum,25.32,29.00,5.60,en,"Horror, Thriller"
17-10-2012,Paranormal Activity 4,25.31,1534.00,5.40,en,Horror
28-07-1983,National Lampoon's Vacation,25.31,1144.00,7.10,en,"Comedy, Adventure"
12-12-2014,Inherent Vice,25.31,2047.00,6.60,en,"Drama, Mystery, Comedy"
27-06-1997,Face/Off,25.31,4134.00,7.00,en,"Action, Crime, Science Fiction, Thriller"
17-02-2006,Eight Below,25.30,1420.00,7.00,en,"Adventure, Drama, Family"
08-04-2011,Arthur,25.30,602.00,5.60,en,"Comedy, Romance"
07-07-1977,The Spy Who Loved Me,25.29,1443.00,6.80,en,"Adventure, Action, Thriller"
29-11-2017,Forgotten,25.29,594.00,8.00,ko,"Thriller, Mystery, Drama, Horror, Crime"
10-03-2007,Doraemon: Nobita's New Great Adventure Into the Underworld - The Seven Magic Users,25.27,33.00,6.90,ja,"Family, Adventure, Animation"
30-06-1987,Innerspace,25.27,943.00,6.80,en,"Action, Comedy, Science Fiction"
23-04-2011,Gantz: Perfect Answer,25.26,158.00,6.70,ja,"Action, Mystery, Science Fiction, Horror"
02-03-1990,The Hunt for Red October,25.25,2531.00,7.40,en,"Action, Adventure, Thriller"
01-10-2019,Scooby-Doo! Return to Zombie Island,25.25,579.00,7.00,en,"Animation, Comedy, Family, Adventure"
01-01-2011,Naruto x UT,25.24,9.00,7.90,ja,Animation
12-11-1982,Creepshow,25.24,728.00,6.90,en,"Horror, Comedy"
15-02-1985,The Breakfast Club,25.24,6670.00,7.80,en,"Comedy, Drama"
10-09-1999,Stigmata,25.24,814.00,6.20,en,"Horror, Thriller"
03-02-1999,Asterix & Obelix Take on Caesar,25.24,1475.00,6.00,fr,"Family, Adventure, Comedy, Fantasy"
23-11-2010,Burlesque,25.23,1911.00,7.20,en,"Drama, Romance"
31-07-1997,Spawn,25.22,1022.00,5.30,en,"Action, Adventure, Fantasy, Horror, Science Fiction, Thriller"
12-10-2012,Girl vs. Monster,25.21,235.00,6.40,en,"Family, Comedy, Science Fiction, TV Movie"
09-10-2015,Winter on Fire: Ukraine's Fight for Freedom,25.20,203.00,8.00,uk,Documentary
05-05-2015,Road Wars,25.19,23.00,3.70,en,"Science Fiction, Action"
06-04-2007,Planet Terror,25.19,2717.00,6.60,en,"Horror, Action, Thriller"
26-07-2007,Shoot 'Em Up,25.18,1454.00,6.40,en,"Action, Thriller, Comedy, Crime"
05-02-2014,Jack and the Cuckoo-Clock Heart,25.18,570.00,7.20,fr,"Animation, Romance, Adventure, Drama, Fantasy"
29-03-2019,Justice League vs. the Fatal Five,25.17,246.00,6.90,en,"Animation, Action, Science Fiction"
17-01-2014,Reasonable Doubt,25.17,458.00,5.80,en,"Crime, Thriller"
04-10-2012,Universal Soldier: Day of Reckoning,25.17,325.00,5.50,en,"Action, Science Fiction, Thriller"
27-08-2021,Taya,25.17,6.00,5.30,tl,Thriller
25-04-2003,Identity,25.17,2911.00,7.20,en,"Mystery, Thriller"
24-12-2014,Into the Woods,25.15,3798.00,5.80,en,"Fantasy, Comedy"
27-08-2012,The Baytown Outlaws,25.15,240.00,6.10,en,"Action, Comedy, Crime"
22-09-2006,Jackass Number Two,25.15,834.00,6.40,en,"Action, Comedy, Documentary"
15-08-2019,47 Meters Down: Uncaged,25.15,1078.00,5.70,en,"Horror, Drama, Adventure"
26-11-2015,Krampus,25.14,1629.00,6.10,en,"Horror, Comedy, Fantasy"
22-12-2017,Hostiles,25.13,1823.00,6.90,en,"Western, Drama, History"
22-04-2010,My Girlfriend's Boyfriend,25.13,94.00,5.80,en,Comedy
30-11-2016,Honey 3: Dare to Dance,25.12,189.00,6.70,en,"Music, Drama, Family, Romance"
17-10-1997,I Know What You Did Last Summer,25.11,2125.00,5.90,en,"Horror, Thriller, Mystery"
31-08-2006,Crank,25.11,2916.00,6.60,en,"Action, Thriller, Crime"
02-03-2002,One Piece: Chopper's Kingdom on the Island of Strange Animals,25.10,108.00,6.60,ja,"Action, Animation, Adventure"
25-01-2007,Epic Movie,25.10,1201.00,3.90,en,"Comedy, Action, Adventure"
17-04-1941,Citizen Kane,25.09,4314.00,8.00,en,"Mystery, Drama"
14-07-2005,Final Fantasy VII: Advent Children,25.08,867.00,7.10,ja,"Animation, Action, Adventure, Fantasy, Science Fiction"
16-03-1967,Fantomas vs. Scotland Yard,25.08,387.00,6.70,fr,"Comedy, Crime, Adventure, Fantasy"
22-07-2002,Hero,25.08,1727.00,7.50,zh,"Drama, Adventure, Action, History"
22-05-2014,A Million Ways to Die in the West,25.07,3371.00,6.00,en,"Comedy, Western"
22-10-2020,Out Of My League,25.07,374.00,7.10,it,"Romance, Comedy"
31-05-2018,Adrift,25.06,2221.00,6.90,en,"Thriller, Romance, Adventure"
23-02-2007,The Number 23,25.06,2633.00,6.40,en,"Thriller, Drama, Mystery"
08-08-2019,Danger Close: The Battle of Long Tan,25.06,213.00,7.00,en,"War, Action, Drama, History"
01-02-2011,Beverly Hills Chihuahua 2,25.06,303.00,5.80,en,"Comedy, Family"
09-08-1989,The Abyss,25.06,2176.00,7.30,en,"Adventure, Action, Thriller, Science Fiction"
25-12-2020,"Josee, the Tiger and the Fish",25.05,192.00,8.60,ja,"Animation, Drama, Romance"
12-11-2015,Concussion,25.05,2144.00,7.10,en,"Drama, History"
02-11-2012,Flight,25.05,4979.00,6.80,en,Drama
14-09-2017,Escape Room,25.05,575.00,4.50,en,"Horror, Thriller"
19-06-1998,The X Files,25.05,1212.00,6.80,en,"Mystery, Science Fiction, Thriller"
13-09-2016,The Founder,25.04,3851.00,7.10,en,"Drama, History"
27-05-2021,Blue Miracle,25.02,197.00,7.60,en,"Adventure, Drama, Family"
06-11-2010,Don't Be Afraid of the Dark,25.02,851.00,5.70,en,"Fantasy, Horror, Thriller"
06-10-2011,Footloose,25.02,1388.00,6.60,en,"Drama, Music, Romance"
16-06-2022,Lightyear,25.01,0.00,0.00,en,"Animation, Science Fiction, Adventure, Action, Drama"
19-06-2020,Feel the Beat,25.01,925.00,7.70,en,"Comedy, Music, Drama"
20-06-2002,Minority Report,25.01,6949.00,7.30,en,"Action, Thriller, Science Fiction, Mystery"
09-03-2022,Fading Petals,25.01,0.00,0.00,en,Drama
26-09-2021,V/H/S/94,25.00,202.00,6.50,en,Horror
06-09-2005,Hellraiser: Hellworld,25.00,212.00,4.80,en,"Horror, Thriller"
15-03-1933,King Kong,24.99,1059.00,7.60,en,"Adventure, Horror, Science Fiction"
21-08-2009,Shorts,24.99,241.00,5.90,en,"Family, Fantasy, Comedy"
24-05-2018,A Prayer Before Dawn,24.99,427.00,6.80,en,"Drama, Action, Crime"
16-02-2010,Scooby-Doo! Abracadabra-Doo,24.99,188.00,7.80,en,"Animation, Comedy, Family, Mystery, Fantasy"
28-07-2017,Let Me Eat Your Pancreas,24.98,67.00,6.80,ja,"Drama, Romance"
30-10-2014,Legend Quest: The Legend of the Guanajuato Mummies,24.98,88.00,7.70,es,"Animation, Horror, Adventure, Comedy"
01-05-1987,American Ninja 2: The Confrontation,24.98,195.00,5.40,en,Action
02-09-1992,Bitter Moon,24.97,506.00,7.00,en,"Thriller, Drama, Romance"
05-05-2011,Priest,24.96,1805.00,5.70,en,"Horror, Action, Thriller"
03-04-1992,Beethoven,24.96,1656.00,5.80,en,"Comedy, Family"
21-12-2017,All the Money in the World,24.96,1862.00,6.50,en,"Thriller, Drama, Crime, Mystery, History"
06-09-2014,Beyond the Reach,24.96,301.00,5.90,en,Thriller
27-11-1977,The Hobbit,24.96,202.00,6.30,en,"Family, Fantasy, Animation, Adventure, TV Movie"
31-07-1991,Hot Shots!,24.96,1629.00,6.50,en,"Action, Comedy, War"
17-08-2007,High School Musical 2,24.95,3247.00,6.50,en,"Comedy, Drama, Family, Music, Romance, TV Movie"
30-07-2004,The Village,24.95,3254.00,6.40,en,"Drama, Mystery, Thriller"
21-11-2007,The Mist,24.94,3855.00,6.80,en,"Horror, Science Fiction, Thriller"
23-08-1985,Teen Wolf,24.94,852.00,6.20,en,"Comedy, Fantasy, Romance"
08-06-2013,Hal,24.94,76.00,6.70,ja,"Animation, Romance"
14-10-2005,Twitches,24.93,407.00,6.70,en,"Comedy, Drama, Family, Fantasy, TV Movie"
03-10-2000,Hellraiser: Inferno,24.93,328.00,5.50,en,"Horror, Thriller, Mystery"
26-10-2017,24 Hours to Live,24.93,512.00,5.90,en,"Action, Science Fiction, Thriller, Mystery"
01-06-1998,Frivolous Lola,24.91,142.00,4.70,it,"Comedy, Romance"
25-05-2018,Future World,24.90,187.00,4.30,en,Science Fiction
04-02-2004,Hidalgo,24.90,935.00,6.80,en,"Western, Adventure, Action"
16-10-2014,Son of a Gun,24.89,629.00,6.40,en,"Action, Crime, Drama, Thriller"
25-02-2018,A.I. Rising,24.89,209.00,5.00,en,"Science Fiction, Drama, Romance"
20-06-2006,The Wailer,24.89,51.00,6.60,es,Horror
01-12-2016,Eliminators,24.89,133.00,6.50,en,Action
05-06-2015,Typhoon Noruda,24.87,25.00,6.20,ja,"Science Fiction, Animation"
04-09-2020,My Octopus Teacher,24.87,584.00,8.00,en,Documentary
19-02-1982,Swamp Thing,24.86,251.00,5.40,en,"Horror, Science Fiction"
17-03-2012,Strike Witches the Movie,24.86,12.00,5.20,ja,"Animation, Action, Fantasy"
08-09-2009,Pandorum,24.85,1845.00,6.50,en,"Action, Horror, Mystery, Science Fiction, Thriller"
24-11-2018,30 Miles from Nowhere,24.85,39.00,4.40,en,"Horror, Comedy"
13-01-2005,Elektra,24.84,1912.00,5.00,en,"Action, Fantasy, Science Fiction"
27-08-1997,Hoodlum,24.82,120.00,6.40,en,"Crime, Drama"
29-01-1964,Dr. Strangelove,24.82,4395.00,8.10,en,"Drama, Comedy, War"
09-03-2022,Permis de construire,24.81,0.00,0.00,fr,Comedy
03-03-2011,The Adjustment Bureau,24.81,3722.00,6.70,en,"Science Fiction, Thriller, Romance"
04-10-2017,The Little Vampire 3D,24.81,119.00,6.20,en,"Comedy, Animation, Family, Fantasy"
24-06-2002,Tarzan & Jane,24.81,486.00,6.00,en,"Animation, Family"
08-06-2017,The Villainess,24.81,496.00,6.90,ko,"Drama, Action"
23-11-2013,The Tale of The Princess Kaguya,24.81,1290.00,8.10,ja,"Animation, Drama, Fantasy"
06-12-2019,StarDog and TurboCat,24.80,78.00,7.30,en,"Animation, Comedy, Family"
04-11-2005,Jarhead,24.80,2225.00,6.60,en,"Drama, War"
28-01-2021,Clean,24.80,50.00,6.60,en,"Crime, Drama, Thriller"
20-12-1991,Raise the Red Lantern,24.79,507.00,8.00,zh,Drama
12-05-2016,The Wailing,24.79,1201.00,7.30,ko,"Horror, Mystery"
05-02-1999,Payback,24.79,1375.00,6.80,en,"Crime, Action, Drama"
10-11-2000,Little Nicky,24.78,1423.00,5.90,en,"Comedy, Fantasy, Romance, Horror"
23-03-2007,TMNT,24.78,822.00,6.10,en,"Adventure, Animation, Comedy, Family"
13-02-1987,Mannequin,24.76,522.00,6.80,en,"Fantasy, Comedy, Romance"
19-02-2016,Triple 9,24.76,1749.00,5.90,en,"Action, Thriller, Mystery"
30-01-2002,Asterix & Obelix: Mission Cleopatra,24.75,2657.00,7.40,fr,"Family, Fantasy, Comedy, Adventure"
08-06-2007,Surf's Up,24.75,1938.00,6.30,en,"Animation, Comedy, Family"
06-04-2017,Colossal,24.74,1656.00,6.30,en,"Drama, Fantasy, Science Fiction"
28-03-2018,White Fang,24.74,166.00,7.30,fr,"Animation, Family"
30-07-2010,Dinner for Schmucks,24.73,1432.00,5.60,en,Comedy
20-07-2020,The Swan Princess: A Royal Wedding,24.73,22.00,7.30,en,"Animation, Family, Fantasy"
03-04-1998,Mercury Rising,24.72,1201.00,6.20,en,"Action, Crime, Drama, Thriller"
25-12-2007,The Bucket List,24.72,2985.00,7.20,en,"Drama, Comedy"
20-03-2006,Skinwalkers,24.72,223.00,5.10,en,"Fantasy, Action, Horror"
25-04-2015,Lake Placid vs. Anaconda,24.71,149.00,5.40,en,"Action, Horror"
20-10-2005,Doom,24.70,1732.00,5.10,en,"Action, Horror, Science Fiction"
21-10-2017,Psychic Kusuo,24.69,19.00,6.40,ja,Comedy
15-09-2006,Teen Titans: Trouble in Tokyo,24.68,262.00,7.80,en,"Action, Animation, Family, Science Fiction, TV Movie"
04-08-1989,"Sex, Lies, and Videotape",24.68,654.00,6.90,en,Drama
11-06-2021,Just Once,24.67,5.00,5.40,es,Drama
22-01-2017,To the Bone,24.67,3118.00,7.20,en,Drama
03-11-1977,Pete's Dragon,24.67,548.00,6.40,en,"Fantasy, Animation, Comedy, Family"
16-12-2005,Hoodwinked!,24.66,1427.00,6.20,en,"Animation, Comedy, Family, Crime"
29-10-2020,Horizon Line,24.65,205.00,5.90,en,Thriller
23-10-1960,The Alamo,24.65,253.00,7.20,en,Western
11-05-1983,Christine,24.65,1438.00,6.80,en,Horror
28-02-2008,The Bank Job,24.64,1714.00,6.80,en,"Thriller, Crime, Drama"
13-02-2015,The Lovers,24.64,62.00,4.70,en,"Action, Adventure, Science Fiction, Romance"
10-07-2010,Legend of the Guardians: The Owls of Ga'Hoole,24.64,1841.00,6.80,en,"Animation, Adventure, Family, Fantasy"
13-10-2006,The Grudge 2,24.63,800.00,5.50,en,"Horror, Thriller"
06-12-2019,Grand Isle,24.63,205.00,5.80,en,"Thriller, Action"
07-04-1989,Cyborg,24.62,495.00,5.50,en,"Science Fiction, Action"
08-03-1995,All Things Fair,24.62,80.00,6.30,sv,"Drama, Romance, War"
16-09-2015,Mr. Six,24.62,99.00,6.90,zh,"Crime, Action, Drama"
02-08-2019,"Paw Patrol: Ready, Race, Rescue!",24.61,96.00,7.00,en,"Animation, Family"
03-11-2015,Riley's First Date?,24.60,655.00,7.20,en,"Animation, Family"
02-01-2008,The Reader,24.60,2368.00,7.40,en,"Drama, Romance"
15-03-2012,Mirror Mirror,24.60,2827.00,5.90,en,"Adventure, Comedy, Family, Fantasy"
01-03-2016,Hot Bot,24.60,171.00,4.30,en,"Comedy, Science Fiction"
24-12-2013,The House of Magic,24.60,281.00,6.30,en,"Family, Fantasy, Animation, Adventure"
04-08-2017,A Bad Moms Christmas,24.59,1714.00,6.30,en,Comedy
03-12-2013,American Hustle,24.58,6183.00,6.80,en,"Drama, Crime"
21-01-2014,JLA Adventures: Trapped in Time,24.58,160.00,6.70,en,"Family, Animation, Action, Science Fiction"
28-01-2005,Innocent Voices,24.57,317.00,8.10,es,"Drama, War"
13-09-2005,Romance & Cigarettes,24.57,101.00,5.90,en,"Comedy, Music, Romance"
07-04-2016,Criminal,24.56,1392.00,6.10,en,"Action, Crime, Science Fiction"
26-11-2014,Asterix: The Mansions of the Gods,24.56,1069.00,6.80,fr,"Animation, Comedy, Adventure, Family"
12-09-2019,Downton Abbey,24.56,824.00,7.20,en,"Drama, Romance, History"
05-05-2010,Ong Bak 3,24.56,334.00,5.90,th,"Action, Adventure, History"
11-03-2005,Miss Congeniality 2: Armed and Fabulous,24.56,1502.00,5.70,en,"Action, Comedy"
13-09-2021,All for Her,24.55,3.00,4.70,en,Drama
16-11-2009,Merry Madagascar,24.55,206.00,6.40,en,"Family, Animation"
08-08-2019,The Art of Racing in the Rain,24.54,1013.00,8.30,en,"Comedy, Drama, Romance"
20-10-2016,Keeping Up with the Joneses,24.54,1659.00,6.10,en,"Action, Comedy"
09-04-1932,Scarface,24.54,416.00,7.50,en,"Action, Crime, Drama, Thriller"
05-11-2007,Beowulf,24.53,2275.00,5.80,en,"Adventure, Action, Animation"
25-11-2012,Home Alone: The Holiday Heist,24.53,301.00,5.30,en,"Comedy, Family, TV Movie"
25-12-1959,Solomon and Sheba,24.53,57.00,6.30,en,"History, Romance"
18-11-1988,Oliver & Company,24.53,1269.00,6.70,en,"Animation, Comedy, Family"
09-02-2017,Fabricated City,24.53,240.00,7.80,ko,"Action, Thriller, Crime"
20-01-2021,Jumanji: Level One,24.52,61.00,6.20,en,"Adventure, Action"
02-09-2013,Rush,24.52,5784.00,7.70,en,"Drama, Action"
04-02-2009,Push,24.51,1841.00,6.10,en,"Science Fiction, Action"
07-09-2018,Final Score,24.49,381.00,6.10,en,Action
23-04-2017,"Yes, God, Yes",24.49,62.00,6.00,en,"Comedy, Drama"
01-01-1984,Love Scenes,24.49,12.00,7.50,en,Drama
17-03-1989,Leviathan,24.48,341.00,5.90,en,"Adventure, Horror, Action, Thriller, Science Fiction"
29-06-1984,Bachelor Party,24.48,508.00,6.30,en,Comedy
13-05-2005,Monster-in-Law,24.48,1336.00,6.20,en,"Romance, Comedy"
10-03-2022,Facing Monsters,24.47,0.00,0.00,en,Documentary
27-10-2000,The Little Vampire,24.47,322.00,6.80,en,"Family, Adventure, Comedy, Fantasy"
11-05-2001,A Knight's Tale,24.46,2430.00,6.90,en,"Adventure, Drama, Romance, Action"
26-07-2019,Ne Zha,24.45,251.00,8.00,zh,"Animation, Fantasy, Adventure"
10-12-2008,The Day the Earth Stood Still,24.45,2696.00,5.60,en,"Drama, Science Fiction, Thriller"
18-08-1998,The Batman Superman Movie: World's Finest,24.45,183.00,7.20,en,"Action, Animation, TV Movie, Science Fiction"
31-03-2017,Free Fire,24.44,878.00,6.30,en,"Action, Crime, Mystery"
11-02-2000,The Tigger Movie,24.43,441.00,6.50,en,"Family, Animation, Comedy"
15-12-1979,Lupin the Third: The Castle of Cagliostro,24.43,752.00,7.50,ja,"Family, Animation, Adventure, Comedy, Crime"
15-11-2009,Oscar and the Lady in Pink,24.43,68.00,6.50,fr,Drama
21-05-2002,Enough,24.43,869.00,6.60,en,"Drama, Thriller"
02-10-2010,16 Wishes,24.43,1076.00,6.30,en,"Fantasy, Drama, Family"
25-11-2021,South Park: Post COVID,24.42,118.00,7.40,en,"Animation, Comedy, TV Movie"
24-06-2016,The Shallows,24.42,4338.00,6.40,en,"Horror, Drama, Thriller"
03-09-2015,Solace,24.41,1787.00,6.30,en,"Thriller, Crime, Mystery"
19-08-2018,The Last Sharknado: It's About Time,24.40,177.00,4.60,en,"Science Fiction, Action, Adventure, Comedy, TV Movie"
08-05-2015,Maggie,24.40,1359.00,5.30,en,"Horror, Drama, Mystery"
06-03-1992,Gladiator,24.40,217.00,7.50,en,"Action, Drama"
19-08-2015,American Ultra,24.39,2384.00,6.10,en,"Comedy, Action"
28-12-2012,Blue Exorcist: The Movie,24.38,107.00,7.30,ja,"Animation, Fantasy, Mystery, Horror, Action"
26-11-2021,A Castle for Christmas,24.38,191.00,5.90,en,"Romance, Comedy, Family"
26-10-1994,The NeverEnding Story III,24.37,293.00,4.40,en,"Fantasy, Family"
11-04-2015,Spooks: The Greater Good,24.37,469.00,6.00,en,"Thriller, Action"
10-12-2015,Invisible Sister,24.37,248.00,6.70,en,"Fantasy, Adventure, Comedy, TV Movie"
25-12-1999,The Talented Mr. Ripley,24.36,2720.00,7.20,en,"Thriller, Crime, Drama"
13-02-2019,The Queen's Corgi,24.36,324.00,6.10,en,"Family, Animation"
02-07-2019,Adventures of Dally and Spanky,24.35,42.00,7.40,en,Family
22-09-2011,Abduction,24.35,2526.00,5.90,en,"Thriller, Action, Mystery"
26-08-2003,Stitch! The Movie,24.34,553.00,6.50,en,"Comedy, Adventure, Family, Animation"
06-11-2009,Precious,24.34,1326.00,7.30,en,Drama
25-01-2007,Sweeney Todd: The Demon Barber of Fleet Street,24.34,4854.00,7.20,en,"Drama, Horror"
14-09-2017,American Assassin,24.32,2445.00,6.40,en,"Action, Thriller"
10-08-1990,Flatliners,24.32,1173.00,6.50,en,"Drama, Science Fiction, Horror"
25-08-1994,Natural Born Killers,24.32,2664.00,7.10,en,"Crime, Thriller, Drama"
15-05-1992,Lethal Weapon 3,24.32,2229.00,6.70,en,"Adventure, Action, Comedy, Thriller, Crime"
26-03-2015,Ooops! Noah Is Gone...,24.31,248.00,6.30,en,"Animation, Adventure, Comedy, Family"
23-07-1987,Superman IV: The Quest for Peace,24.30,937.00,4.50,en,"Action, Adventure, Science Fiction"
13-08-1988,Police Story 2,24.30,354.00,7.00,cn,"Action, Crime, Thriller"
06-04-2017,Going in Style,24.29,2275.00,6.70,en,"Crime, Comedy"
13-02-2013,Evil Woman,24.28,8.00,4.00,es,"Crime, Drama"
29-05-2019,Ma,24.28,1692.00,5.80,en,"Horror, Thriller"
05-04-1978,Pretty Baby,24.27,216.00,7.00,en,Drama
09-09-2008,Zombies! Zombies! Zombies!,24.27,29.00,4.20,en,"Horror, Comedy"
02-08-2018,The Spy Who Dumped Me,24.27,1876.00,6.40,en,"Action, Comedy"
11-02-2005,Hitch,24.26,4777.00,6.50,en,"Comedy, Drama, Romance"
20-04-2017,Berlin Syndrome,24.26,519.00,6.00,en,"Mystery, Thriller, Drama, Horror"
10-07-2015,Behind the Mask: The Batman Dead End Story,24.26,4.00,8.00,en,Documentary
26-09-2007,After Sex,24.26,174.00,5.40,en,"Comedy, Romance, Drama"
18-10-2010,Mirrors 2,24.25,312.00,5.60,en,"Horror, Mystery, Thriller"
25-10-2019,Black and Blue,24.25,609.00,6.70,en,"Action, Thriller"
30-03-2018,The Titan,24.25,1017.00,5.40,en,"Science Fiction, Thriller"
21-12-1978,Spider-Man Strikes Back,24.24,34.00,5.20,en,"Action, Adventure, Family, Fantasy, TV Movie"
25-10-2011,A Funny Thing Happened on the Way to Thor's Hammer,24.24,277.00,7.10,en,"Science Fiction, Fantasy"
21-12-2018,Nisekoi: False Love,24.23,30.00,7.60,ja,"Romance, Comedy"
20-12-2018,Master Z: Ip Man Legacy,24.23,380.00,6.20,cn,"Action, Crime, Drama"
28-02-2008,The Other Boleyn Girl,24.22,1645.00,6.60,en,"Drama, Romance"
15-11-2011,Book of Dragons,24.21,126.00,6.60,en,"Fantasy, Animation, Action, Comedy, Family"
20-06-2014,Think Like a Man Too,24.21,458.00,6.50,en,"Comedy, Romance"
21-09-2012,Unconditional,24.20,54.00,6.80,en,Drama
17-12-1999,Bicentennial Man,24.20,2963.00,7.20,en,"Science Fiction, Comedy, Drama"
11-09-2007,Into the Wild,24.19,8143.00,7.80,en,"Adventure, Drama"
08-04-2014,Perfect Sisters,24.18,220.00,5.80,en,"Thriller, Drama, Crime"
30-12-2014,The Woman in Black 2: Angel of Death,24.17,880.00,5.20,en,"Thriller, Horror, Drama"
22-04-2020,The Willoughbys,24.17,737.00,7.20,en,"Animation, Comedy, Family"
15-11-1989,Steel Magnolias,24.17,501.00,7.20,en,"Comedy, Drama"
17-10-2010,Milf,24.16,62.00,4.30,en,Comedy
03-09-2014,Before I Go to Sleep,24.16,1652.00,6.50,en,"Mystery, Thriller"
19-10-2012,The First Time,24.16,1902.00,7.00,en,"Drama, Comedy, Romance"
08-08-2000,Buzz Lightyear of Star Command: The Adventure Begins,24.16,252.00,6.40,en,"Animation, Family, Comedy, Science Fiction, Adventure"
24-03-1999,"Girl, Interrupted",24.15,2872.00,7.60,en,Drama
07-05-2010,Room in Rome,24.15,474.00,6.40,es,"Drama, Romance"
23-04-2021,The Space Between,24.15,9.00,5.40,en,"Drama, Comedy"
29-09-2007,Sword of the Stranger,24.14,280.00,7.60,ja,"Action, Animation, History"
20-09-2010,Pokémon Apokélypse,24.14,5.00,5.20,en,"Crime, Action, Drama"
17-11-2001,Justice League: Secret Origins,24.14,92.00,7.70,en,"Action, Adventure, Animation, Science Fiction"
31-12-2013,Enemy,24.14,4692.00,6.90,en,"Thriller, Mystery"
07-05-2004,Mindhunters,24.12,897.00,6.50,en,"Mystery, Thriller, Crime"
17-07-2017,#realityhigh,24.12,943.00,6.40,en,Comedy
20-06-1963,The Great Escape,24.12,1948.00,8.00,en,"Adventure, Drama, History, Thriller, War"
11-10-2014,Escobar: Paradise Lost,24.12,658.00,6.30,en,"Thriller, Romance"
15-12-2001,Inuyasha the Movie: Affections Touching Across Time,24.12,137.00,7.60,ja,"Action, Animation, Adventure, Fantasy"
02-08-2019,Dragon Quest: Your Story,24.11,148.00,6.80,ja,"Animation, Adventure, Comedy, Fantasy, Action, Family"
11-02-1983,Urusei Yatsura: Only You,24.11,20.00,6.40,ja,"Animation, Romance, Science Fiction, Comedy"
27-10-2000,Book of Shadows: Blair Witch 2,24.11,600.00,4.20,en,"Mystery, Thriller, Horror"
13-02-1987,Over the Top,24.10,1261.00,6.30,en,"Action, Drama"
13-12-2019,Bombshell,24.08,2328.00,6.80,en,"Drama, History"
25-12-2019,Dino King: Journey to Fire Mountain,24.07,92.00,7.90,ko,"Animation, Adventure"
21-02-2013,Snitch,24.07,1998.00,6.00,en,"Thriller, Drama, Action"
12-02-1999,Gorgeous,24.06,257.00,6.20,cn,"Adventure, Action, Comedy, Romance"
10-12-2021,American Refugee,24.05,16.00,6.70,en,"Horror, Thriller"
14-02-2010,Starstruck,24.05,1014.00,7.00,en,"Romance, Comedy, TV Movie, Music"
08-06-2001,Evolution,24.05,1744.00,6.00,en,"Comedy, Science Fiction, Action"
28-05-1958,Vertigo,24.05,4478.00,8.20,en,"Mystery, Romance, Thriller"
01-06-2012,Titanic: 100 Years On,24.04,18.00,6.90,en,Documentary
02-02-1968,The Diamond Arm,24.04,200.00,7.90,ru,"Adventure, Comedy, Crime"
05-03-1998,The Thin Red Line,24.03,2319.00,7.40,en,"Drama, History, War"
15-09-2016,Snowden,24.03,3660.00,7.10,en,"Drama, History, Crime, Thriller"
04-03-2017,Security,24.03,607.00,6.10,en,"Action, Thriller, Crime"
07-02-2017,Moontrap: Target Earth,24.03,50.00,4.60,en,"Action, Science Fiction, Adventure"
03-05-2019,The Intruder,24.03,413.00,6.10,en,Thriller
30-08-1972,The Last House on the Left,24.02,464.00,5.90,en,"Horror, Thriller"
02-12-2016,Siren,24.02,199.00,6.00,en,Horror
25-12-2014,Unbroken,24.01,3475.00,7.50,en,"Drama, War"
25-12-2007,The Water Horse,24.01,835.00,6.40,en,"Family, Adventure, Fantasy"
12-01-2010,Plan B,24.01,79.00,7.20,es,"Comedy, Drama, Romance"
08-11-1951,Quo Vadis,24.01,284.00,7.10,en,"Drama, History, Romance"
27-03-1985,Ladyhawke,24.01,884.00,7.00,en,"Adventure, Comedy, Drama, Fantasy"
12-09-2013,Machete Kills,24.00,1553.00,5.60,en,"Action, Crime, Thriller"
10-05-2018,Life of the Party,24.00,846.00,6.20,en,Comedy
23-07-1999,The Haunting,24.00,1062.00,5.40,en,"Horror, Thriller, Fantasy, Mystery"
16-02-2022,ASSEMBLED: The Making of Eternals,24.00,8.00,6.40,en,Documentary
17-10-2013,Tarzan,23.99,497.00,5.70,en,"Animation, Action, Adventure, Family"
25-12-2020,News of the World,23.99,1295.00,7.00,en,"Drama, Western, Adventure"
23-09-2005,The Madagascar Penguins in a Christmas Caper,23.99,224.00,6.70,en,"Animation, Comedy, Family"
24-06-1987,Spaceballs,23.99,2313.00,6.80,en,"Comedy, Science Fiction"
13-07-2017,Tulip Fever,23.99,553.00,6.50,en,"Drama, Romance"
04-04-2001,Blow,23.99,3582.00,7.40,en,"Crime, Drama"
13-02-2019,Happy Death Day 2U,23.98,2702.00,6.30,en,"Comedy, Horror, Science Fiction"
26-11-1942,Casablanca,23.98,4138.00,8.20,en,"Drama, Romance"
09-03-1978,The Deer Hunter,23.97,2868.00,8.00,en,"Drama, War"
08-06-2009,A Perfect Getaway,23.97,975.00,6.30,en,"Thriller, Mystery, Adventure"
21-04-2016,Flight Crew,23.96,198.00,6.90,ru,"Drama, Action"
05-09-2011,A Cinderella Story: Once Upon a Song,23.96,915.00,6.40,en,"Comedy, Family, Romance"
13-08-2009,The Secret in Their Eyes,23.95,1964.00,8.00,es,"Crime, Drama, Mystery"
07-09-2012,Dredd,23.94,4049.00,6.80,en,"Action, Science Fiction"
26-12-2007,There Will Be Blood,23.94,5009.00,8.10,en,Drama
26-08-2016,The Lion Woman,23.94,109.00,6.90,no,Drama
22-10-2009,Uncharted: Eye of Indra,23.92,2.00,4.50,en,"Adventure,Action"
07-06-2001,Swordfish,23.92,2156.00,6.20,en,"Action, Crime, Thriller"
29-06-2001,A.I. Artificial Intelligence,23.91,5078.00,7.00,en,"Drama, Science Fiction, Adventure"
03-12-1990,The Ages of Lulu,23.91,172.00,6.40,es,Drama
20-10-2000,Pay It Forward,23.91,1409.00,7.30,en,Drama
20-02-2009,Walled In,23.90,153.00,4.90,en,"Horror, Thriller"
01-10-2019,Jarhead: Law of Return,23.90,2397.00,6.50,en,War
29-08-2002,Frida,23.89,1700.00,7.50,en,"Drama, Romance"
24-01-2019,Sheep & Wolves: Pig Deal,23.88,59.00,6.90,ru,"Animation, Adventure, Comedy, Family"
01-09-1954,Rear Window,23.87,5001.00,8.40,en,"Thriller, Mystery"
15-03-2019,Mr. Osomatsu the Movie,23.87,7.00,7.60,ja,"Comedy, Animation"
15-10-2020,Dragon Rider,23.86,114.00,7.30,en,"Animation, Family, Adventure, Fantasy"
12-02-1999,Blast from the Past,23.86,792.00,6.70,en,"Science Fiction, Drama, Romance, Comedy"
08-12-2017,"I, Tonya",23.86,4743.00,7.50,en,Drama
07-03-1998,Doraemon: Nobita's Great Adventure in the South Seas,23.84,18.00,6.70,ja,Animation
13-10-2010,RED,23.84,5621.00,6.70,en,"Action, Adventure, Comedy, Crime, Thriller"
10-09-2016,Your Lie in April,23.83,39.00,7.00,ja,"Drama, Music, Romance"
30-01-2021,Prime Time,23.83,67.00,5.00,pl,"Drama, Thriller"
29-04-2021,Farm to Fork to Love,23.83,27.00,6.00,en,"Romance, TV Movie"
09-02-1986,Nine 1/2 Weeks,23.82,719.00,6.10,en,"Drama, Romance"
15-09-2020,Wish Upon a Unicorn,23.80,37.00,7.20,en,"Adventure, Family, Fantasy"
05-10-2012,Birthday Sex,23.80,14.00,6.50,en,"Drama, Romance"
17-11-1995,It Takes Two,23.80,724.00,6.40,en,"Comedy, Family, Romance"
17-02-1979,Fearless Hyena,23.80,109.00,6.70,cn,"Comedy, Action"
03-04-1998,Lost in Space,23.79,963.00,5.30,en,"Science Fiction, Adventure"
29-12-2017,Day of the Dead: Bloodline,23.78,477.00,4.60,en,"Action, Horror"
02-02-2005,Unleashed,23.78,1561.00,6.90,en,"Action, Crime"
07-11-2018,Kursk,23.78,427.00,6.70,en,"Drama, History, Thriller, Action"
11-10-1961,King of Kings,23.78,134.00,7.00,en,"Drama, History"
10-12-2020,Silver Skates,23.77,134.00,7.80,ru,"Romance, Adventure, Drama, Family, History"
16-12-1978,Every Which Way but Loose,23.77,339.00,6.20,en,"Action, Comedy, Adventure, Romance, Drama"
27-06-2019,Yesterday,23.77,3065.00,6.70,en,"Music, Comedy, Romance, Fantasy"
15-03-2019,Captive State,23.76,898.00,5.60,en,Science Fiction
01-03-2011,S.W.A.T.: Firefight,23.76,233.00,5.70,en,"Action, Crime, Thriller"
10-10-2013,Delivery Man,23.76,1204.00,6.20,en,Comedy
12-08-2014,Good People,23.75,382.00,5.50,en,"Thriller, Crime, Action"
13-12-2010,Minions: Home Makeover,23.75,128.00,6.80,en,"Animation, Family, Comedy"
23-04-2013,Superman: Unbound,23.75,295.00,6.70,en,"Animation, Action, Adventure"
16-07-2011,Pokémon the Movie: White - Victini and Zekrom,23.75,132.00,6.60,ja,"Animation, Family, Adventure, Drama, Fantasy"
30-07-2000,Coyote Ugly,23.75,1679.00,6.30,en,"Comedy, Drama, Music, Romance"
17-07-2002,Eight Legged Freaks,23.74,918.00,5.70,en,"Action, Comedy, Horror, Thriller"
02-05-2003,The Lizzie McGuire Movie,23.74,1074.00,6.30,en,"Family, Comedy"
10-02-2006,The Pink Panther,23.73,1555.00,5.80,en,"Comedy, Family, Mystery, Crime, Adventure, Action"
01-02-2017,Sahara,23.73,234.00,5.90,fr,"Adventure, Animation, Comedy, Family"
02-08-2018,Leal,23.73,48.00,6.90,es,"Action, Crime, Drama"
16-12-2000,Battle Royale,23.73,2594.00,7.30,ja,"Drama, Thriller, Action"
10-05-1965,For a Few Dollars More,23.73,2985.00,8.00,it,Western
04-06-2021,Trippin’ with the Kandasamys,23.72,33.00,7.10,en,"Comedy, Romance"
01-10-2006,Paprika,23.71,1610.00,7.80,ja,"Animation, Drama, Mystery, Science Fiction, Thriller, Fantasy"
07-10-2014,Goodnight Mommy,23.71,1195.00,6.70,de,"Drama, Horror, Thriller, Mystery"
27-09-2007,"Lust, Caution",23.70,451.00,7.10,zh,"Action, Drama, Romance, Thriller"
21-06-1973,Sinner: The Secret Diary of a Nymphomaniac,23.69,11.00,4.50,fr,Drama
05-02-2010,Frozen,23.69,1453.00,5.90,en,Thriller
19-11-2020,Gabriel's Inferno Part III,23.69,946.00,8.60,en,"Romance, Comedy"
06-12-1964,Rudolph the Red-Nosed Reindeer,23.69,403.00,7.30,en,"Animation, Family, TV Movie"
28-03-1963,The Birds,23.68,3125.00,7.50,en,Horror
08-02-2001,From Hell,23.68,2256.00,6.70,en,"Horror, Mystery, Thriller"
31-08-1983,Women's Prison Massacre,23.67,33.00,4.30,en,"Action, Drama"
11-10-2018,Suspiria,23.67,1939.00,7.00,en,"Horror, Thriller"
23-11-1994,The Pagemaster,23.66,614.00,6.40,en,"Family, Fantasy, Science Fiction, Animation"
09-03-2022,Besties,23.66,0.00,0.00,fr,"Drama, Romance"
21-09-2018,Nappily Ever After,23.65,748.00,7.20,en,"Comedy, Romance"
18-05-2018,Black Water,23.65,193.00,5.70,en,"Action, Thriller"
29-10-1999,Being John Malkovich,23.64,3378.00,7.40,en,"Comedy, Drama, Fantasy"
16-02-2018,The Monkey King 3,23.64,32.00,5.40,zh,"Action, Adventure, Fantasy"
25-02-2011,Megamind: The Button of Doom,23.64,174.00,6.60,en,"Animation, Action, Comedy, Family"
16-12-2021,Pushpa: The Rise - Part 1,23.63,47.00,7.70,te,"Action, Drama, Thriller"
26-05-2011,Melancholia,23.63,2743.00,7.20,en,"Drama, Science Fiction"
09-03-2004,Winnie the Pooh: Springtime with Roo,23.62,116.00,6.70,en,"Family, Animation"
23-06-2021,Good on Paper,23.61,222.00,5.60,en,"Comedy, Romance"
22-12-1995,Dracula: Dead and Loving It,23.61,718.00,6.00,en,"Comedy, Horror, Fantasy"
19-11-2020,The Princess Switch: Switched Again,23.61,714.00,7.00,en,"Family, Romance, Comedy"
15-08-2008,Mirrors,23.59,1430.00,6.20,en,"Horror, Mystery, Thriller, Drama"
21-03-2003,Dreamcatcher,23.59,1414.00,5.50,en,"Drama, Horror, Science Fiction, Thriller"
26-08-1992,The Last of the Mohicans,23.58,2339.00,7.40,en,"Action, Adventure, Drama, History, Romance, War"
23-05-2015,New Initial D the Movie - Legend 2: Racer,23.58,34.00,8.10,ja,"Animation, Drama, Action"
17-04-2015,True Story,23.58,1630.00,6.30,en,"Crime, Drama, History"
18-07-2019,Secret Obsession,23.58,911.00,5.50,en,"Drama, Thriller"
05-12-2019,How to Train Your Dragon: Snoggletog Log,23.57,15.00,6.60,en,"Animation, Family"
17-08-2001,Pokémon: Mewtwo Returns,23.57,261.00,6.70,ja,"Animation, Family, Action, Adventure, Drama, Fantasy"
07-01-2022,See for Me,23.57,26.00,6.10,en,Thriller
04-07-2013,Gintama the Movie: The Final Chapter - Be Forever Yorozuya,23.57,77.00,8.10,ja,"Action, Comedy, Science Fiction, Animation"
12-06-1981,Clash of the Titans,23.57,552.00,6.90,en,"Action, Adventure, Family, Fantasy"
04-10-2018,The House That Jack Built,23.56,2007.00,7.20,en,"Drama, Horror, Crime, Thriller"
06-12-2002,Equilibrium,23.56,3585.00,7.00,en,"Action, Science Fiction, Thriller"
01-04-2014,Saul: The Journey to Damascus,23.56,5.00,5.60,es,Drama
16-10-2009,Triangle,23.56,1848.00,6.90,en,Horror
20-11-1998,Enemy of the State,23.56,3027.00,7.00,en,"Action, Drama, Thriller"
28-03-1985,Police Academy 2: Their First Assignment,23.56,1145.00,6.00,en,"Comedy, Crime"
06-11-2015,The Condemned 2,23.55,117.00,5.20,en,Action
10-03-1995,Outbreak,23.55,1751.00,6.50,en,"Action, Drama, Science Fiction, Thriller"
27-04-2000,Where the Heart Is,23.54,543.00,7.10,en,"Comedy, Drama, Romance"
18-12-1963,The Pink Panther,23.54,754.00,6.90,en,"Comedy, Crime"
27-02-2020,Guns Akimbo,23.53,1646.00,6.50,en,"Comedy, Action"
19-01-2017,The Post,23.53,3899.00,7.00,en,"Drama, History"
26-08-2016,Hands of Stone,23.53,288.00,6.30,en,Drama
28-06-2014,Ghost in the Shell Arise - Border 3: Ghost Tears,23.53,111.00,6.80,ja,"Action, Animation, Science Fiction"
12-03-2004,Secret Window,23.53,2934.00,6.60,en,"Mystery, Thriller"
03-10-2003,School of Rock,23.53,4555.00,7.10,en,"Comedy, Music, Family"
19-11-1980,Tender Cousins,23.52,29.00,5.40,fr,"Drama, Romance"
30-11-2018,Mirage,23.52,1425.00,7.50,es,"Science Fiction, Thriller, Drama, Romance, Mystery"
25-02-2019,Our Friend,23.52,193.00,7.20,en,"Drama, Romance"
02-06-2012,Blood-C: The Last Dark,23.52,79.00,7.10,ja,"Action, Horror, Science Fiction, Animation"
31-01-2018,Scooby-Doo! & Batman: The Brave and the Bold,23.51,161.00,7.60,en,"Animation, Comedy, Action, Family"
19-12-2012,Zero Dark Thirty,23.51,3697.00,7.00,en,"Thriller, Drama, History"
16-07-2020,Unhinged,23.51,1487.00,6.40,en,"Action, Thriller"
13-08-2004,Yu-Gi-Oh! The Movie,23.50,247.00,6.00,en,"Adventure, Fantasy, Animation, Action, Comedy, Thriller, Science Fiction, Family"
16-07-2005,Pokémon: Lucario and the Mystery of Mew,23.50,220.00,6.90,ja,"Family, Adventure, Animation, Fantasy, Action, Science Fiction"
05-08-2011,Phineas and Ferb: The Movie: Across the 2nd Dimension,23.49,412.00,6.90,en,"Animation, Comedy, Family, TV Movie, Music, Adventure, Science Fiction"
21-04-1995,While You Were Sleeping,23.49,1321.00,6.90,en,"Romance, Comedy"
19-06-2019,In Full Bloom,23.49,68.00,7.00,en,"Action, Drama"
14-10-2016,Gantz:O,23.49,521.00,7.30,ja,"Science Fiction, Action, Animation"
27-03-2011,Kill Bill: The Whole Bloody Affair,23.49,722.00,8.00,en,"Action, Crime, Thriller"
06-07-2016,Cell,23.48,875.00,4.60,en,"Horror, Science Fiction, Thriller"
01-08-2015,Corpse Party,23.47,32.00,5.00,ja,"Horror, Mystery, Science Fiction"
22-04-2016,Bastille Day,23.47,1060.00,6.30,en,Action
03-09-1992,Jamon Jamon,23.47,228.00,6.20,es,"Comedy, Drama, Romance"
14-04-2014,Behaving Badly,23.46,493.00,5.30,en,Comedy
09-03-2022,La campagne de France,23.45,0.00,0.00,fr,Documentary
12-03-2021,Paper Lives,23.45,277.00,8.20,tr,Drama
19-01-2018,7 Guardians of the Tomb,23.45,156.00,5.50,en,"Action, Adventure, Horror"
22-01-2014,"I, Frankenstein",23.44,1552.00,5.30,en,"Horror, Thriller"
13-09-2017,mother!,23.43,5573.00,7.00,en,"Drama, Horror, Mystery"
26-01-2022,Kingmaker,23.43,6.00,6.40,ko,Drama
19-11-2015,Nice Sister-In-Law,23.43,8.00,6.60,ko,"Romance, Drama"
01-10-2021,Swallow,23.42,4.00,5.50,en,"Drama, History, Thriller, Crime"
20-03-1998,Wild Things,23.42,1282.00,6.30,en,"Mystery, Thriller, Drama"
21-10-2016,Moonlight,23.42,5998.00,7.40,en,Drama
25-07-2020,Rick and Morty vs Genocider,23.41,2.00,3.50,en,Animation
30-08-1995,P.O. Box Tinto Brass,23.41,61.00,5.40,it,Comedy
11-02-1988,Dragons Forever,23.41,181.00,7.10,cn,"Action, Comedy, Romance"
16-02-1998,Belle's Magical World,23.41,383.00,6.20,en,"Animation, Family"
25-08-2000,Vampire Hunter D: Bloodlust,23.40,405.00,7.60,ja,"Animation, Fantasy, Horror, Action"
13-04-2002,Interstate 60,23.40,473.00,7.30,en,"Adventure, Comedy, Fantasy"
18-07-1997,Snow White: A Tale of Terror,23.40,190.00,5.90,en,"Fantasy, Horror"
01-02-2007,Scars 2,23.40,5.00,8.40,es,Drama
30-11-1989,National Lampoon's Christmas Vacation,23.40,1763.00,7.20,en,Comedy
04-02-2018,The Cloverfield Paradox,23.39,2630.00,5.60,en,"Horror, Science Fiction, Action, Thriller"
12-11-2010,127 Hours,23.39,6275.00,7.10,en,"Adventure, Drama, Thriller"
18-12-2007,Jackass 2.5,23.39,375.00,6.10,en,"Comedy, Documentary"
02-05-2019,Long Shot,23.39,2111.00,6.70,en,"Comedy, Romance"
13-08-1998,The Avengers,23.39,548.00,4.40,en,"Thriller, Science Fiction"
10-11-1993,Carlito's Way,23.38,2441.00,7.80,en,"Crime, Thriller, Romance, Drama"
22-06-2007,1408,23.37,3375.00,6.70,en,Horror
17-06-2019,Portrait of a Lady on Fire,23.37,1719.00,8.20,fr,"Drama, History, Romance"
27-08-2010,The Last Exorcism,23.37,800.00,5.60,en,"Horror, Thriller"
09-01-2009,The Butterfly Effect 3: Revelations,23.37,433.00,5.40,en,"Science Fiction, Thriller, Drama, Crime"
03-12-2021,Silent Night,23.36,160.00,6.50,en,"Horror, Comedy, Drama"
26-03-2018,Charming,23.36,203.00,6.60,en,"Animation, Adventure, Comedy, Family, Fantasy, Music"
02-04-2015,Wolf Warrior,23.35,148.00,6.20,zh,"Action, War"
21-06-2016,LEGO DC Comics Super Heroes: Justice League - Gotham City Breakout,23.35,100.00,6.90,en,"Animation, Family, Adventure, Action, Comedy"
28-05-2015,Circle,23.35,1544.00,6.00,en,"Science Fiction, Mystery, Drama, Thriller, Horror"
17-09-2021,Lady of the Manor,23.34,28.00,6.50,en,"Comedy, Fantasy"
24-09-2021,El Planeta,23.34,4.00,5.90,es,"Comedy, Drama"
12-08-1999,Bowfinger,23.33,653.00,6.10,en,Comedy
26-11-2016,KanColle Movie,23.32,13.00,4.80,ja,"Action, Animation, Science Fiction, TV Movie, War"
13-04-2018,Wildling,23.32,277.00,5.50,en,"Horror, Fantasy, Thriller, Drama"
28-07-2012,V/H/S,23.32,1126.00,6.10,en,"Thriller, Horror"
01-01-2003,Mystic River,23.31,5110.00,7.70,en,"Thriller, Crime, Drama, Mystery"
21-07-2009,Messengers 2: The Scarecrow,23.31,124.00,5.30,en,Horror
15-01-1993,Alive,23.31,1105.00,6.90,en,"Adventure, Drama, Thriller"
29-09-2016,L.O.R.D: Legend of Ravaging Dynasties,23.31,86.00,7.00,zh,"Animation, Fantasy, Drama, Science Fiction"
26-06-2015,Teen Beach 2,23.31,491.00,6.80,en,"TV Movie, Family, Comedy, Fantasy"
03-07-2015,Amy,23.31,1001.00,7.60,en,"Documentary, Music"
17-12-2016,Tomorrow I Will Date With Yesterday's You,23.30,115.00,7.60,ja,"Romance, Drama"
26-01-2017,The Space Between Us,23.29,2126.00,7.10,en,"Romance, Adventure, Science Fiction, Drama"
09-08-1996,Escape from L.A.,23.29,1086.00,5.90,en,"Action, Adventure, Science Fiction, Thriller"
13-07-2018,How It Ends,23.28,1563.00,5.30,en,"Science Fiction, Thriller, Mystery, Action, Adventure"
09-03-2022,My Night,23.27,0.00,0.00,fr,"Drama, Romance"
12-06-2018,"My Teacher, My Obsession",23.27,70.00,4.90,en,"Drama, Thriller, TV Movie"
24-10-2015,My Little Pony: Equestria Girls: Friendship Games,23.26,76.00,7.30,en,"Animation, Music, Family"
21-02-1992,All Ladies Do It,23.25,266.00,4.40,it,"Comedy, Drama"
11-06-1986,Ferris Bueller's Day Off,23.25,3829.00,7.70,en,Comedy
14-07-2017,Gintama,23.25,66.00,6.70,ja,"Action, Adventure, Comedy, Science Fiction"
11-05-2011,Midnight in Paris,23.24,6135.00,7.50,en,"Fantasy, Comedy, Romance"
18-01-1969,Graf Porno und seine Mädchen,23.24,10.00,6.60,de,Comedy
20-05-2019,After We Leave,23.24,22.00,5.40,en,"Science Fiction, Drama"
02-02-2022,Superwho?,23.23,61.00,6.00,fr,"Comedy, Action"
04-11-2016,A Street Cat Named Bob,23.23,1099.00,7.90,en,"Family, Drama"
20-01-2005,Are We There Yet?,23.23,745.00,5.60,en,"Family, Adventure, Comedy, Romance"
20-02-2019,The Wolf's Call,23.23,1480.00,7.60,fr,"Thriller, Action"
07-09-2018,Redcon-1,23.23,200.00,5.60,en,"Action, Horror, Science Fiction"
21-03-2019,Balkan Line,23.23,217.00,7.70,ru,"Drama, Action, War"
09-10-2014,Automata,23.22,1350.00,5.80,en,"Thriller, Science Fiction"
22-06-1977,The Rescuers,23.22,2025.00,6.70,en,"Fantasy, Family, Animation, Adventure"
03-07-1997,Bean,23.21,1937.00,6.40,en,"Comedy, Family, Adventure"
22-11-2018,The Christmas Chronicles,23.21,1643.00,7.10,en,"Comedy, Adventure, Family, Fantasy"
26-08-1953,Roman Holiday,23.21,1533.00,7.90,en,"Romance, Comedy, Drama"
27-04-1961,The Guns of Navarone,23.21,567.00,7.40,en,"War, Action"
17-01-1979,Nosferatu the Vampyre,23.21,584.00,7.40,de,"Drama, Horror"
07-01-2022,Siklo,23.20,2.00,4.00,tl,"Drama, Thriller"
29-09-1995,Halloween: The Curse of Michael Myers,23.20,766.00,5.20,en,"Horror, Thriller"
09-09-2009,Whiteout,23.19,566.00,5.50,en,"Action, Crime, Mystery, Thriller"
22-08-2019,Abigail,23.19,177.00,6.20,en,"Adventure, Fantasy, Mystery"
30-11-1991,Dragon Ball: The Magic Begins,23.19,71.00,4.00,zh,"Action, Adventure, Fantasy"
24-11-1999,End of Days,23.18,1402.00,6.00,en,"Action, Fantasy, Horror, Mystery"
17-08-2006,The Butterfly Effect 2,23.18,718.00,4.90,en,"Drama, Science Fiction, Thriller"
26-02-2021,Soy Luna: The Last Concert,23.18,47.00,8.10,es,"Music, Documentary"
21-05-2015,Survivor,23.17,833.00,5.60,en,"Crime, Action, Thriller"
01-10-2014,Dracula Untold,23.17,5163.00,6.40,en,"Horror, Action, Drama, Fantasy, War"
01-09-2017,The Layover,23.17,579.00,5.30,en,"Comedy, Romance"
13-02-2020,Emma.,23.17,1179.00,7.10,en,"Comedy, Romance"
15-10-1940,The Great Dictator,23.17,2531.00,8.40,en,"Comedy, War"
05-10-2018,You Are the Apple of My Eye,23.16,15.00,5.40,ja,Romance
09-11-2022,Black Panther: Wakanda Forever,23.16,0.00,0.00,en,"Action, Adventure, Science Fiction"
05-05-2011,Something Borrowed,23.16,871.00,6.30,en,"Comedy, Drama, Romance"
23-05-1986,Poltergeist II: The Other Side,23.16,483.00,6.00,en,"Horror, Thriller"
07-12-2013,Lupin the Third vs. Detective Conan: The Movie,23.16,117.00,6.80,ja,"Animation, Action, Thriller"
15-03-2007,Dororo,23.16,99.00,7.00,ja,"Action, Fantasy, Horror, Science Fiction"
19-09-2014,Tusk,23.15,1003.00,5.40,en,"Comedy, Horror"
14-02-2019,"Oh, Ramona!",23.14,333.00,5.70,en,"Comedy, Romance"
15-03-2018,Sherlock Gnomes,23.14,577.00,5.60,en,"Animation, Family, Fantasy, Comedy, Adventure, Mystery"
14-05-2014,Obsessed,23.14,40.00,6.80,ko,"Drama, Romance, Adventure"
24-05-2019,Avengement,23.13,332.00,6.80,en,"Crime, Action"
17-06-2011,Towa no Quon 1: The Ephemeral Petals,23.13,10.00,6.30,ja,"Action, Animation, Science Fiction, Fantasy"
11-11-2016,Shut In,23.13,592.00,5.40,en,"Drama, Thriller"
09-04-1952,Singin' in the Rain,23.12,2354.00,8.20,en,"Comedy, Music, Romance"
21-10-2016,Before the Flood,23.11,659.00,7.70,en,Documentary
05-05-2006,Survival Island,23.11,163.00,5.10,en,"Thriller, Mystery, Drama, Romance"
23-12-1992,Scent of a Woman,23.11,2458.00,7.70,en,Drama
23-04-2016,Ghostheads,23.11,29.00,5.90,en,Documentary
11-11-2011,Young Adult,23.11,996.00,5.70,en,"Comedy, Drama"
16-02-2018,Monster Hunt 2,23.10,87.00,6.80,en,"Adventure, Comedy, Fantasy"
24-01-2019,Serenity,23.10,1272.00,5.40,en,"Thriller, Mystery, Drama"
15-03-2006,The Lives of Others,23.09,2824.00,8.10,de,"Drama, Thriller"
22-09-2011,"Madrid, 1987",23.09,40.00,6.30,es,Drama
23-02-2021,Pelé,23.09,122.00,7.50,pt,Documentary
13-12-2019,Yummy,23.09,181.00,6.40,nl,"Horror, Comedy, Action"
26-07-1979,The Amityville Horror,23.08,642.00,6.30,en,Horror
16-11-2013,Wer,23.08,270.00,6.30,en,"Horror, Mystery, Thriller"
07-02-1997,Dante's Peak,23.08,1413.00,6.10,en,"Action, Adventure, Thriller, Drama"
02-04-1987,Police Academy 4: Citizens on Patrol,23.08,883.00,5.40,en,"Comedy, Crime"
16-03-1999,From Dusk Till Dawn 2: Texas Blood Money,23.08,332.00,4.60,en,"Crime, Action, Horror, Thriller"
22-12-1989,Tango & Cash,23.07,1448.00,6.40,en,"Action, Adventure, Comedy, Thriller"
24-10-2008,Vacancy 2: The First Cut,23.07,191.00,5.30,en,"Horror, Thriller, Mystery"
07-09-2019,Vivarium,23.06,1267.00,6.00,en,"Science Fiction, Horror, Mystery"
11-10-2011,Arena,23.06,219.00,5.30,en,"Action, Thriller, Science Fiction"
07-08-1992,Unforgiven,23.06,3322.00,7.90,en,Western
31-10-2019,Fidelity,23.06,167.00,7.00,ru,Drama
17-03-2006,She's the Man,23.06,2429.00,6.80,en,"Comedy, Drama, Family, Romance"
25-08-2000,Bring It On,23.05,1372.00,6.20,en,Comedy
11-04-2003,House of 1000 Corpses,23.05,1196.00,6.20,en,Horror
15-08-2008,Vicky Cristina Barcelona,23.05,3080.00,6.80,en,"Drama, Romance"
15-08-2003,The Medallion,23.04,851.00,5.60,en,"Thriller, Fantasy, Action, Comedy"
12-10-2014,The Boss: Anatomy of a Crime,23.03,68.00,7.90,es,"Drama, Crime"
30-04-2021,Daddy's Perfect Little Girl,23.03,2.00,6.00,en,"Drama, TV Movie"
12-03-1998,The Man in the Iron Mask,23.02,3155.00,6.60,en,"Adventure, Action, Drama"
01-06-2017,Kill Switch,23.02,188.00,4.80,en,"Science Fiction, Action, Thriller"
04-11-2020,The Superdeep,23.02,147.00,6.30,ru,"Horror, Science Fiction, Thriller"
14-10-2016,Ozzy,23.01,130.00,6.00,es,"Animation, Family"
07-02-2003,The Jungle Book 2,23.00,943.00,5.90,en,"Family, Animation, Adventure"
05-06-2015,The Cokeville Miracle,23.00,63.00,7.00,en,"Mystery, Drama, History, Family, Thriller"
28-03-2003,Bulletproof Monk,23.00,710.00,5.50,en,"Action, Comedy, Fantasy"
04-05-2017,Covet: Island of Desire,23.00,4.00,4.50,ko,Romance
29-03-2002,National Lampoon's Van Wilder,23.00,1477.00,6.00,en,"Comedy, Romance"
28-04-2007,Fist of the North Star: Legend of Raoh - Chapter of Fierce Fight,23.00,39.00,6.50,ja,"Action, Animation"
16-06-2004,Around the World in 80 Days,23.00,1997.00,5.90,en,"Action, Adventure, Comedy"
25-02-2005,Diary of a Mad Black Woman,22.99,161.00,6.50,en,"Comedy, Drama, Romance"
07-02-1991,Operation Condor,22.99,391.00,7.40,cn,"Action, Adventure, Crime, Thriller"
06-12-2013,47 Ronin,22.99,3108.00,6.10,en,"Drama, Action, Adventure, Fantasy"
15-04-2016,Barbershop: The Next Cut,22.98,373.00,6.30,en,"Comedy, Drama"
24-09-2008,Open Season 2,22.98,957.00,5.80,en,"Adventure, Animation, Comedy, Family"
03-11-2007,Sky of Love,22.98,125.00,7.90,ja,"Romance, Drama"
14-08-2020,Project Power,22.97,2249.00,6.60,en,"Action, Crime, Science Fiction"
25-07-2018,Illang: The Wolf Brigade,22.97,198.00,6.40,ko,"Science Fiction, Action, Thriller, Drama"
19-08-1997,G.I. Jane,22.97,1283.00,6.40,en,"Action, Drama"
07-12-2016,Pandora,22.96,302.00,7.50,ko,"Thriller, Drama, Action"
16-01-2019,The Kid Who Would Be King,22.96,569.00,6.10,en,"Action, Adventure, Fantasy, Family"
10-05-1995,A Little Princess,22.96,782.00,7.60,en,"Drama, Family, Fantasy"
03-08-1994,Clear and Present Danger,22.96,1110.00,6.60,en,"Action, Drama, Thriller"
05-04-2019,Alien Warfare,22.96,113.00,4.10,en,"Action, Science Fiction, Thriller"
07-05-1993,Dragon: The Bruce Lee Story,22.96,524.00,6.90,en,"Drama, History, Action"
14-03-2008,Doomsday,22.96,925.00,5.90,en,"Action, Thriller, Science Fiction"
30-04-2021,Four Good Days,22.95,75.00,7.00,en,Drama
21-11-2019,Behind the Trees,22.94,33.00,5.60,en,"Horror, Thriller, Mystery"
05-09-2014,Falcon Rising,22.94,269.00,6.20,en,"Adventure, Action"
27-06-1978,Convoy,22.94,249.00,6.40,en,"Action, Comedy"
25-08-1971,The Decameron,22.93,214.00,7.00,it,"History, Drama, Comedy"
16-05-2019,The Silence,22.93,1171.00,6.00,en,"Horror, Drama, Thriller, Fantasy"
25-10-2013,The Counselor,22.93,1525.00,5.20,en,"Thriller, Crime, Drama"
13-11-2015,Heist,22.91,758.00,6.10,en,Action
31-03-1989,Heathers,22.91,1271.00,7.30,en,"Comedy, Crime"
03-05-2019,Tolkien,22.91,1053.00,7.00,en,"War, Drama, History, Romance"
11-08-2016,Hell or High Water,22.91,3647.00,7.30,en,"Western, Crime"
17-02-1984,Footloose,22.91,1584.00,6.60,en,"Drama, Romance"
10-06-1996,The Cable Guy,22.90,1832.00,5.90,en,"Comedy, Drama, Thriller"
22-12-2000,Dracula 2000,22.90,500.00,5.10,en,"Thriller, Horror"
12-05-2018,Asterix: The Secret of the Magic Potion,22.90,959.00,6.90,fr,"Family, Animation, Comedy, Adventure"
07-12-2006,Charlotte's Web,22.90,1134.00,6.20,en,"Comedy, Family, Fantasy"
08-02-2013,I Give It a Year,22.90,625.00,5.50,en,"Comedy, Romance"
26-10-2007,Trick 'r Treat,22.90,1327.00,6.90,en,"Horror, Comedy"
13-09-2013,The Family,22.90,2481.00,6.40,en,"Crime, Comedy, Action"
24-07-1996,A Time to Kill,22.89,1712.00,7.40,en,"Crime, Drama, Thriller"
08-12-2011,Catch.44,22.89,272.00,5.10,en,"Drama, Action, Thriller"
12-05-1995,Crimson Tide,22.89,1297.00,7.20,en,"War, Thriller, Action, Drama"
28-02-2020,Mortal,22.88,358.00,6.50,en,"Action, Fantasy, Thriller"
16-08-2018,Big Brother,22.88,96.00,7.70,zh,"Action, Drama, Comedy"
25-05-1990,The Witches,22.88,975.00,6.90,en,"Adventure, Fantasy, Horror, Family"
22-12-2004,Meet the Fockers,22.88,3913.00,6.20,en,"Comedy, Romance"
09-03-2022,Soy Libre,22.88,0.00,0.00,fr,Documentary
18-08-2010,Vampires Suck,22.87,1017.00,4.20,en,Comedy
12-11-2021,Procession,22.87,13.00,6.10,en,Documentary
05-12-2019,The Immortal,22.87,376.00,6.70,it,"Crime, Drama, Thriller"
24-06-2006,I'll Always Know What You Did Last Summer,22.87,269.00,4.20,en,Horror
04-12-2014,The Pyramid,22.85,805.00,5.20,en,Horror
18-11-2016,Manchester by the Sea,22.84,4778.00,7.50,en,Drama
13-10-2018,The Haunted,22.84,63.00,6.70,en,"Horror, Thriller, Mystery"
23-05-2019,The Poison Rose,22.83,223.00,4.50,en,"Thriller, Crime"
02-05-2014,Walk of Shame,22.83,1198.00,5.90,en,Comedy
15-01-1993,Nowhere to Run,22.83,507.00,6.20,en,"Action, Drama, Thriller, Romance"
12-04-1987,Escape from Sobibor,22.82,143.00,7.30,en,"Drama, Thriller, TV Movie, War"
14-08-1979,Caligula,22.81,538.00,5.80,en,"Drama, History, Romance"
28-06-2017,Tom and Jerry: Willy Wonka and the Chocolate Factory,22.80,86.00,6.80,en,"Family, Animation, Adventure, Comedy"
12-10-2017,The Man Who Invented Christmas,22.80,645.00,6.80,en,"Drama, History, Comedy, Family"
06-07-2001,Pokémon 4Ever: Celebi - Voice of the Forest,22.80,305.00,6.40,ja,"Adventure, Fantasy, Animation, Science Fiction, Family"
01-06-2007,Knocked Up,22.79,3247.00,6.20,en,"Comedy, Romance, Drama"
16-09-2005,Venom,22.79,242.00,5.50,en,"Horror, Thriller"
09-03-2022,Theo and the Metamorphosis,22.78,0.00,0.00,fr,Drama
09-08-2018,BlacKkKlansman,22.77,6298.00,7.60,en,"Comedy, Crime, Drama, History"
29-06-2018,Tau,22.77,990.00,6.20,en,"Science Fiction, Thriller"
23-09-2017,Brawl in Cell Block 99,22.77,1026.00,7.00,en,"Action, Crime, Thriller"
21-07-2009,G-Force,22.77,1486.00,5.40,en,"Family, Fantasy, Action, Adventure, Comedy"
14-11-2003,Looney Tunes: Back in Action,22.77,1202.00,6.40,en,"Animation, Comedy, Family"
04-04-2014,Alien Abduction,22.76,274.00,5.70,en,"Horror, Science Fiction, Thriller"
26-06-2015,Absolutely Anything,22.76,1106.00,5.80,en,"Comedy, Science Fiction"
03-03-2013,Monster High: Scaris City of Frights,22.76,86.00,7.50,en,"Animation, Fantasy"
05-02-2019,The Knight of Shadows: Between Yin and Yang,22.75,83.00,5.50,zh,"Action, Fantasy"
28-07-1993,Robin Hood: Men in Tights,22.75,1605.00,6.60,en,Comedy
03-11-2011,Barbie: A Perfect Christmas,22.74,235.00,6.70,en,"Animation, Family"
12-10-2017,6 Below: Miracle on the Mountain,22.74,307.00,5.80,en,"Thriller, Drama"
20-12-2017,Promise at Dawn,22.73,357.00,7.40,fr,"Drama, Romance"
07-02-2008,Fool's Gold,22.72,1180.00,5.70,en,"Romance, Comedy, Adventure"
12-02-2021,Judas and the Black Messiah,22.72,966.00,7.40,en,"Drama, History"
27-03-2008,Superhero Movie,22.72,1368.00,5.20,en,"Action, Comedy, Science Fiction"
27-08-2014,The November Man,22.71,1234.00,6.10,en,"Crime, Action, Thriller"
28-10-2010,The Other Woman,22.71,308.00,6.20,en,Drama
05-03-2019,The Hard Way,22.71,106.00,5.40,en,Action
09-03-2022,A Guide to Love and Fighting Capitalism,22.71,0.00,0.00,fr,Documentary
16-07-2021,Pig,22.71,609.00,6.70,en,"Drama, Thriller"
05-03-2015,Unfinished Business,22.70,673.00,5.40,en,Comedy
04-10-2018,Bad Times at the El Royale,22.69,2828.00,6.80,en,"Thriller, Drama, Mystery, Crime"
26-11-2020,Happiest Season,22.69,783.00,7.40,en,"Romance, Comedy"
04-02-2005,The Wedding Date,22.69,969.00,6.80,en,"Comedy, Romance"
30-08-2013,Afternoon Delight,22.68,163.00,5.80,en,"Comedy, Drama"
18-08-1989,Casualties of War,22.68,641.00,7.10,en,"Drama, History, War"
19-06-2014,The Anomaly,22.68,273.00,4.90,en,"Thriller, Action, Science Fiction"
04-03-2002,The Time Machine,22.68,1775.00,6.20,en,"Science Fiction, Adventure, Action"
29-12-2019,S.W.A.T.,22.68,73.00,7.50,zh,"Action, Crime, Drama"
07-03-2018,The Strangers: Prey at Night,22.67,1066.00,5.60,en,"Horror, Thriller"
02-02-2018,Winchester,22.67,1490.00,5.90,en,"Horror, Thriller"
24-08-2013,Hakuouki: Wild Dance of Kyoto,22.67,12.00,6.20,ja,"Action, Animation, Drama, Romance"
27-06-1986,Labyrinth,22.66,1839.00,7.30,en,"Adventure, Family, Fantasy"
12-12-2003,Girl with a Pearl Earring,22.66,1129.00,6.60,en,"Drama, Romance"
22-07-2015,Assassination,22.66,169.00,7.40,ko,"Action, Drama"
27-05-1981,Possession,22.65,665.00,7.30,fr,Horror
07-01-2016,The Forest,22.65,1478.00,5.20,en,"Horror, Thriller, Mystery"
06-11-1998,The Waterboy,22.65,1381.00,6.00,en,Comedy
13-06-1997,Speed 2: Cruise Control,22.65,1262.00,4.50,en,"Action, Adventure, Thriller"
27-01-2005,Hide and Seek,22.64,1272.00,6.40,en,"Horror, Mystery, Thriller"
19-09-1984,Amadeus,22.64,3285.00,8.00,en,"History, Music, Drama"
05-06-1993,Ninja Scroll,22.64,416.00,7.70,ja,"Fantasy, Adventure, Animation"
06-09-2013,Horns,22.64,1942.00,6.30,en,"Drama, Fantasy, Thriller"
10-10-2014,Cooties,22.63,563.00,5.90,en,"Comedy, Horror"
06-12-2018,Revenger,22.63,100.00,5.30,ko,Action
25-11-2011,Ben 10 Generator Rex Heroes United,22.63,31.00,6.50,en,"Action, Animation"
28-08-1981,Body Heat,22.63,396.00,7.10,en,"Crime, Thriller, Romance"
30-01-2009,The Uninvited,22.62,1185.00,6.50,en,Horror
21-06-2004,Scooby-Doo! and the Loch Ness Monster,22.62,336.00,7.40,en,"Family, Adventure, Animation, Comedy, Fantasy, Mystery"
24-09-2014,Leviathan,22.61,656.00,7.40,ru,Drama
23-12-2019,Ip Man: Kung Fu Master,22.61,97.00,7.00,zh,"Action, Drama"
07-01-2014,Ride Along,22.61,1861.00,6.20,en,"Action, Comedy"
21-12-1994,Little Women,22.61,968.00,7.30,en,"Drama, Romance"
01-04-1988,The Seventh Sign,22.60,267.00,6.10,en,"Horror, Fantasy"
03-10-2015,Blackway,22.60,291.00,5.20,en,"Thriller, Mystery"
11-03-2010,Remember Me,22.59,3115.00,7.10,en,"Drama, Romance"
24-02-2006,Madea's Family Reunion,22.58,153.00,6.30,en,"Drama, Comedy, Romance"
02-11-1978,Day of the Woman,22.58,412.00,5.90,en,"Horror, Thriller"
14-12-2018,Backtrace,22.57,162.00,5.40,en,Crime
22-12-2005,Finally a clash! J?nin vs. Genin!! Indiscriminate Grand Melee Tournament Meeting!!,22.57,9.00,5.10,ja,"Animation, Action"
31-03-2017,The Discovery,22.57,1060.00,6.30,en,"Drama, Romance, Science Fiction, Thriller, Mystery"
11-03-2010,She's Out of My League,22.56,1634.00,6.30,en,"Comedy, Romance"
12-02-1974,Herbie Rides Again,22.56,313.00,6.10,en,"Romance, Comedy, Family, Fantasy"
09-09-1993,True Romance,22.56,2065.00,7.50,en,"Action, Thriller, Crime, Romance"
15-09-2017,Thelma,22.55,714.00,6.90,no,"Drama, Mystery, Thriller"
20-10-2014,Zombeavers,22.54,532.00,4.90,en,"Horror, Action, Comedy"
17-08-2001,American Outlaws,22.54,177.00,5.90,en,"Western, Action"
18-12-2015,Sisters,22.54,1184.00,6.00,en,Comedy
19-09-1997,L.A. Confidential,22.54,3746.00,7.80,en,"Crime, Drama, Mystery, Thriller"
21-07-2003,Lara Croft: Tomb Raider - The Cradle of Life,22.54,3556.00,5.70,en,"Action, Adventure, Fantasy, Thriller"
18-06-2021,12 Mighty Orphans,22.54,74.00,7.80,en,"History, Drama"
06-02-2002,Collateral Damage,22.53,1088.00,5.70,en,"Action, Thriller, Drama"
01-08-2013,Blue Jasmine,22.53,2909.00,7.00,en,Drama
22-12-1983,Project A,22.52,302.00,7.30,cn,"Action, Comedy, Adventure"
19-03-2011,Toriko 3D Movie: Kaimaku! Gourmet Adventure!!,22.52,5.00,5.60,ja,"Animation, Action, Adventure"
18-10-1996,Sleepers,22.52,2656.00,7.60,en,"Crime, Drama, Thriller"
31-05-2002,The Sum of All Fears,22.52,1313.00,6.30,en,"Thriller, Action, Drama"
22-11-2018,Second Act,22.52,997.00,6.40,en,"Romance, Comedy"
01-09-2000,100 Girls,22.51,350.00,5.80,en,"Comedy, Drama, Romance"
15-06-2001,Bully,22.51,334.00,6.70,en,"Crime, Drama"
24-08-2013,Gatchaman,22.51,10.00,4.90,ja,"Action, Adventure, Science Fiction"
18-12-2015,Extraction,22.51,297.00,4.60,en,"Action, Thriller"
11-07-2019,Stuber,22.50,1016.00,6.70,en,"Action, Comedy"
31-10-2001,Wasabi,22.50,976.00,6.60,fr,"Drama, Action, Comedy"
12-03-2022,BTS PERMISSION TO DANCE ON STAGE - SEOUL: LIVE VIEWING,22.49,0.00,0.00,ko,Music
23-11-1988,They Live,22.49,2174.00,7.30,en,"Science Fiction, Action"
19-07-2003,Pokémon: Jirachi Wish Maker,22.49,199.00,6.50,ja,"Family, Action, Animation, Adventure, Fantasy, Science Fiction"
25-08-1999,The Ninth Gate,22.49,2277.00,6.40,en,"Mystery, Thriller"
10-03-2020,Stargirl,22.47,472.00,7.60,en,"Comedy, Drama, Romance, Family"
18-01-1964,A Fistful of Dollars,22.46,3176.00,7.90,it,Western
21-03-2015,Assassination Classroom,22.46,141.00,7.30,ja,"Action, Adventure, Comedy, Science Fiction"
02-07-1980,Airplane!,22.46,3460.00,7.30,en,Comedy
07-04-2015,Always Watching: A Marble Hornets Story,22.46,98.00,5.10,en,Horror
02-10-2001,Tremors 3: Back to Perfection,22.45,466.00,5.80,en,"Action, Comedy, Horror, Science Fiction, Thriller"
07-04-2016,Before I Wake,22.45,1450.00,6.40,en,"Drama, Fantasy, Horror, Thriller"
05-06-2012,Zambezia,22.45,223.00,6.00,en,"Comedy, Animation, Adventure, Family"
03-06-1988,Big,22.45,2823.00,7.10,en,"Fantasy, Drama, Comedy, Romance, Family"
04-12-1980,Superman II,22.45,1771.00,6.70,en,"Science Fiction, Action, Adventure"
23-11-2014,"10,000 Days",22.44,13.00,2.80,en,Science Fiction
29-02-2000,An Extremely Goofy Movie,22.44,473.00,6.30,en,"Animation, Family, Comedy"
13-07-2012,Pokémon the Movie: Kyurem vs. the Sword of Justice,22.44,120.00,6.30,ja,"Family, Animation, Action, Adventure, Fantasy, Science Fiction"
07-02-2014,Vampire Academy,22.44,1532.00,6.30,en,"Comedy, Action, Fantasy"
19-08-2016,Imperium,22.44,1060.00,6.40,en,"Crime, Drama, Thriller, Mystery"
08-06-2017,Once Upon a Time in Venice,22.44,496.00,5.20,en,"Action, Comedy, Thriller, Mystery"
28-09-2006,Robin-B-Hood,22.43,415.00,7.00,cn,"Drama, Action, Comedy"
08-03-1996,Homeward Bound II: Lost in San Francisco,22.43,370.00,6.50,en,"Adventure, Comedy, Drama, Family"
18-09-1951,A Streetcar Named Desire,22.43,1025.00,7.70,en,Drama
02-10-1998,What Dreams May Come,22.42,1837.00,7.20,en,"Fantasy, Drama, Romance"
09-03-1994,Four Weddings and a Funeral,22.42,2092.00,6.80,en,"Comedy, Drama, Romance"
01-08-1962,The 300 Spartans,22.42,91.00,6.30,en,"Action, Drama, History"
19-11-2020,Riders of Justice,22.41,356.00,7.20,da,"Action, Comedy, Drama"
29-10-2010,Troll Hunter,22.41,1239.00,6.70,nb,"Fantasy, Horror"
18-04-2008,Zombie Strippers!,22.41,289.00,4.80,en,"Comedy, Horror"
13-06-2018,SuperFly,22.41,302.00,6.80,en,"Action, Crime"
25-07-1997,Perfect Blue,22.40,1587.00,8.30,ja,"Animation, Thriller"
09-10-2003,Elf,22.39,3153.00,6.70,en,"Comedy, Family, Fantasy"
23-11-2016,Bad Santa 2,22.38,618.00,5.30,en,"Comedy, Crime, Drama, Mystery"
23-12-2004,Inuyasha the Movie 4: Fire on the Mystic Island,22.38,88.00,7.70,ja,"Fantasy, Animation, Adventure"
23-01-2007,The Invincible Iron Man,22.38,181.00,6.20,en,"Action, Adventure, Animation, Fantasy, Science Fiction"
04-03-2022,Bergen,22.38,0.00,0.00,tr,Drama
12-07-2008,Ghost in the Shell 2.0,22.38,292.00,7.50,ja,"Action, Animation, Science Fiction"
24-10-1990,The NeverEnding Story II: The Next Chapter,22.37,630.00,5.70,en,"Drama, Family, Fantasy, Adventure"
08-11-2008,Kung Fu Panda: Secrets of the Furious Five,22.37,311.00,6.70,en,"Animation, Family, Action"
20-10-2010,Paranormal Activity 2,22.36,1973.00,5.80,en,"Horror, Mystery"
15-07-2021,Meskina,22.36,8.00,6.30,nl,"Comedy, Romance"
16-01-1993,City Hunter,22.36,270.00,6.50,cn,"Action, Adventure, Comedy, Romance"
18-06-2015,Paper Towns,22.36,4649.00,6.10,en,"Mystery, Drama, Romance"
21-12-2001,Jimmy Neutron: Boy Genius,22.36,695.00,5.90,en,"Family, Action, Adventure, Animation, Comedy, Fantasy, Science Fiction"
10-02-2017,Cook Up a Storm,22.36,116.00,7.50,cn,"Drama, Comedy"
18-06-2016,The Secret Life of Pets,22.35,7085.00,6.20,en,"Adventure, Comedy, Animation, Family"
13-08-2014,The Giver,22.35,3964.00,6.50,en,"Drama, Science Fiction"
10-01-1999,Batman Beyond: The Movie,22.35,135.00,7.40,en,"Animation, Action, Family, Science Fiction, TV Movie"
13-02-2019,Isn't It Romantic,22.35,3101.00,6.20,en,"Comedy, Fantasy, Romance"
24-03-2018,Batman Ninja,22.35,751.00,5.80,ja,"Animation, Action"
11-06-1969,True Grit,22.35,571.00,7.50,en,Western
03-10-2009,Tales of Vesperia: The First Strike,22.33,30.00,6.30,ja,"Animation, Action, Adventure, Fantasy"
19-10-2015,"Monster High: Boo York, Boo York",22.31,123.00,7.60,en,"Animation, Family, Music"
16-09-2005,Just Like Heaven,22.31,1859.00,6.90,en,"Fantasy, Romance, Drama, Comedy"
13-08-1999,The 13th Warrior,22.30,1412.00,6.60,en,"Adventure, History, Action"
21-01-2015,Mortdecai,22.30,2306.00,5.50,en,"Comedy, Adventure"
04-03-2007,The Dukes of Hazzard: The Beginning,22.30,155.00,6.20,en,"Action, Adventure, Comedy, TV Movie"
07-04-1995,A Goofy Movie,22.30,1358.00,6.90,en,"Romance, Animation, Family, Comedy, Adventure"
25-07-2008,"Angus, Thongs and Perfect Snogging",22.30,697.00,6.40,en,"Comedy, Drama, Family, Romance"
24-04-2015,Just Before I Go,22.30,260.00,6.50,en,"Comedy, Drama, Romance"
10-11-2011,Immortals,22.29,2083.00,5.90,en,"Fantasy, Action, Drama"
07-06-2019,I Am Mother,22.29,2006.00,6.70,en,"Science Fiction, Thriller"
29-06-1984,Conan the Destroyer,22.29,1134.00,6.10,en,"Adventure, Fantasy, Action"
14-09-2006,Black Book,22.29,871.00,7.50,nl,"Drama, Thriller, War"
31-12-2014,A Most Violent Year,22.29,1151.00,6.60,en,"Crime, Drama, Thriller"
09-02-2004,The Machinist,22.29,4291.00,7.50,en,"Thriller, Drama"
29-11-2012,A Dark Truth,22.29,85.00,5.60,en,"Action, Thriller"
23-10-2020,Borat Subsequent Moviefilm,22.27,1863.00,6.50,en,Comedy
04-12-1968,Where Eagles Dare,22.27,651.00,7.60,en,"Action, Adventure, War"
11-07-1975,The School Teacher,22.27,23.00,5.20,it,Comedy
25-08-1989,Little Monsters,22.27,159.00,5.80,en,"Adventure, Fantasy, Comedy, Family"
08-07-2017,Mary and The Witch's Flower,22.26,602.00,7.10,ja,"Fantasy, Adventure, Animation"
14-03-1981,Mobile Suit Gundam I,22.26,45.00,6.80,ja,"Animation, Science Fiction, Action, Adventure, Drama, War"
08-05-2014,Legends of Oz: Dorothy's Return,22.25,228.00,6.10,en,"Animation, Family, Fantasy"
05-02-2011,Return to Jurassic Park,22.25,280.00,6.80,en,"Documentary, Action, Adventure, Thriller"
16-10-2009,Afro Samurai: Resurrection,22.25,132.00,6.90,en,"Animation, Action"
04-10-2016,Barbie & Her Sisters in a Puppy Chase,22.25,100.00,6.90,en,"Family, Animation"
21-12-1967,The Graduate,22.24,2563.00,7.70,en,"Comedy, Drama"
23-01-2015,The Boy Next Door,22.24,1804.00,4.80,en,Thriller
29-07-2005,Sympathy for Lady Vengeance,22.23,1175.00,7.50,ko,"Drama, Thriller"
13-04-2016,Ratchet & Clank,22.23,512.00,5.80,en,"Action, Adventure, Animation, Family"
06-10-1961,Breakfast at Tiffany's,22.23,3449.00,7.70,en,"Comedy, Romance"
16-10-1998,Practical Magic,22.22,1148.00,6.70,en,"Romance, Comedy, Fantasy"
29-07-2016,Good Kids,22.22,256.00,6.40,en,Comedy
18-07-1995,Babe,22.21,2354.00,6.20,en,"Fantasy, Drama, Comedy, Family"
26-05-1993,Menace II Society,22.21,550.00,7.50,en,"Drama, Crime"
29-11-2013,Hours,22.21,625.00,6.70,en,"Drama, Thriller"
16-06-2006,Wendy Wu: Homecoming Warrior,22.21,347.00,6.10,en,"Family, Action, Adventure, TV Movie"
18-07-2013,Khumba,22.20,205.00,6.00,en,"Animation, Adventure, Family"
20-01-2016,Jarhead 3: The Siege,22.20,170.00,6.40,en,"War, Action, Drama"
08-11-2007,Italian Spiderman,22.20,39.00,7.10,it,"Comedy, Action"
29-06-2018,Animal World,22.20,156.00,7.30,zh,"Drama, Action, Adventure, Thriller, Mystery, Fantasy"
01-10-1992,Tom and Jerry: The Movie,22.20,448.00,6.30,en,"Family, Animation, Comedy"
20-12-2002,The Wild Thornberrys Movie,22.19,202.00,6.50,en,"Animation, Adventure, Family"
14-04-1988,The Dead Pool,22.19,606.00,6.30,en,"Action, Crime, Thriller"
12-11-2004,After the Sunset,22.19,573.00,6.10,en,"Action, Comedy, Crime, Drama"
13-11-2020,Echo Boomers,22.18,69.00,5.70,en,"Crime, Drama, Action"
20-04-2014,In Your Eyes,22.18,589.00,7.20,en,"Drama, Science Fiction, Romance"
10-06-2021,There's Something About Mario,22.18,22.00,5.80,pt,Comedy
21-09-2017,Mater,22.18,9.00,6.20,es,Drama
07-08-2015,Extinction,22.17,534.00,6.20,en,"Drama, Horror, Science Fiction"
23-12-1994,Street Fighter,22.17,1125.00,4.50,en,"Action, Adventure, Thriller, Drama, Science Fiction"
14-06-2013,Stuck in Love,22.16,1642.00,7.40,en,"Drama, Comedy"
13-02-2013,Beautiful Creatures,22.16,2523.00,6.00,en,"Fantasy, Drama, Romance"
18-12-2013,Anchorman 2: The Legend Continues,22.16,2063.00,6.10,en,Comedy
27-07-2017,Mother's Job,22.15,3.00,4.70,ko,"Romance, Drama"
20-10-2017,1922,22.15,2182.00,5.90,en,"Horror, Crime, Drama, History"
10-03-2017,Tangled: Before Ever After,22.15,312.00,6.80,en,"Adventure, Animation, Comedy, Family, Fantasy, TV Movie"
28-02-2003,Cradle 2 the Grave,22.14,696.00,6.10,en,"Action, Crime, Drama"
05-02-2015,Mune: Guardian of the Moon,22.14,443.00,7.30,fr,"Animation, Family, Adventure, Fantasy, Comedy"
13-07-2010,How to Make Love to a Woman,22.12,38.00,4.40,en,"Comedy, Romance"
18-11-2005,Melissa P.,22.12,462.00,4.30,it,Drama
09-02-1979,The Warriors,22.12,1600.00,7.70,en,"Action, Thriller"
21-01-2018,I Kill Giants,22.12,995.00,6.20,en,"Fantasy, Drama"
15-12-1959,Journey to the Center of the Earth,22.12,333.00,7.00,en,"Adventure, Fantasy, Family"
16-01-2015,Vice,22.11,458.00,4.40,en,"Thriller, Science Fiction, Action, Adventure"
03-08-2010,A Turtle's Tale: Sammy's Adventures,22.11,512.00,5.90,en,"Animation, Family"
19-10-1983,The Key,22.11,290.00,5.90,it,"Drama, Romance"
21-10-2016,The Legend of the Chupacabras,22.10,105.00,7.20,es,"Animation, Action, Adventure, Fantasy, Horror"
25-12-2008,Valkyrie,22.10,2932.00,6.90,en,"Drama, Thriller, History, War"
06-12-2013,Ice Soldiers,22.10,72.00,5.30,en,"Action, Science Fiction"
16-07-2004,Killing Cabos,22.10,110.00,7.90,es,"Comedy, Action, Crime"
11-07-2017,The Saint,22.09,235.00,5.30,en,"Action, Adventure, Crime"
20-08-2009,World's Greatest Dad,22.08,451.00,6.50,en,"Comedy, Romance, Drama"
10-07-2010,Pokémon: Zoroark - Master of Illusions,22.08,152.00,6.60,ja,"Family, Animation, Adventure, Fantasy"
08-04-2013,Paranormal Movie,22.08,20.00,4.10,en,Comedy
08-11-2009,"Ed, Edd n Eddy's Big Picture Show",22.08,82.00,7.20,en,"Comedy, Animation, Adventure, TV Movie"
12-08-2005,Rosario Tijeras,22.07,47.00,6.10,es,"Crime, Romance, Drama"
20-09-2012,End of Watch,22.07,2562.00,7.30,en,"Crime, Drama, Thriller"
13-05-2011,Bridesmaids,22.06,3739.00,6.50,en,"Comedy, Romance"
31-01-2018,Psychokinesis,22.06,221.00,6.20,ko,"Fantasy, Action"
24-02-2006,Lucky Number Slevin,22.05,3300.00,7.50,en,"Drama, Thriller, Crime, Mystery"
04-08-2004,Collateral,22.05,4229.00,7.20,en,"Drama, Crime, Thriller"
12-09-2019,The Goldfinch,22.05,643.00,7.20,en,Drama
07-12-2018,Mary Queen of Scots,22.03,1456.00,6.60,en,"Drama, History"
23-09-2017,Ravenous,22.03,297.00,5.90,fr,"Horror, Drama, Science Fiction"
23-11-2017,Hey Arnold! The Jungle Movie,22.02,179.00,7.60,en,"Family, Comedy, Animation, Adventure"
06-09-2018,Outlaw King,22.02,1205.00,6.80,en,"Action, History, Drama, War"
02-05-2019,"Extremely Wicked, Shockingly Evil and Vile",22.02,2788.00,7.00,en,Crime
04-06-2021,Gully,22.02,24.00,4.70,en,"Drama, Crime"
02-05-1986,"No Retreat, No Surrender",22.02,417.00,6.20,en,Action
06-09-1995,Fallen Angels,22.01,567.00,7.70,cn,"Action, Romance, Crime"
19-07-2007,Hairspray,22.01,2151.00,6.70,en,"Comedy, Romance, Drama"
11-10-1957,The Bridge on the River Kwai,22.01,1531.00,7.80,en,"Drama, History, War"
30-11-1984,Beverly Hills Cop,22.01,3122.00,7.20,en,"Action, Comedy, Crime"
23-07-2020,Bigfoot Family,22.01,129.00,7.10,en,"Animation, Adventure, Family"
23-09-2013,Filth,22.00,1367.00,6.90,en,"Crime, Drama, Comedy"
01-01-2021,COVID-21: Lethal Virus,22.00,219.00,5.50,en,"Science Fiction, Thriller, Horror"
05-08-2005,The Dukes of Hazzard,22.00,903.00,5.50,en,"Comedy, Adventure, Action"
25-05-2004,Cruel Intentions 3,21.99,157.00,4.70,en,Drama
01-07-2014,Deliver Us from Evil,21.99,1657.00,6.20,en,"Thriller, Crime, Horror"
22-12-1995,Cutthroat Island,21.99,403.00,5.70,en,"Action, Adventure"
11-02-1994,Blank Check,21.99,351.00,5.80,en,"Comedy, Family"
13-04-1967,Casino Royale,21.98,534.00,5.40,en,"Adventure, Action, Comedy"
07-09-2019,Color Out of Space,21.97,911.00,6.00,en,"Mystery, Science Fiction, Horror, Thriller"
18-03-2021,Deadly Illusions,21.97,241.00,5.00,en,"Thriller, Drama"
25-10-2018,Replicas,21.97,1059.00,6.10,en,"Science Fiction, Thriller"
26-12-1946,Great Expectations,21.97,220.00,7.30,en,"Romance, Drama"
13-10-2017,Breathe,21.96,606.00,7.40,en,"Drama, Romance"
26-01-2019,The Great Hack,21.95,393.00,6.80,en,Documentary
24-07-2015,The Vatican Tapes,21.94,607.00,5.20,en,"Thriller, Horror"
15-04-2017,ReLIFE,21.94,56.00,7.80,ja,"Comedy, Drama, Romance"
07-10-2018,A Dark Place,21.93,147.00,6.00,en,"Thriller, Mystery"
02-06-1999,Ghost Dog: The Way of the Samurai,21.93,859.00,7.30,en,"Crime, Drama"
30-03-2011,Hop,21.93,982.00,5.70,en,"Animation, Comedy, Family"
29-04-2017,Blade of the Immortal,21.92,394.00,6.50,ja,"Action, Drama, Fantasy"
18-10-2006,Flags of Our Fathers,21.92,1442.00,6.80,en,"War, Drama, History"
17-12-2010,Yogi Bear,21.92,702.00,5.60,en,"Comedy, Family, Animation, Adventure"
01-05-2011,Megan Is Missing,21.92,453.00,6.30,en,"Drama, Horror, Thriller"
09-02-2009,The Secret of Kells,21.92,497.00,7.40,en,"Animation, Family, Fantasy"
10-03-2022,Corazón ardiente,21.91,0.00,0.00,es,"Drama, Documentary"
16-02-1996,Happy Gilmore,21.91,2013.00,6.60,en,Comedy
08-03-2022,Last Man,21.90,0.00,0.00,de,"Drama, Science Fiction"
16-01-2009,My Bloody Valentine,21.89,890.00,5.50,en,"Mystery, Horror"
24-04-2011,Detachment,21.88,1077.00,7.60,en,Drama
12-08-2016,Barbie: Star Light Adventure,21.88,129.00,7.10,en,"Animation, Family, Science Fiction"
11-09-2003,Once Upon a Time in Mexico,21.88,1686.00,6.30,en,"Action, Drama, Mystery"
18-12-2012,Les Misérables,21.88,4541.00,7.30,en,"History, Drama"
14-02-2020,My Boyfriend's Meds,21.87,277.00,7.10,es,Comedy
01-02-2013,Journey to the West: Conquering the Demons,21.87,248.00,7.00,zh,"Action, Fantasy, Adventure, Comedy"
25-11-2009,The Road,21.87,2956.00,7.00,en,"Adventure, Drama"
24-09-1982,Amityville II: The Possession,21.87,246.00,5.80,en,Horror
02-03-2018,Errementari: The Blacksmith and the Devil,21.86,421.00,6.40,eu,"Drama, Fantasy, Horror"
21-01-2011,Beastly,21.85,2456.00,6.30,en,"Drama, Fantasy, Romance"
23-03-2017,The Secret Scripture,21.85,222.00,7.30,en,"Drama, Romance"
24-11-1993,We're Back! A Dinosaur's Story,21.84,324.00,6.00,en,"Animation, Science Fiction, Family"
10-07-1998,Small Soldiers,21.84,1673.00,6.50,en,"Comedy, Adventure, Fantasy, Science Fiction, Action"
24-01-2003,Darkness Falls,21.84,445.00,5.50,en,"Thriller, Horror"
15-10-2020,Combat Wombat,21.84,22.00,6.90,en,"Animation, Action, Comedy"
28-08-1985,Legend,21.84,908.00,6.30,en,"Adventure, Fantasy"
26-01-2001,The Wedding Planner,21.84,1366.00,5.90,en,"Comedy, Romance"
03-09-2005,Serenity,21.84,2821.00,7.40,en,"Science Fiction, Action, Adventure, Thriller"
18-12-2008,The Tale of Despereaux,21.83,712.00,6.00,en,"Adventure, Animation, Family"
03-03-2018,Doraemon: Nobita's Treasure Island,21.82,67.00,7.00,ja,Animation
07-02-1997,The Beautician and the Beast,21.82,283.00,6.80,en,"Comedy, Romance"
21-03-2021,V.C. Andrews' Pearl in the Mist,21.80,22.00,7.30,en,"TV Movie, Drama"
18-01-2019,IO,21.80,1127.00,4.90,en,Science Fiction
27-09-2002,The Tuxedo,21.80,1524.00,5.70,en,"Thriller, Action, Comedy, Science Fiction"
22-08-2013,Blood Ties,21.79,374.00,6.10,en,"Thriller, Crime, Drama"
17-03-1988,Police Academy 5: Assignment Miami Beach,21.79,671.00,5.10,en,"Comedy, Crime"
28-05-2004,Soul Plane,21.79,311.00,5.20,en,"Romance, Comedy"
15-10-2015,Bridge of Spies,21.79,5834.00,7.20,en,"Thriller, Drama"
23-12-1988,Hellbound: Hellraiser II,21.78,766.00,6.30,en,Horror
16-10-2015,Suffragette,21.77,1391.00,7.30,en,"Drama, History"
10-10-2019,Jexi,21.76,918.00,6.90,en,Comedy
27-02-1997,Donnie Brasco,21.76,3469.00,7.50,en,"Crime, Drama, Thriller"
27-01-2017,iBoy,21.76,1000.00,6.00,en,"Action, Science Fiction"
28-08-2013,Closed Circuit,21.76,357.00,5.90,en,"Mystery, Drama, Crime, Thriller"
30-09-1982,The Entity,21.76,332.00,6.60,en,"Horror, Mystery, Thriller"
07-10-2021,My Best Friend Anne Frank,21.75,93.00,6.50,nl,"History, War, Drama"
07-04-1993,The Sandlot,21.75,871.00,7.50,en,"Family, Comedy"
08-12-2006,The Holiday,21.75,4050.00,7.10,en,"Comedy, Romance"
05-01-2007,Happily N'Ever After,21.74,354.00,4.90,en,"Adventure, Animation, Comedy, Family, Fantasy"
27-05-1987,The Last Emperor,21.74,1233.00,7.60,en,"Drama, History"
02-06-2017,Stasis,21.74,144.00,3.50,en,"Adventure, Science Fiction"
10-09-2014,The Boxtrolls,21.73,1395.00,6.70,en,"Animation, Comedy, Family, Fantasy"
18-08-1972,Deliverance,21.73,1176.00,7.30,en,"Drama, Adventure, Thriller"
17-04-1993,RoboCop 3,21.73,909.00,4.70,en,"Action, Adventure, Crime, Science Fiction, Thriller"
17-04-2008,Forgetting Sarah Marshall,21.72,2760.00,6.50,en,"Comedy, Romance, Drama"
27-07-2017,Wolf Warrior 2,21.72,184.00,6.70,zh,"War, Action, Drama"
23-03-2018,"Game Over, Man!",21.72,758.00,5.50,en,"Action, Comedy"
08-04-2008,Day of the Dead,21.71,288.00,5.20,en,Horror
19-09-2006,Children of Men,21.71,5687.00,7.60,en,"Drama, Action, Thriller, Science Fiction"
29-09-2017,Gerald's Game,21.71,2933.00,6.40,en,"Horror, Thriller"
17-03-2011,The Lincoln Lawyer,21.71,2474.00,7.20,en,"Crime, Drama, Thriller"
03-06-1987,The Untouchables,21.70,4485.00,7.80,en,"Crime, Drama, History, Thriller"
19-07-2007,The Girl Next Door,21.70,530.00,6.70,en,"Thriller, Crime, Drama, Horror"
02-05-1979,The Tin Drum,21.70,306.00,7.00,de,"Drama, History, War"
03-10-2015,Arpeggio of Blue Steel -Ars Nova Cadenza-,21.70,7.00,7.60,ja,"Action, Science Fiction"
21-08-2017,Starship Troopers: Traitor of Mars,21.69,202.00,5.90,en,"Action, Animation, Science Fiction"
21-12-2001,How High,21.69,732.00,6.30,en,Comedy
26-06-1996,The Nutty Professor,21.68,2387.00,5.60,en,"Fantasy, Comedy, Romance, Science Fiction"
11-12-2020,The Dry,21.68,285.00,6.80,en,"Crime, Thriller, Mystery"
26-11-2010,The King's Speech,21.68,7300.00,7.70,en,"Drama, History"
24-11-1985,Ewoks: The Battle for Endor,21.68,183.00,5.30,en,"Adventure, Family, TV Movie"
25-12-2018,El Paseo 5: El Paseo de Oficina,21.67,21.00,7.90,es,Comedy
06-02-2016,Zoolander 2,21.67,1828.00,4.80,en,Comedy
07-09-2018,Sierra Burgess Is a Loser,21.66,3202.00,6.40,en,"Comedy, Drama, Romance"
04-08-2000,Hollow Man,21.66,1968.00,5.90,en,"Action, Science Fiction, Thriller"
15-10-2021,The Four of Us,21.66,56.00,5.70,de,"Comedy, Romance, Drama"
22-12-2002,Inuyasha the Movie 2: The Castle Beyond the Looking Glass,21.66,108.00,7.60,ja,"Action, Animation, Adventure, Fantasy"
20-05-1988,Willow,21.65,1381.00,7.00,en,"Action, Adventure, Fantasy"
26-08-2021,The Colony,21.65,82.00,5.70,en,Science Fiction
16-06-2017,The Book of Henry,21.65,1114.00,7.50,en,"Drama, Crime, Thriller"
19-12-1997,As Good as It Gets,21.64,2947.00,7.40,en,"Comedy, Romance"
05-10-2001,Serendipity,21.64,1534.00,6.80,en,"Comedy, Romance, Drama"
20-07-1991,Only Yesterday,21.63,751.00,7.30,ja,"Animation, Drama, Romance"
28-10-2021,A Cop Movie,21.63,35.00,7.30,es,"Documentary, Action, Crime"
19-12-2018,The Emperor of Paris,21.63,404.00,6.40,fr,"Drama, Crime, Thriller"
22-09-2011,Moneyball,21.63,3912.00,7.20,en,Drama
11-03-2015,Run All Night,21.62,2361.00,6.40,en,"Action, Drama, Thriller, Crime"
17-03-2022,X,21.61,0.00,0.00,en,"Horror, Thriller, Mystery"
12-05-2016,Money Monster,21.61,2549.00,6.40,en,"Thriller, Drama"
13-09-2013,Crystal Lake Memories: The Complete History of Friday the 13th,21.61,70.00,7.90,en,Documentary
01-05-2021,Stop,21.60,2.00,4.00,es,"Music, Comedy"
05-05-2017,Max 2: White House Hero,21.60,72.00,7.20,en,Family
07-10-1983,Never Say Never Again,21.60,1053.00,6.00,en,"Adventure, Action, Thriller"
04-05-1984,Sixteen Candles,21.60,1733.00,6.80,en,"Comedy, Romance"
03-06-2014,Jackass Presents: Bad Grandpa .5,21.59,190.00,5.90,en,Comedy
06-03-2010,Time of EVE: The Movie,21.59,100.00,7.30,ja,"Animation, Science Fiction, Drama"
12-02-2012,Monster High: Why Do Ghouls Fall in Love?,21.59,112.00,7.90,en,"Fantasy, Animation"
13-11-1981,Porky's,21.59,641.00,6.40,en,Comedy
02-06-2017,The Exception,21.58,336.00,6.90,en,"War, Drama"
03-05-2017,Bad Genius,21.58,602.00,8.00,th,"Comedy, Drama, Crime, Thriller"
22-12-1995,Balto,21.57,1683.00,7.30,en,"Family, Animation, Adventure"
31-05-1996,DragonHeart,21.57,1630.00,6.60,en,"Fantasy, Action, Adventure"
16-04-2021,Arlo the Alligator Boy,21.57,35.00,6.80,en,"Animation, Comedy, Family"
14-07-2016,Kickboxer: Vengeance,21.56,324.00,5.00,en,"Action, Drama"
04-05-2012,Angels of Sex,21.56,92.00,6.50,es,"Romance, Drama"
04-02-2010,Dear John,21.56,3653.00,6.90,en,"Drama, Romance, War"
02-06-2009,Van Wilder: Freshman Year,21.56,263.00,5.40,en,Comedy
25-09-1999,Inferno,21.56,215.00,6.10,en,"Action, Drama, Romance"
23-05-1981,Escape from New York,21.55,2360.00,7.10,en,"Science Fiction, Action"
08-04-1998,Taxi,21.55,1890.00,6.60,fr,"Action, Comedy"
12-02-2016,Monster High: Great Scarrier Reef,21.55,77.00,7.70,en,"Family, Animation"
12-07-2014,Say 'I Love You',21.55,93.00,7.00,ja,"Drama, Romance"
22-01-2016,The Monkey King 2,21.55,65.00,5.80,zh,"Action, Adventure, Fantasy"
12-01-1989,When Harry Met Sally...,21.54,3148.00,7.40,en,"Comedy, Romance, Drama"
09-03-2022,My Mother the State,21.54,0.00,0.00,lv,Documentary
07-12-1979,Star Trek: The Motion Picture,21.54,1289.00,6.50,en,"Science Fiction, Adventure, Mystery"
19-04-2007,The Last Legion,21.53,654.00,5.60,en,"Action, Adventure, Fantasy, War"
19-05-2004,Ma mère,21.53,102.00,4.50,fr,Drama
21-05-1993,Sliver,21.53,494.00,5.40,en,"Drama, Thriller"
22-08-2018,The Happytime Murders,21.53,796.00,5.70,en,"Action, Comedy, Crime"
31-01-1997,Mr. Nice Guy,21.53,495.00,6.50,cn,"Crime, Action, Comedy"
15-02-2002,John Q,21.52,1799.00,7.20,en,"Drama, Thriller, Crime"
24-02-2015,Power/Rangers,21.52,183.00,7.10,en,"Action, Adventure, Science Fiction, Thriller"
16-05-2015,Mushi-Shi: The Next Chapter - Drops of Bells,21.51,31.00,8.50,ja,"Fantasy, Adventure, Mystery, Animation"
06-11-2001,Mickey's Magical Christmas: Snowed in at the House of Mouse,21.51,218.00,7.00,en,"Animation, Family, Comedy"
02-08-2014,SlugTerra: Return of the Elementals,21.50,81.00,6.40,en,"Family, Animation, Adventure"
03-05-2019,The Last Summer,21.48,1237.00,6.00,en,"Romance, Comedy"
03-02-2006,When a Stranger Calls,21.48,830.00,5.70,en,Horror
08-03-2022,Becoming A Black Woman,21.48,0.00,0.00,fr,Documentary
07-10-2005,Waiting...,21.47,591.00,6.30,en,Comedy
06-11-1992,Passenger 57,21.47,766.00,5.90,en,"Action, Adventure, Thriller"
29-04-2021,Things Heard & Seen,21.47,675.00,5.80,en,Horror
02-07-2011,Fullmetal Alchemist the Movie: The Sacred Star of Milos,21.46,176.00,7.00,ja,"Adventure, Fantasy, Animation, Action, Science Fiction"
11-11-2016,The Love Witch,21.45,336.00,6.30,en,"Fantasy, Romance, Horror"
29-10-2015,The Dressmaker,21.45,1356.00,7.00,en,"Drama, Comedy, Western"
12-12-2019,Skyfire,21.45,176.00,6.60,zh,"Action, Adventure"
11-03-2006,Fist of the North Star: Legend of Raoh - Chapter of Death in Love,21.44,56.00,6.70,ja,"Animation, Action"
14-09-1990,Death Warrant,21.43,411.00,6.20,en,"Action, Crime, Thriller"
29-04-2016,Term Life,21.43,229.00,5.90,en,Thriller
10-03-2005,Hostage,21.42,1307.00,6.30,en,"Action, Thriller, Crime"
07-11-1996,Black Mask,21.42,200.00,6.10,cn,Action
30-11-1982,Gandhi,21.41,1850.00,7.50,en,"Drama, History"
08-03-2022,We Are Like Waves,21.40,0.00,0.00,en,Documentary
24-05-2019,Rim of the World,21.40,773.00,6.00,en,"Science Fiction, Adventure, Action, Comedy"
16-06-2017,Puss in Book: Trapped in an Epic Tale,21.40,155.00,6.50,en,"Family, Fantasy, Animation, Comedy, Adventure"
22-12-1968,The Love Bug,21.40,444.00,6.50,en,"Comedy, Family, Fantasy"
21-05-1999,Notting Hill,21.40,4821.00,7.20,en,"Romance, Comedy, Drama"
20-05-2014,Dragon Nest: Warriors' Dawn,21.39,82.00,7.70,zh,"Fantasy, Animation"
22-11-2006,Déjà Vu,21.39,3800.00,6.80,en,"Action, Thriller, Science Fiction"
16-03-1983,Jaws 3-D,21.38,945.00,4.40,en,"Thriller, Horror"
09-03-1991,Doraemon: Nobita's Dorabian Nights,21.37,38.00,7.10,ja,"Animation, Adventure, Fantasy"
22-08-2007,The Kingdom,21.37,1274.00,6.70,en,"Thriller, Action, Drama"
30-01-2009,The Poughkeepsie Tapes,21.35,385.00,6.60,en,"Horror, Mystery, Crime, Thriller"
07-06-2018,Nice Sister-In-Law 3,21.35,0.00,0.00,ko,Romance
01-12-1985,Anne of Green Gables,21.35,195.00,8.10,en,"Family, Drama"
15-01-1992,Twin Dragons,21.35,259.00,6.60,cn,"Comedy, Action"
25-04-2008,Harold & Kumar Escape from Guantanamo Bay,21.34,1143.00,6.20,en,"Comedy, Adventure"
24-09-2011,Julia X,21.34,77.00,5.00,en,Horror
20-12-1991,JFK,21.34,1571.00,7.60,en,"Drama, Thriller, History"
13-04-2018,10x10,21.34,441.00,5.30,en,Thriller
15-06-1977,A Bridge Too Far,21.33,578.00,7.20,en,"Drama, History, War"
18-01-2006,Bandidas,21.32,911.00,6.00,en,"Action, Comedy, Western, Crime"
09-01-2020,Like a Boss,21.32,537.00,6.40,en,Comedy
18-11-1977,Close Encounters of the Third Kind,21.32,3270.00,7.40,en,"Science Fiction, Drama"
03-12-2021,Red Rocket,21.31,90.00,6.80,en,"Comedy, Drama"
14-09-2016,Bridget Jones's Baby,21.31,2559.00,6.40,en,"Comedy, Romance"
20-01-2013,Ghost Team One,21.31,62.00,5.40,en,"Comedy, Horror"
29-01-2015,Barbie in Princess Power,21.31,158.00,6.30,en,Animation
21-09-2018,Colette,21.31,728.00,7.00,en,"Drama, History"
20-07-2018,Bleach,21.31,443.00,6.60,ja,"Action, Fantasy, Adventure"
10-11-2016,Billy Lynn's Long Halftime Walk,21.31,457.00,6.00,en,"Drama, War"
07-03-2012,Le Chef,21.30,452.00,6.10,fr,Comedy
17-08-1984,Wheels on Meals,21.30,260.00,7.00,cn,"Romance, Action, Comedy, Crime"
22-06-2001,Dr. Dolittle 2,21.30,1356.00,5.30,en,"Comedy, Family, Romance, Fantasy"
15-02-2010,Centurion,21.30,1088.00,6.20,en,"Adventure, Action, Drama"
15-09-1962,Harakiri,21.29,594.00,8.40,ja,"Action, Drama, History"
24-06-2021,Stowaway,21.29,218.00,5.90,en,"Science Fiction, Drama, Thriller"
01-07-1984,Supergirl,21.29,448.00,5.50,en,"Adventure, Fantasy, Action, Science Fiction"
22-04-2011,Another Gantz,21.29,35.00,7.30,ja,"Action, Science Fiction, Mystery"
22-07-2004,Pokémon: Destiny Deoxys,21.28,191.00,6.50,ja,"Family, Adventure, Animation, Fantasy"
18-09-2010,Detective Dee and the Mystery of the Phantom Flame,21.28,280.00,6.60,zh,"Action, Adventure, Drama, Mystery"
03-01-2016,Bad Sister,21.28,178.00,6.80,en,"Thriller, TV Movie"
28-09-2013,Nurse 3-D,21.28,321.00,5.30,en,"Horror, Thriller"
13-12-2002,Star Trek: Nemesis,21.28,1084.00,6.30,en,"Science Fiction, Action, Adventure, Thriller"
19-12-2018,The Drug King,21.28,88.00,6.20,ko,"Crime, Action, Drama"
01-12-2004,Closer,21.28,2629.00,6.80,en,Drama
28-05-1993,Super Mario Bros.,21.27,890.00,4.20,en,"Adventure, Comedy, Family, Science Fiction"
20-02-1982,Death Wish II,21.27,319.00,6.20,en,Action
08-02-2007,Premonition,21.27,1223.00,6.30,en,"Thriller, Drama, Mystery"
16-04-2014,Serial (Bad) Weddings,21.26,2994.00,6.70,fr,Comedy
31-10-2002,I Spy,21.26,766.00,5.40,en,"Action, Adventure, Comedy, Thriller"
24-09-2019,Inside Man: Most Wanted,21.26,216.00,6.70,en,"Action, Thriller"
21-11-2019,The Knight Before Christmas,21.26,920.00,6.50,en,"Comedy, Romance"
17-05-2011,The Tree of Life,21.25,2528.00,6.70,en,"Drama, Fantasy"
31-12-2014,"One Piece ""3D2Y"": Overcome Ace's Death! Luffy's Vow to his Friends",21.25,82.00,7.40,ja,"Action, Animation, Adventure, Comedy, Fantasy"
17-02-2004,Confessions of a Teenage Drama Queen,21.24,739.00,5.60,en,Comedy
19-06-2008,Get Smart,21.24,2882.00,6.20,en,"Action, Comedy, Thriller"
29-08-2018,Operation Finale,21.24,745.00,6.70,en,"Drama, History, Thriller"
30-03-1958,Touch of Evil,21.24,1090.00,7.80,en,"Crime, Thriller"
16-06-2013,My Little Pony: Equestria Girls,21.24,180.00,7.30,en,"Animation, Comedy, Family, Fantasy, Music"
16-10-2015,Room,21.24,7865.00,8.10,en,"Drama, Thriller"
09-03-2018,Duck Duck Goose,21.23,119.00,6.20,en,"Animation, Family, Adventure, Comedy"
05-02-2016,"Hail, Caesar!",21.23,3244.00,5.90,en,"Comedy, Drama, Mystery"
26-02-2014,Non-Stop,21.23,4505.00,6.80,en,"Action, Thriller, Mystery"
01-06-1988,Dragon Ball: Goku's Traffic Safety,21.23,34.00,6.70,ja,Animation
12-10-2005,The World's Fastest Indian,21.23,528.00,7.60,en,Drama
30-08-1985,American Ninja,21.22,303.00,5.90,en,Action
11-10-2019,The Forest of Love,21.22,114.00,6.60,ja,"Drama, Crime, Horror, Thriller"
15-09-2016,Blair Witch,21.22,1580.00,5.20,en,"Thriller, Horror"
26-05-2001,Metropolis,21.22,328.00,7.10,ja,"Animation, Science Fiction"
18-11-1988,The Land Before Time,21.21,2086.00,7.10,en,"Family, Animation, Adventure"
17-09-2021,The Eyes of Tammy Faye,21.21,151.00,6.60,en,"History, Drama, Music"
20-03-2020,Hooking Up,21.20,116.00,6.60,en,"Drama, Comedy"
18-12-2008,Seven Pounds,21.20,5698.00,7.60,en,Drama
05-02-2021,G-Zombie,21.19,26.00,4.80,te,"Horror, Fantasy, Comedy"
08-10-2010,Elite Squad: The Enemy Within,21.19,1409.00,7.80,pt,"Drama, Action, Crime"
16-06-2000,Titan A.E.,21.19,838.00,6.60,en,"Animation, Action, Science Fiction, Family, Adventure"
17-01-2014,The Nut Job,21.19,782.00,5.70,en,"Animation, Comedy, Family, Adventure"
09-03-2022,That Which Does Not Kill,21.18,0.00,0.00,fr,Documentary
10-10-2010,Stomp the Yard 2: Homecoming,21.16,85.00,5.40,en,"Drama, Music"
05-08-1998,Halloween H20: 20 Years Later,21.16,1215.00,6.00,en,"Horror, Thriller"
12-10-1990,The Hot Spot,21.15,169.00,6.30,en,"Crime, Romance"
09-02-1995,The Quick and the Dead,21.14,1284.00,6.50,en,"Western, Action, Thriller"
25-12-2008,The Spirit,21.14,785.00,4.70,en,"Action, Comedy, Thriller, Crime, Science Fiction"
29-01-1992,Children of the Corn II: The Final Sacrifice,21.14,152.00,4.70,en,Horror
22-12-2011,The Darkest Hour,21.13,1165.00,5.30,en,"Horror, Action, Thriller, Science Fiction"
11-02-2021,Squared Love,21.13,229.00,6.10,pl,"Comedy, Romance"
11-08-1995,Dangerous Minds,21.13,863.00,6.90,en,Drama
22-08-2010,Arthur 3: The War of the Two Worlds,21.13,1285.00,5.80,en,"Animation, Adventure, Fantasy, Family"
17-01-2017,Surf's Up 2: WaveMania,21.12,182.00,6.30,en,"Animation, Family, Comedy"
20-08-2013,Scooby-Doo! Stage Fright,21.12,162.00,7.80,en,"Family, Adventure, Animation, Comedy, Mystery"
19-04-2018,Perdida,21.12,217.00,6.30,es,"Drama, Mystery, Crime"
23-07-2021,Green Snake,21.11,142.00,8.70,zh,"Animation, Fantasy, Action, Adventure"
10-07-2020,Palm Springs,21.11,2062.00,7.30,en,"Comedy, Romance, Science Fiction"
25-11-2016,A United Kingdom,21.11,434.00,6.70,en,"Drama, History"
30-04-2020,Inheritance,21.10,395.00,6.40,en,Thriller
13-07-1995,Under Siege 2: Dark Territory,21.10,639.00,5.70,en,"Action, Thriller"
29-09-2005,Goal!,21.08,847.00,6.70,en,Drama
14-03-2003,Agent Cody Banks,21.08,896.00,5.40,en,"Action, Adventure, Comedy, Family"
22-02-2011,All Star Superman,21.08,361.00,7.00,en,"Science Fiction, Animation, Action, Adventure"
01-06-2018,American Animals,21.08,737.00,6.80,en,"Drama, Crime, Documentary"
31-07-1968,Hang 'em High,21.07,544.00,6.80,en,Western
01-10-2016,My Little Pony: Equestria Girls - Legend of Everfree,21.07,65.00,7.40,en,"Adventure, Animation, Music, Fantasy, Comedy"
15-07-1997,George of the Jungle,21.07,1636.00,5.60,en,"Adventure, Comedy, Family, Romance"
11-03-2022,Outsiders,21.07,0.00,0.00,en,"Thriller, Science Fiction, Mystery"
20-09-2018,Capernaum,21.07,1226.00,8.20,ar,Drama
05-02-2015,Shaun the Sheep Movie,21.07,1111.00,7.00,en,"Family, Animation, Comedy, Adventure"
30-05-1986,Big Trouble in Little China,21.06,2242.00,7.20,en,"Action, Adventure, Comedy, Fantasy"
20-01-2009,18 Year Old Virgin,21.06,106.00,3.80,en,Comedy
08-03-1997,Doraemon: Nobita and the Spiral City,21.05,14.00,7.00,ja,Animation
09-03-1984,Splash,21.05,1041.00,6.30,en,"Comedy, Fantasy, Romance"
19-07-2008,The Scorpion King 2: Rise of a Warrior,21.04,461.00,4.60,en,"Action, Adventure, Fantasy, Science Fiction"
01-03-2013,21 & Over,21.04,1308.00,5.80,en,Comedy
17-06-2011,The Art of Getting By,21.04,1121.00,6.60,en,"Drama, Romance"
24-06-1993,Sleepless in Seattle,21.04,1809.00,6.70,en,"Comedy, Drama, Romance"
26-06-1976,The Twelve Tasks of Asterix,21.04,904.00,7.40,fr,"Family, Animation, Comedy, Adventure"
31-07-2009,Aliens in the Attic,21.03,822.00,5.60,en,"Adventure, Comedy, Family, Fantasy, Science Fiction"
30-07-2014,The Admiral: Roaring Currents,21.03,198.00,7.10,ko,"War, Action, Drama, History"
05-08-1999,Universal Soldier: The Return,21.03,651.00,5.50,en,"Action, Science Fiction"
23-10-1998,Soldier,21.02,607.00,6.30,en,"Science Fiction, Action"
26-11-2010,Kung Fu Panda Holiday,21.02,239.00,6.90,en,"Animation, Family, TV Movie, Comedy, Fantasy"
16-02-2018,Irreplaceable You,21.02,620.00,7.00,en,"Comedy, Romance, Drama"
13-09-2013,Final: The Rapture,21.02,11.00,4.00,en,Thriller
12-01-2017,The Bye Bye Man,21.02,1052.00,5.20,en,"Horror, Thriller"
24-08-2018,Little Italy,21.02,498.00,6.80,en,"Comedy, Romance"
26-11-2002,Shark Attack 3: Megalodon,21.02,85.00,4.30,en,Horror
30-08-2000,"O Brother, Where Art Thou?",21.02,3252.00,7.30,en,"Adventure, Comedy, Crime"
12-06-2020,Sea Fever,21.02,287.00,6.40,en,"Science Fiction, Horror, Thriller"
12-08-2016,Anthropoid,21.02,797.00,7.10,en,"History, Thriller, War"
25-03-2005,Valiant,21.02,719.00,5.50,en,"Family, Animation, Adventure, Comedy, War"
11-03-2008,The Wave,21.01,2683.00,7.50,de,"Drama, Thriller"
10-02-2015,LEGO DC Comics Super Heroes: Justice League vs. Bizarro League,21.01,96.00,6.70,en,"Action, Adventure, Animation, Family, Comedy"
25-09-2006,The Woods,21.00,191.00,5.70,en,"Mystery, Horror, Thriller"
07-09-2012,The Master,21.00,2344.00,7.20,en,Drama
22-12-1965,Doctor Zhivago,21.00,847.00,7.60,en,"Drama, Romance, War"
20-03-2015,The Walking Deceased,20.99,147.00,5.40,en,"Comedy, Horror"
28-02-2013,The Last Exorcism Part II,20.98,433.00,4.70,en,"Horror, Thriller"
08-12-1988,Twins,20.98,1720.00,6.00,en,Comedy
14-01-2022,Shattered,20.97,30.00,6.40,en,Thriller
28-04-1995,Village of the Damned,20.97,591.00,6.00,en,"Thriller, Horror, Science Fiction"
11-12-2006,The Good Shepherd,20.97,872.00,6.30,en,"Drama, Thriller, History"
06-09-2011,Scooby-Doo! Legend of the Phantosaur,20.96,150.00,7.90,en,"Family, Mystery, Animation, Comedy"
04-08-2017,Savage Dog,20.96,88.00,5.30,en,Action
21-10-2016,Boo! A Madea Halloween,20.96,368.00,5.70,en,"Comedy, Horror"
02-04-2009,Fast & Furious,20.96,5849.00,6.70,en,"Action, Crime, Drama, Thriller"
18-05-2018,Godzilla: City on the Edge of Battle,20.95,243.00,6.50,ja,"Animation, Science Fiction"
10-08-2018,Summer of 84,20.95,964.00,6.80,en,"Thriller, Mystery, Drama, Horror"
08-12-2011,We Bought a Zoo,20.95,2210.00,6.70,en,"Drama, Comedy, Family"
01-10-1993,Cool Runnings,20.95,1562.00,7.00,en,"Comedy, History"
22-08-1997,Mimic,20.95,782.00,6.00,en,"Fantasy, Horror, Thriller, Science Fiction"
16-07-1992,"Honey, I Blew Up the Kid",20.94,911.00,5.20,en,"Adventure, Comedy, Family, Science Fiction"
30-01-2019,Minuscule 2: Mandibles from Far Away,20.94,141.00,7.00,fr,"Animation, Adventure, Family, Comedy"
13-09-1996,Bound,20.94,643.00,7.10,en,"Drama, Thriller"
10-02-1996,First Strike,20.93,333.00,6.40,cn,"Action, Adventure, Comedy, Crime, Drama, Thriller"
19-09-2013,Coherence,20.93,2102.00,7.30,en,"Thriller, Science Fiction"
05-12-1993,Sailor Moon R: The Movie,20.93,97.00,7.90,ja,"Animation, Romance, Action, Fantasy"
12-09-1997,Seven Years in Tibet,20.93,2197.00,7.20,en,"Adventure, Drama, History"
25-05-2017,Churchill,20.92,251.00,6.10,en,"Drama, History"
05-02-2021,"Strip Down, Rise Up",20.92,36.00,7.10,en,Documentary
18-12-1966,How the Grinch Stole Christmas!,20.92,766.00,7.50,en,"Animation, Family, Comedy"
12-03-2021,Trust,20.92,108.00,6.80,en,"Romance, Drama"
13-03-2013,Cottage Country,20.92,109.00,5.30,en,"Action, Comedy, Crime, Romance, Thriller"
27-10-2017,Marrowbone,20.91,1077.00,7.20,en,"Drama, Thriller, Mystery, Horror"
16-04-1992,Once Upon a Time in China II,20.91,177.00,7.20,cn,"Action, Comedy"
31-01-2012,Kung Fu Panda: Secrets of the Scroll,20.91,147.00,6.80,en,"Animation, Family, Comedy"
28-05-2021,American Traitor: The Trial of Axis Sally,20.90,32.00,5.80,en,"History, Drama"
14-11-1997,The Jackal,20.90,1458.00,6.30,en,"Action, Thriller, Adventure, Crime"
31-01-1991,Point Break,20.90,2699.00,7.10,en,"Action, Thriller, Crime"
14-09-1993,Naked,20.90,368.00,7.40,en,"Drama, Comedy"
27-04-2017,The Crucifixion,20.89,381.00,5.60,en,"Horror, Mystery, Thriller"
14-05-2010,Just Wright,20.89,312.00,6.30,en,"Comedy, Drama, Romance"
22-03-1991,Teenage Mutant Ninja Turtles II: The Secret of the Ooze,20.89,820.00,6.10,en,"Science Fiction, Adventure, Action, Comedy, Family"
20-12-1985,Out of Africa,20.88,1079.00,7.20,en,"History, Romance, Drama"
02-01-2004,Tremors 4: The Legend Begins,20.88,342.00,5.50,en,"Action, Comedy, Horror, Western"
13-12-1985,Clue,20.88,1283.00,7.20,en,"Comedy, Thriller, Crime, Mystery"
19-02-2002,Balto II: Wolf Quest,20.88,434.00,6.30,en,"Family, Animation, Adventure"
12-01-2011,The Green Hornet,20.88,2678.00,5.50,en,"Action, Crime, Comedy"
05-05-2018,Ouija House,20.88,77.00,5.50,en,Horror
19-04-2014,Detective Conan: Dimensional Sniper,20.88,69.00,7.00,ja,"Action, Animation, Drama, Mystery"
22-09-1998,Addams Family Reunion,20.86,213.00,4.60,en,"Family, Comedy, Fantasy, TV Movie"
13-07-2016,The Infiltrator,20.86,1388.00,6.60,en,"Crime, Drama, Thriller"
20-10-2020,Tremors: Shrieker Island,20.85,108.00,6.50,en,"Action, Horror"
14-10-2014,Stretch,20.85,519.00,6.10,en,"Action, Comedy, Thriller"
29-01-2003,Taxi 3,20.85,1195.00,5.70,fr,"Action, Comedy"
04-03-2011,Take Me Home Tonight,20.84,532.00,6.00,en,"Comedy, Drama, Romance"
09-08-2019,The Peanut Butter Falcon,20.84,962.00,7.40,en,"Adventure, Drama, Comedy"
08-07-2016,Mower Minions,20.84,134.00,6.60,en,"Comedy, Animation"
02-05-2018,MILF,20.84,419.00,5.90,fr,Comedy
02-01-2017,Extortion,20.83,217.00,6.10,en,"Action, Adventure, Crime, Drama, Thriller"
24-06-2016,Free State of Jones,20.83,1210.00,6.70,en,"Action, Drama, History, War"
01-08-2000,Ginger Snaps,20.83,619.00,6.80,en,Horror
12-06-1968,Rosemary's Baby,20.83,2998.00,7.80,en,"Drama, Horror"
30-01-2020,Gretel & Hansel,20.83,1092.00,6.00,en,"Horror, Fantasy, Thriller"
10-04-2001,Joe Dirt,20.83,575.00,5.50,en,"Mystery, Adventure, Comedy, Romance, Drama"
13-01-2021,The White Tiger,20.82,658.00,6.90,en,Drama
26-10-1990,Graveyard Shift,20.82,171.00,5.20,en,Horror
11-07-1997,Contact,20.82,3436.00,7.40,en,"Drama, Science Fiction, Mystery"
20-04-2012,To Rome with Love,20.81,1725.00,5.80,en,"Romance, Comedy, Drama"
12-04-2016,I'm a Porn Star: Gay 4 Pay,20.81,17.00,7.60,en,Documentary
08-07-1959,North by Northwest,20.81,3158.00,8.00,en,"Mystery, Thriller"
23-12-2001,Once Upon a Time: The Super Heroes,20.80,13.00,5.80,fr,"Documentary, TV Movie"
13-08-1953,The War of the Worlds,20.80,456.00,6.90,en,"Science Fiction, Action"
01-10-2009,Daybreakers,20.80,1537.00,6.30,en,"Action, Fantasy, Horror, Science Fiction"
05-12-1986,Heartbreak Ridge,20.79,741.00,6.80,en,"War, Action, Comedy, Drama"
29-03-2002,Panic Room,20.79,3965.00,6.70,en,"Crime, Drama, Thriller"
11-09-2014,Maya the Bee Movie,20.79,135.00,6.20,en,"Family, Animation"
05-02-2019,Scooby-Doo! and the Curse of the 13th Ghost,20.79,203.00,8.00,en,"Comedy, Family, Animation, Adventure, Mystery"
25-04-1979,Manhattan,20.78,1875.00,7.80,en,"Comedy, Drama, Romance"
15-08-1973,Jesus Christ Superstar,20.78,444.00,7.10,en,"Music, History, Drama"
01-11-2006,Borat: Cultural Learnings of America for Make Benefit Glorious Nation of Kazakhstan,20.77,4290.00,6.70,en,Comedy
16-09-2020,The Paramedic,20.77,503.00,6.10,es,Thriller
17-06-2021,Flee,20.77,62.00,8.10,da,"Documentary, Animation"
19-12-1986,King Kong Lives,20.77,147.00,5.30,en,"Fantasy, Action, Adventure"
27-02-2009,Anacondas: Trail of Blood,20.76,212.00,4.80,en,"Action, Horror, Science Fiction"
08-01-2019,The Car: Road to Revenge,20.76,82.00,6.50,en,"Action, Horror, Thriller, Science Fiction"
12-10-2018,Beautiful Boy,20.76,1790.00,7.50,en,Drama
12-05-2005,2001 Maniacs,20.75,186.00,5.30,en,"Comedy, Horror"
29-08-2019,Paradise Hills,20.75,398.00,6.00,en,"Fantasy, Science Fiction, Thriller"
09-06-2017,Awakening the Zodiac,20.75,98.00,5.10,en,"Crime, Drama, Mystery, Thriller"
25-11-2016,Office Christmas Party,20.74,1719.00,5.60,en,Comedy
23-08-1991,Harley Davidson and the Marlboro Man,20.73,300.00,6.30,en,"Action, Thriller"
25-12-2017,Phantom Thread,20.73,2832.00,7.30,en,"Drama, Romance"
17-11-2013,Minuscule: Valley of the Lost Ants,20.73,334.00,6.90,fr,"Animation, Adventure, Family"
04-08-2011,Red Dog,20.73,286.00,7.20,en,"Drama, Comedy, Family"
08-07-2016,Rock Dog,20.72,229.00,6.10,en,"Adventure, Animation, Comedy, Family, Music"
20-05-2009,Antichrist,20.72,2010.00,6.70,en,"Drama, Horror, Thriller"
05-06-2009,Land of the Lost,20.71,1016.00,5.40,en,"Adventure, Comedy, Science Fiction, Family"
24-07-2020,Offering to the Storm,20.71,230.00,6.50,es,"Crime, Thriller"
28-10-2020,Secrets of the Saqqara Tomb,20.70,91.00,7.40,en,Documentary
19-08-2021,"Ni tuyo, Ni mía",20.70,49.00,8.90,es,Drama
22-10-2020,The Beach House,20.70,61.00,5.60,en,"Drama, Horror, Mystery"
04-01-2018,The Vanishing,20.70,552.00,5.60,en,"Thriller, Mystery"
01-09-2016,Morgan,20.69,1221.00,5.80,en,"Horror, Science Fiction, Thriller"
21-02-1990,La Femme Nikita,20.69,1485.00,7.10,fr,"Action, Thriller"
23-07-2021,Settlers,20.69,58.00,4.60,en,"Science Fiction, Thriller"
02-02-2022,Fireheart,20.69,21.00,6.70,en,"Animation, Comedy, Family"
19-07-2014,Pokémon the Movie: Diancie and the Cocoon of Destruction,20.69,125.00,6.40,ja,"Animation, Family, Adventure, Action, Comedy, Drama"
26-07-2007,Flash Point,20.68,234.00,6.90,cn,Action
22-06-2022,Elvis,20.68,0.00,0.00,en,"Drama, Music"
27-05-1988,Killer Klowns from Outer Space,20.67,664.00,6.40,en,"Comedy, Horror, Science Fiction"
25-12-2019,Just Mercy,20.67,1626.00,8.00,en,"Drama, Crime, History"
10-06-2009,The Taking of Pelham 1 2 3,20.67,2532.00,6.30,en,"Thriller, Crime, Action"
23-07-1999,Inspector Gadget,20.66,959.00,4.40,en,"Action, Adventure, Comedy, Family"
10-04-1992,Sleepwalkers,20.66,368.00,5.90,en,"Fantasy, Horror, Thriller"
26-07-2002,Austin Powers in Goldmember,20.66,2505.00,6.00,en,"Comedy, Crime, Science Fiction"
14-02-2020,The Last Thing He Wanted,20.65,388.00,4.90,en,"Drama, Thriller"
06-05-2016,Pelé: Birth of a Legend,20.65,841.00,7.40,en,Drama
18-05-2017,Deep,20.65,123.00,6.00,en,"Animation, Family, Adventure"
20-11-2015,Carol,20.65,3050.00,7.50,en,"Romance, Drama"
16-08-1991,Urusei Yatsura: Always My Darling,20.64,9.00,5.70,ja,"Action, Adventure, Animation, Comedy, Romance"
20-01-1993,Stalingrad,20.64,401.00,7.30,de,"Drama, History, War"
07-07-1960,Inherit the Wind,20.64,298.00,7.80,en,"Drama, History"
09-09-2002,Phone Booth,20.64,2888.00,6.80,en,"Crime, Mystery, Thriller"
24-11-2020,Dragons: Rescue Riders: Huttsgalor Holiday,20.63,4.00,5.50,en,"Animation, Family"
22-12-2001,Ichi the Killer,20.62,673.00,7.10,ja,"Action, Crime, Horror"
29-11-2007,Winx Club: The Secret of the Lost Kingdom,20.62,178.00,6.90,it,"Fantasy, Animation, Family"
12-07-2002,Road to Perdition,20.62,2835.00,7.40,en,"Crime, Drama, Thriller"
03-05-2022,Constantine: The House of Mystery,20.62,0.00,0.00,en,"Fantasy, Animation, Horror, Action"
16-10-2020,2 Hearts,20.62,335.00,7.70,en,"Romance, Drama"
17-08-2000,The Cell,20.62,1189.00,6.30,en,"Horror, Science Fiction, Thriller"
12-02-2021,Marvel's Behind the Mask,20.61,28.00,7.60,en,Documentary
04-03-2022,Asking For It,20.61,2.00,6.00,en,"Action, Thriller, Drama"
21-07-1944,The Three Caballeros,20.61,531.00,6.40,en,"Animation, Family, Music"
09-07-2021,Tokyo Revengers,20.60,131.00,8.00,ja,"Action, Drama"
20-05-1971,Escape from the Planet of the Apes,20.60,742.00,6.30,en,"Action, Science Fiction"
17-03-2016,The Bribe of Heaven,20.60,15.00,6.90,es,Comedy
28-06-2019,Ophelia,20.60,376.00,7.30,en,"Romance, History"
30-09-2004,Layer Cake,20.59,1546.00,7.00,en,"Drama, Thriller, Crime"
07-09-2017,Home Again,20.59,1050.00,6.10,en,"Comedy, Drama, Romance"
11-03-2017,Residente,20.59,16.00,6.80,en,"Music, Documentary"
17-07-1996,Crash,20.58,754.00,6.50,en,"Drama, Thriller"
29-03-1994,Thumbelina,20.57,391.00,6.50,en,"Animation, Drama, Family, Fantasy"
08-07-2005,Dark Water,20.57,775.00,5.50,en,Horror
01-10-2015,Howl,20.57,370.00,5.40,en,Horror
02-05-1996,Barb Wire,20.57,281.00,4.00,en,"Science Fiction, Action"
31-03-2016,Hunt for the Wilderpeople,20.56,1574.00,7.70,en,"Adventure, Comedy, Drama"
25-12-1998,The Faculty,20.56,1470.00,6.50,en,"Horror, Science Fiction"
09-08-1991,Bingo,20.56,77.00,5.00,en,"Action, Adventure, Comedy, Family"
17-01-2017,Death Race 2050,20.56,140.00,4.20,en,"Action, Comedy, Science Fiction"
30-04-2008,Made of Honor,20.56,1370.00,6.40,en,"Comedy, Romance"
26-11-2003,Timeline,20.56,837.00,5.70,en,"Action, Adventure, Science Fiction"
26-06-2015,Sleeping with Other People,20.55,721.00,6.30,en,Comedy
26-01-2001,Sexy Comedy,20.55,23.00,5.20,it,Comedy
30-11-2001,Behind Enemy Lines,20.55,1130.00,6.30,en,"Action, Drama, Thriller, War"
14-01-2022,Hugas,20.55,6.00,5.80,tl,"Thriller, Romance"
15-08-1984,The Woman in Red,20.54,374.00,6.20,en,"Comedy, Romance"
30-12-2013,Neppuu Kairiku Bushi Road,20.54,3.00,6.50,ja,"Animation, Action, Science Fiction, Adventure"
06-10-2017,Cargo,20.53,1378.00,6.40,en,"Drama, Thriller, Adventure, Horror"
12-01-2018,Acts of Violence,20.53,323.00,5.70,en,Action
23-03-2015,Cobain: Montage of Heck,20.53,589.00,7.80,en,"Documentary, Music"
12-02-2021,French Exit,20.53,76.00,5.80,en,"Drama, Comedy"
27-06-1990,Days of Thunder,20.52,1084.00,6.30,en,"Adventure, Action, Romance, Drama"
12-04-1996,James and the Giant Peach,20.52,1031.00,6.50,en,"Adventure, Animation, Family, Fantasy"
25-12-1997,Wag the Dog,20.52,698.00,7.00,en,"Comedy, Drama"
30-07-1986,Flight of the Navigator,20.52,618.00,6.90,en,"Family, Science Fiction, Adventure"
03-05-2017,Snatched,20.51,691.00,5.40,en,"Action, Comedy"
18-11-2021,Just Short of Perfect,20.51,84.00,6.30,pt,"Romance, Comedy"
27-04-2007,Wind Chill,20.51,328.00,5.80,en,"Drama, Horror, Thriller"
24-05-2006,Marie Antoinette,20.51,2188.00,6.60,en,"Drama, History"
28-10-2020,Come Play,20.51,418.00,6.30,en,Horror
13-05-1961,The Parent Trap,20.51,273.00,7.10,en,"Comedy, Family"
15-10-2014,The Best of Me,20.50,2236.00,7.50,en,"Drama, Romance"
26-08-2016,It's Only the End of the World,20.50,1350.00,7.20,fr,Drama
11-06-1982,Grease 2,20.50,556.00,5.10,en,"Comedy, Family, Music, Romance"
30-08-2014,Mortadelo and Filemon: Mission Implausible,20.50,122.00,6.50,es,"Comedy, Animation, Adventure"
15-02-1965,The Greatest Story Ever Told,20.50,124.00,6.40,en,"Drama, History"
31-05-2015,Return to Sender,20.50,802.00,5.90,en,"Drama, Thriller"
29-04-2018,Daphne & Velma,20.49,199.00,6.40,en,"Comedy, Horror, Action, Crime"
13-12-1996,Jerry Maguire,20.49,2522.00,6.90,en,"Comedy, Drama, Romance"
26-09-2018,High Life,20.49,814.00,5.80,en,"Science Fiction, Drama, Mystery, Thriller"
14-10-2011,Sleep Tight,20.48,808.00,7.10,es,"Thriller, Horror"
21-12-1985,Vampire Hunter D,20.48,344.00,6.60,ja,"Animation, Fantasy, Horror"
25-09-2009,Creation,20.48,171.00,6.40,en,"Drama, History"
06-02-2003,Shanghai Knights,20.47,1832.00,6.10,en,"Action, Adventure, Comedy, Western"
16-02-2018,Operation Red Sea,20.47,153.00,6.90,zh,"Action, Thriller, War, Drama"
04-09-2014,Burying the Ex,20.47,370.00,5.50,en,"Comedy, Horror"
08-04-2016,High Strung,20.47,829.00,7.10,en,"Music, Romance, Drama"
01-02-2019,Miss Bala,20.47,406.00,6.40,en,Action
24-11-1993,A Perfect World,20.47,1226.00,7.50,en,"Crime, Drama, Thriller"
19-12-2003,Mona Lisa Smile,20.47,1382.00,6.90,en,"Drama, Romance"
20-04-2018,St. Agatha,20.46,167.00,5.70,en,"Horror, Thriller"
13-02-1997,Vegas Vacation,20.45,473.00,6.10,en,Comedy
11-08-1995,A Walk in the Clouds,20.45,726.00,7.20,en,"Drama, Romance"
24-02-1974,Porno Baby,20.45,7.00,5.60,en,Drama
30-08-2017,Dead Again in Tombstone,20.45,61.00,5.00,en,"Western, Action, Fantasy, Horror"
11-11-2016,Full Speed,20.44,499.00,5.90,fr,"Family, Comedy, Action"
01-10-2014,The Apostle,20.44,10.00,6.40,fr,Drama
22-12-1989,Wild Orchid,20.43,220.00,5.30,en,"Romance, Drama"
12-07-2019,Lying and Stealing,20.43,225.00,6.00,en,"Crime, Comedy, Drama"
23-09-2016,End of a Gun,20.43,57.00,4.90,en,"Action, Crime, Thriller"
20-10-2006,Casper's Scare School,20.43,47.00,5.10,en,"Adventure, Animation, Comedy, Family, Fantasy"
17-01-1997,Beverly Hills Ninja,20.43,592.00,5.60,en,"Comedy, Action"
03-06-2015,Entourage,20.43,838.00,6.20,en,Comedy
20-09-2003,Elephant,20.42,1420.00,7.10,en,"Crime, Drama"
16-06-2011,Hawaiian Vacation,20.42,517.00,7.00,en,"Animation, Family, Comedy"
12-05-1999,Pola X,20.42,58.00,5.70,fr,"Drama, Romance"
10-08-2017,All I See Is You,20.41,490.00,5.10,en,"Mystery, Thriller"
26-11-2013,No Half Measures: Creating the Final Season of Breaking Bad,20.41,90.00,8.50,en,Documentary
24-08-2014,New Initial D the Movie - Legend 1: Awakening,20.41,49.00,8.30,ja,"Animation, Action"
25-09-2020,The Trial of the Chicago 7,20.41,2254.00,7.80,en,"Drama, History"
20-10-2015,Brooklyn,20.41,2679.00,7.30,en,"Romance, Drama"
14-03-2019,Hotel Mumbai,20.41,1139.00,7.60,en,"Thriller, History, Drama, Action"
31-01-2019,Too Handsome To Handle,20.41,7.00,6.60,id,"Comedy, Drama, Romance"
13-07-2013,Pokémon the Movie: Genesect and the Legend Awakened,20.40,111.00,6.50,ja,"Action, Adventure, Animation, Family"
19-02-1999,Office Space,20.40,2244.00,7.40,en,Comedy
17-01-2020,A Fall from Grace,20.40,746.00,7.10,en,"Drama, Fantasy, Thriller"
21-07-2021,Kaamelott: The First Chapter,20.40,414.00,7.10,fr,"Adventure, Fantasy"
12-08-2010,I Saw the Devil,20.40,1785.00,7.80,ko,"Thriller, Horror"
08-04-2016,The Man Who Knew Infinity,20.40,1133.00,7.20,en,Drama
27-02-2013,The Dyatlov Pass Incident,20.40,476.00,5.80,en,"Thriller, Mystery"
19-07-2019,Tiffany + Chucky,20.39,4.00,8.50,en,Horror
14-10-1972,Last Tango in Paris,20.38,951.00,7.00,it,"Drama, Romance"
18-06-1976,Midway,20.38,204.00,6.60,en,"Action, Drama, History, War"
11-12-2020,A Trash Truck Christmas,20.38,47.00,6.60,en,"Animation, Adventure, Family"
04-04-2019,4x4,20.38,80.00,6.40,es,Thriller
09-08-2013,Justin and the Knights of Valour,20.38,247.00,5.90,en,"Animation, Adventure"
31-12-2015,Jane Got a Gun,20.38,665.00,5.80,en,"Western, Action, Drama"
10-10-2019,Close to the Horizon,20.37,368.00,8.00,de,"Drama, Romance"
07-04-2018,Taxi 5,20.36,831.00,5.60,fr,"Comedy, Action"
12-06-1987,The Witches of Eastwick,20.36,1055.00,6.50,en,"Comedy, Fantasy, Horror"
07-04-2011,Hanna,20.36,2771.00,6.60,en,"Action, Thriller, Adventure"
26-11-1986,Star Trek IV: The Voyage Home,20.36,1099.00,7.20,en,"Science Fiction, Adventure"
03-08-2019,LEGO Marvel Spider-Man: Vexed by Venom,20.36,12.00,7.50,en,"Animation, Action"
25-01-1979,Escape From Alcatraz,20.36,2127.00,7.50,en,"Drama, Thriller"
30-03-2017,The Big Sick,20.35,1994.00,7.40,en,"Comedy, Drama, Romance"
14-04-2003,Dumb and Dumberer: When Harry Met Lloyd,20.35,633.00,4.10,en,Comedy
21-12-2018,Between Worlds,20.35,166.00,5.20,en,"Action, Mystery, Thriller, Science Fiction"
05-11-1996,The English Patient,20.35,1650.00,7.20,en,"Drama, Romance, War"
17-01-2003,National Security,20.34,758.00,5.90,en,"Action, Comedy, Crime, Thriller"
18-02-2016,"Crouching Tiger, Hidden Dragon: Sword of Destiny",20.34,507.00,6.10,en,"Action, Adventure, Drama"
07-02-2003,How to Lose a Guy in 10 Days,20.34,2977.00,6.70,en,"Comedy, Romance"
25-09-1987,The Princess Bride,20.34,3663.00,7.70,en,"Adventure, Family, Fantasy, Comedy, Romance"
27-10-2009,Curious George 2: Follow That Monkey!,20.33,86.00,6.60,en,"Animation, Family"
08-03-2018,Hostile,20.33,254.00,5.70,en,"Drama, Horror, Romance, Science Fiction"
15-10-2008,Max Payne,20.33,1638.00,5.30,en,"Crime, Action, Drama, Thriller"
03-02-2017,Don't Knock Twice,20.33,606.00,5.50,en,Horror
11-09-2011,Extraterrestrial,20.32,70.00,5.50,es,"Science Fiction, Comedy"
19-04-2018,Bad Samaritan,20.32,516.00,6.80,en,"Thriller, Crime, Horror"
24-05-1991,Thelma & Louise,20.32,2545.00,7.60,en,"Drama, Thriller, Crime, Adventure"
06-02-2019,The Prodigy,20.32,794.00,6.20,en,"Horror, Thriller"
14-12-1990,Captain America,20.32,322.00,4.70,en,"Action, Science Fiction, War"
28-06-2000,Baise-moi,20.32,256.00,4.30,fr,"Crime, Drama, Romance, Thriller"
31-03-2006,Slither,20.32,1110.00,6.50,en,"Horror, Science Fiction, Fantasy, Mystery, Thriller"
04-09-2018,UFO,20.31,332.00,7.00,en,"Science Fiction, Action, Thriller"
27-06-2018,The Witch: Part 1. The Subversion,20.31,223.00,7.60,ko,"Action, Mystery, Fantasy"
18-01-1990,The Rookie,20.31,390.00,5.90,en,"Action, Crime, Drama, Thriller"
26-02-2021,The Girl on the Train,20.31,58.00,5.80,hi,"Drama, Thriller"
26-01-2018,Early Man,20.31,641.00,6.10,en,"Family, Comedy, Animation, Adventure"
22-10-2000,Bruce Lee: A Warrior's Journey,20.31,79.00,7.50,en,Documentary
16-06-2006,The Lake House,20.30,2188.00,6.90,en,"Romance, Drama, Mystery"
17-09-1994,Only You,20.30,393.00,6.80,en,"Romance, Comedy"
15-02-2017,Handsome Devil,20.30,552.00,7.10,en,Drama
09-01-2020,My Spy,20.30,890.00,6.90,en,"Family, Action, Comedy"
10-10-2018,Draug,20.29,11.00,5.30,sv,"Horror, History, Fantasy"
01-04-1977,Crime Busters,20.29,485.00,6.90,it,"Action, Comedy"
26-08-2005,The Cave,20.29,696.00,5.30,en,"Action, Adventure, Horror, Thriller"
01-12-1969,The Sicilian Clan,20.29,227.00,7.70,fr,Crime
25-08-2017,Paradox,20.29,118.00,6.50,cn,"Crime, Action, Drama"
19-01-2018,La leyenda del Charro Negro,20.29,126.00,8.00,es,Animation
06-09-2012,Anna Karenina,20.28,1950.00,6.70,en,"Drama, Romance"
19-02-2005,Wild Things: Diamonds in the Rough,20.28,95.00,4.90,en,"Crime, Drama, Mystery"
23-01-2020,Pacto de Fuga,20.28,76.00,7.70,es,"Drama, Thriller"
03-08-1990,DuckTales: The Movie - Treasure of the Lost Lamp,20.28,684.00,6.80,en,"Adventure, Animation, Family, Comedy, Fantasy"
20-01-2004,Barbershop 2: Back in Business,20.28,194.00,5.80,en,"Comedy, Drama"
15-07-2006,Pokémon Ranger and the Temple of the Sea,20.28,143.00,6.40,ja,"Family, Animation, Action, Adventure, Fantasy, Science Fiction"
29-03-1996,Stealing Beauty,20.28,413.00,6.70,en,"Drama, Romance"
22-10-2009,Dogtooth,20.27,1628.00,7.10,el,Drama
02-07-2001,Final Fantasy: The Spirits Within,20.27,1171.00,6.20,en,"Adventure, Action, Fantasy, Science Fiction, Thriller, Romance, Animation"
07-06-2018,Hotel Artemis,20.27,1224.00,6.00,en,"Thriller, Science Fiction, Action"
10-06-2016,Collide,20.27,481.00,5.50,en,"Thriller, Action"
23-12-2009,Woochi : The Demon Slayer,20.27,98.00,6.60,ko,"Adventure, Action, Comedy, Fantasy"
31-01-2003,Biker Boyz,20.27,259.00,6.10,en,"Action, Drama"
10-10-1985,Silver Bullet,20.27,392.00,6.50,en,Horror
06-11-2018,Widows,20.26,1864.00,6.50,en,"Crime, Thriller"
01-01-1969,The Curious Dr. Humpp,20.26,15.00,4.90,es,"Horror, Science Fiction"
09-09-2006,Wedding Daze,20.25,220.00,5.40,en,Comedy
09-12-2006,Smokin' Aces,20.25,1280.00,6.50,en,"Action, Comedy, Crime, Thriller"
09-02-1996,Broken Arrow,20.24,1158.00,6.00,en,Action
12-04-2007,Disturbia,20.24,2871.00,6.70,en,"Thriller, Drama, Mystery"
12-02-1931,Dracula,20.24,840.00,7.20,en,"Horror, Drama, Fantasy"
04-09-2015,Black Mass,20.24,2803.00,6.40,en,"Drama, Crime, History"
30-08-2012,The Possession,20.22,1307.00,6.00,en,"Horror, Thriller"
03-03-2006,Ultraviolet,20.22,1256.00,5.20,en,"Science Fiction, Action, Thriller"
25-06-1977,The Call of Sex,20.22,10.00,4.60,es,Thriller
21-08-2006,Tom and Jerry: Shiver Me Whiskers,20.22,102.00,6.80,en,"Family, Animation, Comedy"
06-08-2017,Mary Shelley,20.21,845.00,7.00,en,"Drama, Romance"
01-12-2006,Van Wilder 2: The Rise of Taj,20.21,316.00,5.00,en,Comedy
22-09-2005,Flightplan,20.21,2053.00,6.40,en,"Thriller, Drama, Mystery"
19-10-1966,Return of the Seven,20.20,150.00,6.10,en,Western
16-07-2010,Bereavement,20.20,127.00,5.20,en,"Crime, Horror"
27-02-2015,A la mala,20.20,174.00,7.60,es,Comedy
11-03-1975,That Malicious Age,20.20,49.00,6.60,it,Drama
25-05-1975,Monty Python and the Holy Grail,20.20,4589.00,7.80,en,"Adventure, Comedy, Fantasy"
12-05-2018,All the Devil's Men,20.20,107.00,6.00,en,Action
07-06-2019,Children of the Sea,20.19,223.00,7.20,ja,"Animation, Fantasy, Adventure, Mystery"
23-08-1991,The Death of the Incredible Hulk,20.19,57.00,5.00,en,"Action, Drama, Science Fiction, TV Movie"
06-06-2006,The Omen,20.18,809.00,5.50,en,Horror
05-05-1993,Ocean Waves,20.18,593.00,6.30,ja,"Romance, Animation, Drama"
30-01-1999,Jawbreaker,20.18,390.00,6.20,en,"Comedy, Crime"
07-04-2006,The Benchwarmers,20.18,686.00,5.80,en,Comedy
02-07-2021,"Summer of Soul (...Or, When the Revolution Could Not Be Televised)",20.18,80.00,7.80,en,"Documentary, Music"
14-09-2018,White Boy Rick,20.18,822.00,6.30,en,"Crime, Drama"
22-01-2000,Ringu 0,20.18,180.00,6.20,ja,"Horror, Thriller"
15-01-1948,The Treasure of the Sierra Madre,20.18,850.00,8.00,en,"Adventure, Drama, Western"
20-09-2013,The Art of the Steal,20.17,441.00,6.20,en,"Comedy, Crime"
10-06-2002,Wishmaster 4: The Prophecy Fulfilled,20.17,103.00,4.70,en,Horror
27-11-2007,Futurama: Bender's Big Score,20.17,499.00,7.40,en,"Animation, Comedy, Science Fiction, TV Movie"
07-06-2005,Hellraiser: Deader,20.17,214.00,4.70,en,"Horror, Mystery, Thriller"
01-05-2013,Belle,20.16,566.00,7.20,en,Drama
10-04-1981,Excalibur,20.16,727.00,7.00,en,"Adventure, Fantasy"
05-04-2007,Sunshine,20.16,2927.00,6.90,en,"Science Fiction, Thriller, Horror"
30-08-2019,Don't Let Go,20.15,226.00,6.90,en,"Science Fiction, Thriller, Mystery, Crime"
28-09-2017,Flatliners,20.15,1962.00,5.70,en,"Drama, Horror, Thriller"
22-07-2017,Magical Girl Lyrical Nanoha: Reflection,20.15,5.00,6.90,ja,"Fantasy, Animation, Action, Science Fiction"
05-04-2018,Cats,20.14,77.00,6.60,zh,"Animation, Family"
07-09-2001,Knockaround Guys,20.14,253.00,5.90,en,"Crime, Thriller"
15-04-1983,Woman with Pierced Nipples,20.14,6.00,4.70,ja,Drama
22-11-1996,Star Trek: First Contact,20.14,1366.00,7.30,en,"Science Fiction, Action, Adventure, Thriller"
16-04-2014,Transcendence,20.13,4647.00,6.00,en,"Thriller, Science Fiction, Drama, Mystery"
26-08-2016,Kids in Love,20.12,95.00,6.10,en,"Drama, Romance"
22-06-2012,Seeking a Friend for the End of the World,20.12,1665.00,6.60,en,"Comedy, Drama, Romance, Science Fiction"
01-11-2019,Arctic Dogs,20.12,97.00,6.20,en,"Animation, Adventure, Comedy"
15-12-2006,Black Christmas,20.12,389.00,5.10,en,"Horror, Thriller, Mystery"
13-10-2022,Halloween Ends,20.12,0.00,0.00,en,"Horror, Thriller"
13-11-1971,Duel,20.11,1368.00,7.40,en,"Action, Thriller, TV Movie"
14-10-2020,BLACKPINK: Light Up the Sky,20.11,400.00,8.50,ko,"Documentary, Music"
25-08-2018,Non Non Biyori: Vacation,20.10,14.00,6.20,en,"Documentary, Music"
01-08-1985,The Jewel of the Nile,20.10,856.00,6.20,en,"Adventure, Action, Comedy, Romance"
15-08-2019,Monos,20.10,281.00,6.70,es,"Drama, War"
01-01-2003,Saw,20.09,387.00,7.00,en,"Crime, Horror, Thriller"
14-09-2000,Rugrats in Paris: The Movie,20.09,381.00,6.60,en,"Family, Animation, Adventure, Comedy"
29-05-1997,An American Werewolf in Paris,20.09,507.00,5.90,en,"Horror, Comedy"
20-09-2003,Under the Tuscan Sun,20.08,652.00,6.80,en,"Romance, Comedy"
14-01-2021,The Dig,20.08,848.00,6.90,en,"Drama, History"
04-02-2011,The Roommate,20.08,752.00,5.40,en,"Thriller, Drama, Horror"
11-03-2020,Radioactive,20.08,581.00,6.60,en,"Drama, Romance, History"
21-01-2004,D.E.B.S.,20.07,403.00,6.40,en,"Action, Comedy, Romance"
11-07-2017,The Humanity Bureau,20.07,273.00,4.80,en,"Action, Science Fiction, Adventure"
15-07-1988,A Fish Called Wanda,20.07,1645.00,7.20,en,"Comedy, Crime"
15-03-2019,The Highwaymen,20.06,1581.00,6.70,en,"Crime, Drama, Thriller"
06-10-1950,All About Eve,20.06,1166.00,8.20,en,Drama
11-08-2017,Do It Like An Hombre,20.06,108.00,7.20,es,Comedy
05-02-1951,El Siete Machos,20.06,65.00,8.00,es,"Comedy, Western"
01-09-1980,Flash Gordon,20.06,691.00,6.20,en,"Science Fiction, Adventure"
15-06-2018,Set It Up,20.06,2206.00,7.00,en,"Romance, Comedy"
19-04-2018,Super Troopers 2,20.05,344.00,5.80,en,"Comedy, Crime, Mystery"
12-12-2016,Lady Macbeth,20.05,583.00,6.60,en,Drama
17-01-2022,Heatwave,20.04,2.00,5.00,en,Thriller
04-11-2019,The Aeronauts,20.04,830.00,6.80,en,"Adventure, Drama, Romance"
25-02-2016,They Call Me Jeeg,20.04,2235.00,7.50,it,"Crime, Drama, Action, Science Fiction"
29-04-1988,Critters 2,20.04,295.00,5.90,en,"Comedy, Horror, Science Fiction"
27-08-2020,Bill & Ted Face the Music,20.04,591.00,6.00,en,"Comedy, Science Fiction, Adventure"
16-01-2014,Wild,20.04,2036.00,7.00,en,Drama
24-04-1968,"Yours, Mine and Ours",20.04,97.00,6.70,en,"Comedy, Family"
14-10-1977,Emmanuelle 3,20.03,38.00,4.30,fr,"Drama, Romance"
31-01-1980,The Final Countdown,20.03,430.00,6.60,en,"War, Action, Science Fiction"
17-03-1993,Teenage Mutant Ninja Turtles III,20.03,589.00,5.40,en,"Action, Adventure, Comedy, Family, Fantasy, Science Fiction"
25-05-1979,Stalker,20.02,1503.00,8.30,ru,"Science Fiction, Drama"
25-12-2013,The 100 Year-Old Man Who Climbed Out the Window and Disappeared,20.02,764.00,6.80,sv,"Adventure, Comedy, Drama"
05-11-1993,Look Who's Talking Now!,20.02,808.00,5.40,en,"Romance, Comedy, Family"
24-03-1995,Major Payne,20.01,587.00,6.30,en,"Adventure, Comedy, Family"
29-01-2021,Five Nights at Freddy's: Home Breach,20.01,2.00,6.00,en,Horror
24-05-2019,Booksmart,20.01,1998.00,7.10,en,Comedy
04-01-2016,Standoff,20.01,254.00,6.00,en,"Thriller, Drama"
21-08-1956,War and Peace,20.01,173.00,6.60,en,"Drama, War, Romance, History"
24-11-2010,Firebreather,20.00,147.00,7.60,en,"Adventure, Fantasy, Animation, Action, Thriller, Science Fiction, Family, TV Movie"
19-12-1986,Little Shop of Horrors,20.00,1085.00,6.90,en,"Horror, Comedy"
10-10-2008,Straight from the Barrio,20.00,81.00,7.70,es,"Drama, Action, Crime"
22-08-2014,The Prince,20.00,409.00,4.90,en,"Thriller, Action"
26-02-1993,Falling Down,20.00,2819.00,7.30,en,"Crime, Drama, Thriller"
21-10-1971,Trinity Is Still My Name,19.99,685.00,7.40,it,"Comedy, Western"
17-06-1983,Superman III,19.99,1326.00,5.50,en,"Comedy, Science Fiction, Action, Adventure"
05-02-2021,The Last Paradiso,19.99,95.00,6.00,it,"Drama, Romance"
19-04-1996,The Quest,19.99,516.00,6.10,en,"Action, Adventure"
16-09-2009,Solomon Kane,19.99,1084.00,5.90,en,"Adventure, Fantasy, Action"
25-12-2019,Line of Duty,19.99,209.00,6.00,en,"Thriller, Crime"
18-01-2002,Snow Dogs,19.99,593.00,5.70,en,"Comedy, Family, Adventure"
01-03-1996,Down Periscope,19.99,316.00,6.10,en,Comedy
09-04-1996,Tremors 2: Aftershocks,19.97,704.00,6.20,en,"Action, Horror, Comedy, Science Fiction, Thriller"
06-04-2005,Sahara,19.97,1134.00,5.80,en,"Action, Adventure, Comedy, Drama, Mystery"
05-10-2018,The Night Comes for Us,19.97,488.00,6.90,id,"Action, Thriller, Crime"
01-07-2016,Marauders,19.97,481.00,5.80,en,"Action, Crime, Thriller"
27-08-1993,Needful Things,19.96,396.00,6.20,en,"Drama, Horror"
13-07-2005,Wedding Crashers,19.96,3597.00,6.50,en,"Comedy, Romance"
05-10-2015,The Great Gilly Hopkins,19.96,199.00,6.60,en,"Comedy, Drama, Family"
24-11-2010,The Nutcracker: The Untold Story,19.95,151.00,5.20,en,"Music, Fantasy, Action, Family"
07-04-2017,Orbiter 9,19.95,222.00,5.80,es,"Drama, Science Fiction, Romance"
04-09-1968,Theorem,19.94,259.00,7.10,it,"Mystery, Drama"
25-05-1960,The Time Machine,19.93,595.00,7.40,en,"Thriller, Adventure, Fantasy, Science Fiction, Romance"
21-06-1996,Eraser,19.93,1393.00,6.00,en,"Action, Drama, Mystery, Thriller"
30-09-1988,"Elvira, Mistress of the Dark",19.92,361.00,6.50,en,"Fantasy, Horror, Comedy"
04-06-2020,The Candy Witch,19.92,24.00,5.90,en,Horror
30-09-2020,American Murder: The Family Next Door,19.92,470.00,7.30,en,"Documentary, Mystery, Crime"
17-10-2000,Shriek If You Know What I Did Last Friday the Thirteenth,19.92,236.00,4.80,en,Comedy
20-11-2015,The Night Before,19.90,1382.00,6.10,en,"Comedy, Adventure, Fantasy"
25-12-2012,Parental Guidance,19.89,396.00,5.90,en,Comedy
26-12-2011,The Iron Lady,19.89,1395.00,6.40,en,"History, Drama"
08-09-2013,Oculus,19.88,2416.00,6.40,en,Horror
10-03-2022,Radhe Shyam,19.88,0.00,0.00,te,"Drama, Romance"
03-09-2018,Dragged Across Concrete,19.88,686.00,6.50,en,"Crime, Action, Thriller"
06-02-1998,The Replacement Killers,19.88,366.00,6.20,en,"Action, Drama, Crime, Thriller, Mystery"
23-12-1971,Straw Dogs,19.87,676.00,7.20,en,"Crime, Drama, Thriller"
21-09-2007,Sydney White,19.87,883.00,6.50,en,Comedy
11-05-2005,The Myth,19.87,265.00,6.30,zh,"Action, Adventure, Comedy, Drama, Fantasy"
13-12-2002,Maid in Manhattan,19.86,1569.00,6.10,en,"Comedy, Drama, Romance"
15-06-2020,Sniper: Assassin's End,19.86,102.00,6.40,en,Action
07-02-1986,Los verduleros,19.86,106.00,7.10,es,Comedy
05-03-1992,The Lawnmower Man,19.86,545.00,5.50,en,"Science Fiction, Horror"
24-12-2019,Out Of The Clear Blue Sky,19.86,284.00,8.10,es,"Comedy, Drama, Music"
02-03-2017,Commando 2 -  The Black Money Trail,19.86,28.00,5.90,hi,"Action, Thriller"
26-09-2014,Bad Country,19.86,143.00,5.60,en,"Drama, Action, Crime"
12-06-2009,The Hills Run Red,19.86,210.00,5.70,en,"Horror, Thriller, Mystery"
27-07-1978,Animal House,19.85,1180.00,7.00,en,Comedy
17-10-1990,Quigley Down Under,19.85,274.00,6.60,en,Western
03-09-2009,Gamer,19.85,1899.00,5.70,en,"Action, Thriller, Science Fiction"
24-06-2016,Swiss Army Man,19.85,2771.00,6.90,en,"Comedy, Drama, Romance, Fantasy, Adventure"
22-07-1977,Orca,19.85,289.00,6.20,en,"Adventure, Horror"
11-07-2001,Trouble Every Day,19.85,111.00,5.80,fr,"Drama, Horror, Romance"
19-10-2020,Fatman,19.84,557.00,5.50,en,"Action, Comedy, Fantasy"
09-04-2010,The Extraordinary Adventures of Adèle Blanc-Sec,19.84,1053.00,6.10,fr,"Fantasy, Adventure, Action, Mystery"
17-11-2017,Godzilla: Planet of the Monsters,19.83,355.00,6.30,ja,"Action, Adventure, Science Fiction, Animation"
18-04-2003,Basic,19.83,796.00,6.50,en,"Action, Drama, Mystery, Thriller, Crime"
18-03-2010,Repo Men,19.82,1518.00,6.30,en,"Action, Science Fiction, Thriller, Crime"
04-08-2013,Tom and Jerry's Giant Adventure,19.81,50.00,5.90,en,"Animation, Family"
26-09-2002,Sweet Home Alabama,19.81,1223.00,6.40,en,"Comedy, Romance"
08-08-2000,DragonHeart: A New Beginning,19.81,234.00,5.40,en,"Fantasy, Adventure"
16-02-1957,The Seventh Seal,19.80,2259.00,8.20,sv,"Fantasy, Drama"
06-04-2011,Scream: The Inside Story,19.80,16.00,5.90,en,Documentary
19-10-2018,Can You Ever Forgive Me?,19.80,1033.00,6.80,en,"Drama, Crime, Comedy"
18-01-2005,Tom and Jerry Blast Off to Mars!,19.80,99.00,6.60,en,"Animation, Family"
08-10-2010,It's Kind of a Funny Story,19.79,1989.00,7.00,en,"Comedy, Drama"
30-08-2002,The Magdalene Sisters,19.79,306.00,7.50,en,"Drama, History"
10-06-2011,Sleeping Beauty,19.79,477.00,5.30,en,"Drama, Romance"
11-08-2021,Hotsunlight,19.79,10.00,7.50,ru,"Drama, War, Action"
06-03-1996,Primal Fear,19.78,2426.00,7.70,en,"Crime, Drama, Mystery, Thriller"
22-01-1992,The Lover,19.78,460.00,6.80,fr,"Drama, Romance"
04-04-2009,My Girlfriend Is an Agent,19.77,74.00,6.30,ko,"Comedy, Action"
29-02-2020,Maggie Simpson in Playdate with Destiny,19.76,292.00,7.60,en,"Animation, Comedy, Family, Romance"
20-11-2020,Aztech,19.76,36.00,5.40,en,"Science Fiction, Fantasy, Horror"
15-10-1985,Miranda,19.76,59.00,5.30,it,"Comedy, Romance"
11-09-1987,Fatal Attraction,19.76,1054.00,6.80,en,"Drama, Thriller"
10-11-2004,Bridget Jones: The Edge of Reason,19.75,2320.00,6.30,en,"Comedy, Romance"
14-07-1976,The Outlaw Josey Wales,19.75,835.00,7.50,en,Western
17-09-2019,Peter's To-Do List,19.75,22.00,7.10,en,"Science Fiction, Comedy"
28-12-2016,20th Century Women,19.75,940.00,7.30,en,Drama
01-07-2017,Revolt,19.75,275.00,5.50,en,"Science Fiction, Action"
09-04-1985,Red Sonja,19.75,605.00,5.30,en,"Adventure, Fantasy, Action"
29-08-2019,Running with the Devil,19.74,186.00,5.40,en,Action
09-06-2020,40 Years of Rocky: The Birth of a Classic,19.74,38.00,7.60,en,Documentary
24-05-1991,Backdraft,19.74,1058.00,6.70,en,"Crime, Drama, Thriller"
13-05-1938,The Adventures of Robin Hood,19.74,526.00,7.50,en,"Adventure, Action, Romance"
08-04-1988,Above the Law,19.74,502.00,6.10,en,"Action, Thriller"
03-02-2012,Berserk: The Golden Age Arc I - The Egg of the King,19.74,326.00,7.30,ja,"Action, Adventure, Fantasy, Animation"
04-03-2003,Scooby-Doo! and the Legend of the Vampire,19.74,233.00,7.20,en,"Family, Animation, Comedy, Fantasy, Music, Mystery"
01-03-2006,16 Blocks,19.74,1554.00,6.40,en,"Action, Adventure, Crime, Thriller"
08-05-2014,Chef,19.74,2621.00,7.10,en,Comedy
03-06-2021,Juan Luis Guerra 4.40: Entre Mar y Palmeras,19.74,41.00,8.30,es,Music
17-07-2004,Steamboy,19.74,278.00,6.90,ja,"Animation, Fantasy, Science Fiction"
24-12-2014,Big Eyes,19.73,3022.00,7.00,en,Drama
27-03-2019,Queen of Hearts,19.73,136.00,6.70,da,Drama
08-06-2017,My Cousin Rachel,19.72,476.00,5.70,en,"Drama, Romance"
27-01-2006,Alpha Dog,19.72,1096.00,6.60,en,"Crime, Drama, Thriller"
18-12-2020,Sky High,19.72,146.00,6.30,es,"Action, Drama, Thriller"
16-11-2018,Crazy About Work,19.72,93.00,7.60,es,Comedy
14-03-2014,Under the Skin,19.72,2736.00,6.10,en,"Thriller, Science Fiction, Drama"
17-11-1988,Cinema Paradiso,19.72,3259.00,8.50,it,"Drama, Romance"
24-07-1987,La Bamba,19.72,530.00,7.20,en,"Drama, Music"
17-01-2008,Mad Money,19.72,530.00,6.40,en,"Action, Comedy, Crime"
21-12-2005,Fun with Dick and Jane,19.71,1910.00,6.20,en,Comedy
07-07-1983,Winners & Sinners,19.71,131.00,6.80,cn,"Action, Adventure, Comedy, Crime"
10-12-1993,Wayne's World 2,19.71,788.00,6.10,en,"Comedy, Music"
28-06-2002,Mr. Deeds,19.70,1775.00,5.80,en,"Comedy, Romance"
26-08-2010,Takers,19.70,998.00,6.20,en,"Action, Crime, Drama, Thriller"
08-07-2008,Meet Dave,19.69,1118.00,5.30,en,"Comedy, Science Fiction, Adventure, Family"
06-08-2008,Pineapple Express,19.69,3001.00,6.60,en,"Action, Comedy, Crime"
07-04-2009,Scooby-Doo! and the Samurai Sword,19.69,198.00,7.90,en,"Family, Mystery, Animation, Comedy, Action, Fantasy"
12-08-2016,Amateur Night,19.69,153.00,5.50,en,Comedy
19-12-1979,Kramer vs. Kramer,19.69,1708.00,7.60,en,Drama
12-07-2018,The Mermaid: Lake of the Dead,19.68,258.00,6.20,ru,"Horror, Fantasy, Romance"
06-09-2016,Mostly Ghostly 3: One Night in Doom House,19.68,49.00,6.10,en,"Family, Fantasy, Horror"
29-12-2003,Tokyo Godfathers,19.68,783.00,7.90,ja,"Animation, Drama"
19-12-1978,Invasion of the Body Snatchers,19.68,738.00,7.20,en,"Horror, Mystery, Science Fiction"
03-07-2012,Mac & Devin Go to High School,19.67,326.00,6.30,en,Comedy
19-04-1996,The Substitute,19.67,282.00,6.60,en,"Action, Thriller"
25-12-2017,The 12th Man,19.67,379.00,7.30,no,"War, Drama"
03-04-1958,"The Long, Hot Summer",19.67,144.00,7.10,en,"Drama, Romance"
15-10-2019,The Viking War,19.67,28.00,5.50,en,"History, Fantasy, Drama"
01-07-2016,Bounty Hunters,19.67,40.00,7.20,zh,"Action, Adventure, Comedy, Drama"
20-07-2017,Amityville: The Awakening,19.67,859.00,5.40,en,"Thriller, Horror"
25-12-2018,Vice,19.66,2699.00,7.10,en,"Drama, History, Comedy"
15-09-2006,Gridiron Gang,19.66,752.00,7.00,en,"Drama, Action, Crime"
09-08-2016,Scooby-Doo! and WWE: Curse of the Speed Demon,19.66,139.00,7.80,en,"Family, Animation, Comedy, Mystery"
06-10-2011,The 33D Invader,19.66,14.00,4.90,zh,"Comedy, Science Fiction"
08-11-2013,The Book Thief,19.65,3768.00,7.50,en,Drama
14-03-1986,Crossroads,19.65,296.00,7.30,en,"Drama, Music, Mystery, Romance"
23-11-2016,Dear Zindagi,19.65,176.00,7.10,hi,"Drama, Romance"
18-01-1991,White Fang,19.65,480.00,6.70,en,"Action, Adventure, Drama, Family"
11-11-1994,The Santa Clause,19.65,1547.00,6.40,en,"Fantasy, Drama, Comedy, Family"
01-10-1962,How the West Was Won,19.65,309.00,7.10,en,Western
11-08-2000,The Replacements,19.65,726.00,6.60,en,Comedy
26-07-2017,The Jungle Bunch,19.64,109.00,6.30,fr,"Adventure, Comedy, Family, Animation"
21-06-1985,Cocoon,19.64,966.00,6.60,en,"Comedy, Drama, Science Fiction"
12-01-2019,Fate/stay night: Heaven's Feel II. Lost Butterfly,19.64,163.00,6.70,ja,"Animation, Action, Fantasy, Drama, Romance"
22-01-2016,Exposed,19.64,401.00,4.90,en,"Drama, Crime, Thriller, Mystery"
01-05-1961,The Curse of the Werewolf,19.64,116.00,6.50,en,Horror
21-10-2021,The Electrical Life of Louis Wain,19.64,190.00,7.10,en,"Drama, History"
06-03-1999,Digimon Adventure,19.64,58.00,7.50,ja,"Animation, Adventure"
13-10-1994,From Beijing with Love,19.64,94.00,6.80,cn,"Action, Comedy"
14-09-2007,Eastern Promises,19.63,2520.00,7.40,en,"Thriller, Crime, Mystery"
06-10-2017,The Florida Project,19.63,2144.00,7.40,en,Drama
26-12-1957,Wild Strawberries,19.63,1208.00,8.10,sv,Drama
21-05-2018,The Jurassic Games,19.63,125.00,4.60,en,Science Fiction
08-12-1966,La Grande Vadrouille,19.63,1010.00,7.90,fr,"Comedy, War"
30-12-2008,A Frozen Flower,19.62,95.00,6.90,ko,Drama
07-08-2020,Work It,19.62,962.00,7.70,en,"Comedy, Music"
21-10-2004,Chestnut: Hero of Central Park,19.61,133.00,7.00,en,"Family, Comedy"
18-12-1985,The Color Purple,19.61,1301.00,7.80,en,Drama
14-01-2021,Music,19.61,94.00,5.70,en,"Music, Drama"
15-05-2016,The Nice Guys,19.61,6320.00,7.10,en,"Comedy, Crime, Action"
13-06-2012,Rock of Ages,19.61,1035.00,6.20,en,"Comedy, Drama, Music, Romance"
10-12-2001,Ali,19.61,1327.00,6.80,en,Drama
25-09-1998,Ronin,19.60,1785.00,6.90,en,"Action, Thriller, Crime, Adventure"
03-04-2019,Astro Kid,19.60,147.00,7.20,fr,"Animation, Comedy, Adventure, Family"
24-03-2017,Red Nose Day Actually,19.60,217.00,7.20,en,"TV Movie, Comedy, Romance"
28-06-2017,Faces Places,19.60,301.00,7.70,fr,Documentary
12-12-1997,Brother,19.59,258.00,7.60,ru,"Drama, Crime, Music"
18-08-2003,George of the Jungle 2,19.59,386.00,4.40,en,"Adventure, Comedy, Family"
25-01-2020,Timmy Failure: Mistakes Were Made,19.59,133.00,6.20,en,"Family, Mystery, Comedy, Fantasy"
12-08-2021,Monster Hunter: Legends of the Guild,19.59,52.00,5.90,en,"Animation, Adventure, Action, Fantasy"
29-06-2000,The Perfect Storm,19.59,1734.00,6.40,en,"Action, Adventure, Drama, Thriller"
06-12-2011,Lemonade Mouth,19.59,898.00,7.40,en,"Drama, Comedy, TV Movie"
16-03-2017,Vengeance: A Love Story,19.59,224.00,5.60,en,"Thriller, Drama"
08-05-2020,The Legion,19.58,82.00,6.30,en,"Adventure, History, Action"
14-10-2016,Priceless,19.58,155.00,7.20,en,"Drama, Romance, Crime"
23-01-2015,Strange Magic,19.58,338.00,7.10,en,"Music, Animation, Family, Fantasy"
24-03-2006,Stay Alive,19.58,566.00,5.80,en,"Horror, Thriller"
25-01-2002,Kung Pow: Enter the Fist,19.58,458.00,6.30,en,"Comedy, Action"
10-12-2009,Invictus,19.57,3423.00,7.20,en,"Drama, History"
05-03-2004,Starsky & Hutch,19.57,1822.00,5.80,en,"Comedy, Crime"
14-01-2016,Norm of the North,19.56,281.00,4.70,en,"Adventure, Animation, Comedy, Family"
19-10-1983,Mickey's Christmas Carol,19.56,709.00,7.70,en,"Family, Animation"
29-11-2018,An Ordinary Man,19.55,104.00,6.40,en,"Action, Drama, War"
02-03-2015,Monster High: Haunted,19.55,132.00,7.30,en,"Animation, Family, Fantasy"
02-02-2018,The 15:17 to Paris,19.55,1385.00,5.40,en,"Thriller, History, Drama"
02-10-2020,Possessor Uncut,19.55,455.00,6.40,en,"Horror, Thriller, Science Fiction"
14-06-2002,Windtalkers,19.55,968.00,6.20,en,"War, Drama, Action, History"
22-11-2006,Tenacious D in The Pick of Destiny,19.55,1244.00,6.70,en,"Comedy, Music"
03-07-2020,Hamilton,19.55,916.00,8.40,en,"History, Drama"
02-09-2016,White Girl,19.55,382.00,5.70,en,Drama
25-06-1999,Big Daddy,19.54,2617.00,6.40,en,"Comedy, Drama"
19-07-2008,Starship Troopers 3: Marauder,19.54,364.00,4.70,en,"Adventure, Science Fiction, Action"
06-11-2018,The Front Runner,19.54,285.00,5.90,en,"Drama, History"
29-06-2012,Madea's Witness Protection,19.54,146.00,6.10,en,"Drama, Comedy, Crime"
06-03-2020,First Cow,19.54,264.00,7.00,en,"Drama, Western"
01-03-1945,The Picture of Dorian Gray,19.53,184.00,7.10,en,"Drama, Fantasy, Thriller, Horror"
11-08-2006,Zoom,19.53,486.00,5.40,en,"Family, Comedy, Adventure, Action, Science Fiction"
13-09-2019,Haunt,19.52,766.00,6.70,en,"Horror, Thriller"
06-03-1987,Angel Heart,19.52,1096.00,7.10,en,"Horror, Mystery"
30-11-2016,Rocco,19.52,141.00,5.60,fr,Documentary
09-05-2018,Luis and the Aliens,19.52,133.00,6.40,de,"Animation, Family"
04-11-2005,My Brother's Wife,19.51,97.00,6.30,es,"Romance, Drama"
31-01-2020,The Rhythm Section,19.51,461.00,5.60,en,"Action, Thriller"
09-10-2015,The Exorcism of Molly Hartley,19.51,179.00,5.10,en,Horror
14-02-2012,About Cherry,19.51,222.00,4.50,en,Drama
18-02-2014,Pompeii,19.51,2782.00,5.50,en,"Action, Adventure, History, Romance, Drama"
12-06-2012,Superman vs. The Elite,19.51,287.00,6.90,en,"Science Fiction, Animation, Action"
20-04-2004,Starship Troopers 2: Hero of the Federation,19.50,416.00,4.20,en,"Adventure, Horror, Action, Science Fiction"
09-02-1980,The Young Master,19.50,143.00,6.80,cn,"Action, Comedy"
24-09-1986,The Name of the Rose,19.50,2359.00,7.40,en,"Drama, Thriller, Mystery"
20-02-1985,Brazil,19.49,2599.00,7.70,en,"Comedy, Science Fiction"
19-11-2021,Love Me Instead,19.49,37.00,6.70,tr,Drama
11-01-2020,Spycies,19.49,169.00,7.60,fr,"Animation, Comedy, Action, Adventure, Family"
04-03-2008,Pistol Whipped,19.49,99.00,5.50,en,"Action, Thriller, Crime, Drama"
25-07-2021,The Legacy of Chucky,19.48,8.00,7.10,en,"Horror, Documentary"
01-01-1993,Once Upon a Time in China III,19.48,134.00,6.40,cn,Action
12-10-2012,Grave Encounters 2,19.48,701.00,5.50,en,Horror
15-01-1997,Lost Highway,19.48,1897.00,7.60,en,"Drama, Thriller, Mystery"
22-08-2008,The House Bunny,19.48,1587.00,5.70,en,"Romance, Comedy"
19-12-2019,Ip Man 4: The Finale,19.48,1524.00,7.30,cn,"Action, Drama, History"
23-04-2020,Toxic,19.47,30.00,7.00,es,"Thriller, Science Fiction"
28-01-1944,Lifeboat,19.47,310.00,7.40,en,War
27-07-1990,Problem Child,19.47,611.00,6.00,en,Comedy
17-01-1986,The Hitcher,19.47,613.00,7.00,en,"Horror, Action, Thriller"
18-04-2013,Adult World,19.47,313.00,6.10,en,Comedy
02-12-1992,Damage,19.47,293.00,6.60,en,"Drama, Romance"
04-10-1985,Demons,19.46,393.00,6.60,it,Horror
11-09-2015,12 Rounds 3: Lockdown,19.46,139.00,5.80,en,"Action, Thriller, Crime"
06-06-2013,Zombie Massacre,19.46,92.00,5.10,en,"Action, Horror"
19-07-1991,Omen IV: The Awakening,19.45,155.00,5.20,en,"Horror, TV Movie"
21-10-1964,My Fair Lady,19.44,985.00,7.60,en,"Romance, Drama"
11-08-2009,Road Trip: Beer Pong,19.44,161.00,5.40,en,Comedy
27-07-2006,Mater and the Ghostlight,19.44,329.00,6.20,en,"Animation, Family"
07-11-1998,Sex and Zen III,19.44,9.00,6.30,cn,"Comedy, Romance, Drama, Adventure"
11-12-1988,Rain Man,19.43,4999.00,7.80,en,Drama
02-12-2021,The Pilot. A Battle for Survival,19.43,18.00,7.60,ru,"War, Drama, History"
28-03-2019,Hacker,19.43,87.00,6.70,da,"Action, Family"
24-05-1994,Beverly Hills Cop III,19.43,1338.00,5.90,en,"Action, Comedy, Crime"
13-12-1973,Papillon,19.43,1441.00,7.90,en,"Crime, Drama"
10-01-2019,The Upside,19.42,933.00,7.10,en,"Comedy, Drama"
23-03-2001,Heartbreakers,19.42,709.00,6.00,en,"Comedy, Romance, Crime"
01-10-2009,The Imaginarium of Doctor Parnassus,19.42,2298.00,6.40,en,"Adventure, Fantasy, Mystery"
07-06-1991,City Slickers,19.41,582.00,6.40,en,"Comedy, Western"
13-03-2013,Crush,19.41,256.00,5.90,en,Thriller
08-06-2016,The Neon Demon,19.41,3185.00,6.50,en,"Thriller, Horror, Drama"
15-04-2010,Death at a Funeral,19.40,744.00,5.80,en,Comedy
30-11-2006,The Nativity Story,19.40,163.00,6.90,en,"Drama, History"
07-10-1994,The Specialist,19.40,975.00,5.80,en,"Action, Thriller"
01-02-2005,Imagine Me & You,19.40,787.00,7.60,en,"Drama, Comedy, Romance"
03-03-2016,A Conspiracy of Faith,19.40,420.00,7.00,da,"Crime, Drama, Mystery, Thriller"
05-04-2006,Asterix and the Vikings,19.40,550.00,6.10,fr,"Family, Animation, Comedy, Adventure"
28-07-1994,The Bodyguard from Beijing,19.40,77.00,6.60,cn,"Drama, Action, Thriller"
11-11-2016,Raw,19.39,2525.00,7.10,fr,"Drama, Horror"
05-11-2021,We Couldn't Become Adults,19.38,9.00,6.20,ja,"Drama, Romance"
18-04-2013,The Numbers Station,19.38,452.00,5.50,en,"Action, Thriller"
09-06-2012,Radio Rebel,19.38,731.00,6.20,en,"Comedy, Drama, Family, TV Movie"
12-12-2018,"Remi, Nobody's Boy",19.38,329.00,8.00,fr,"Adventure, Family, Drama"
17-08-2001,Rat Race,19.37,1389.00,6.20,en,"Adventure, Comedy"
08-10-2014,"Alexander and the Terrible, Horrible, No Good, Very Bad Day",19.37,1129.00,6.20,en,"Family, Comedy"
18-06-2018,Real Girl,19.37,6.00,6.30,ja,Romance
15-04-1983,Lone Wolf McQuade,19.37,243.00,6.60,en,"Action, Western, Crime"
27-10-1979,Star of David: Beauty Hunting,19.37,19.00,6.10,ja,"Horror, Thriller"
14-03-2020,They Reach,19.37,55.00,7.70,en,"Adventure, Horror"
16-11-1973,Three Wishes for Cinderella,19.36,255.00,7.60,cs,"Fantasy, Family, Romance"
19-05-2009,Mega Shark vs. Giant Octopus,19.36,186.00,3.90,en,"Horror, Science Fiction"
10-03-2022,A Ballad of Saints and Sinners,19.36,0.00,0.00,en,"Horror, Romance, Thriller"
13-03-2020,Minamata,19.35,119.00,6.90,en,"Drama, History"
26-06-2020,Capone,19.35,240.00,5.00,en,"Crime, Drama"
28-08-2014,Wolves,19.34,228.00,6.00,en,"Horror, Action"
17-08-1984,Sheena,19.34,105.00,5.80,en,"Action, Adventure, Comedy, Fantasy, Science Fiction"
13-09-1996,Maximum Risk,19.34,351.00,5.60,en,"Action, Thriller"
01-01-2009,Cristiano de la Secreta,19.34,31.00,7.00,es,Comedy
22-01-2001,Vanilla Sky,19.34,3198.00,6.80,en,"Romance, Science Fiction, Fantasy, Thriller"
06-08-2006,Snakes on a Plane,19.34,1353.00,5.30,en,"Action, Crime, Thriller, Horror"
06-10-2018,No Escape Room,19.34,149.00,6.30,en,"Horror, Thriller, Mystery"
14-02-2008,The Chaser,19.33,892.00,7.80,ko,"Crime, Drama, Thriller"
27-09-2018,Hell Fest,19.33,646.00,5.70,en,Horror
27-04-2012,The Five-Year Engagement,19.33,1113.00,5.80,en,"Comedy, Romance"
28-05-1992,Sister Act,19.32,2547.00,6.80,en,"Music, Comedy"
27-09-2018,I Still See You,19.31,491.00,6.70,en,"Thriller, Fantasy"
16-12-1977,Saturday Night Fever,19.31,1511.00,6.70,en,"Drama, Music"
18-07-1960,13 Ghosts,19.31,95.00,5.80,en,Horror
28-09-2001,Zoolander,19.31,3441.00,6.20,en,Comedy
12-10-2007,Lars and the Real Girl,19.31,1363.00,7.10,en,"Comedy, Drama, Romance"
19-02-2020,The Night Clerk,19.31,420.00,6.10,en,"Thriller, Crime, Drama"
24-05-2019,Young Sister-in-law 3,19.30,4.00,6.50,ko,Romance
29-08-2018,Kin,19.30,666.00,6.20,en,"Science Fiction, Action"
28-03-2003,The Core,19.30,1376.00,5.70,en,"Action, Thriller, Adventure, Science Fiction"
20-09-2019,In the Tall Grass,19.30,1664.00,5.50,en,"Horror, Drama, Thriller"
28-10-2017,Harry Potter: A History Of Magic,19.30,35.00,7.00,en,Documentary
03-02-1993,Homeward Bound: The Incredible Journey,19.30,794.00,6.90,en,"Adventure, Comedy, Drama, Family"
16-09-2021,Je suis Karl,19.29,20.00,5.60,de,Drama
21-03-2014,Finding Vivian Maier,19.29,241.00,7.70,en,Documentary
10-06-2004,The Stepford Wives,19.29,1058.00,5.70,en,"Comedy, Science Fiction, Horror, Thriller"
13-08-1992,Braindead,19.29,1197.00,7.40,en,"Horror, Comedy"
16-09-2021,Chilangolandia,19.28,70.00,7.10,es,Comedy
19-11-2001,The Matrix Revisited,19.28,154.00,6.90,en,Documentary
22-08-2014,The Possession of Michael King,19.28,292.00,6.00,en,Horror
25-05-2018,Ibiza,19.28,1067.00,5.80,en,"Comedy, Romance"
09-02-2012,Safe House,19.28,2917.00,6.40,en,"Action, Thriller"
05-11-2021,Love Hard,19.28,1001.00,7.10,en,"Comedy, Romance"
30-08-2019,The Informer,19.28,557.00,6.50,en,"Drama, Crime, Thriller"
26-09-2008,Passengers,19.28,676.00,6.10,en,"Drama, Mystery, Thriller, Romance"
26-10-2005,Match Point,19.27,3341.00,7.30,en,"Drama, Thriller, Crime, Romance"
09-09-2009,Dorian Gray,19.27,1778.00,6.00,en,"Fantasy, Drama, Thriller"
23-04-2019,I Spit on Your Grave: Déjà Vu,19.27,66.00,2.90,en,"Horror, Thriller"
12-01-2000,Next Friday,19.27,427.00,6.40,en,Comedy
03-07-2015,Little Witch Academia: The Enchanted Parade,19.27,76.00,7.30,ja,"Action, Animation, Fantasy, Comedy"
14-08-2014,Jarhead 2: Field of Fire,19.27,215.00,6.40,en,"War, Action"
21-07-2000,What Lies Beneath,19.27,1414.00,6.40,en,"Drama, Horror, Mystery, Thriller"
07-12-1982,48 Hrs.,19.27,1094.00,6.70,en,"Thriller, Action, Comedy, Crime, Drama"
02-04-2009,Blood: The Last Vampire,19.26,275.00,5.70,en,"Action, Adventure, Horror, Science Fiction, Thriller"
27-02-2018,Primal Rage,19.26,91.00,5.40,en,Horror
09-05-1986,Short Circuit,19.26,1135.00,6.60,en,"Comedy, Family, Science Fiction"
30-09-2016,The Midnight Man,19.26,349.00,5.70,en,Horror
15-11-2014,Expelled from Paradise,19.25,54.00,6.50,ja,"Action, Animation, Science Fiction"
20-05-2005,Dominion: Prequel to The Exorcist,19.25,241.00,5.30,en,"Horror, Drama"
01-02-1977,Suspiria,19.25,2216.00,7.50,it,Horror
24-04-2008,Deception,19.25,516.00,5.90,en,Thriller
02-06-2005,Cinderella Man,19.25,1728.00,7.50,en,"Romance, Drama, History"
20-08-2020,Rogue,19.24,548.00,5.60,en,"Action, Adventure"
12-12-2003,Infernal Affairs III,19.24,194.00,6.90,zh,"Crime, Drama, Action"
20-08-2004,Exorcist: The Beginning,19.24,578.00,5.30,en,"Horror, Mystery, Thriller"
01-10-2002,The Crime of Padre Amaro,19.24,200.00,6.50,es,"Drama, Romance"
25-12-2015,Palm Trees in the Snow,19.23,462.00,7.40,es,"Drama, History, Romance"
17-12-1999,Fantasia 2000,19.23,1009.00,7.00,en,"Animation, Family, Music"
11-09-2005,Revolver,19.23,1022.00,6.40,en,"Drama, Thriller, Crime, Mystery"
01-03-2016,Weaponized,19.23,28.00,3.80,en,"Thriller, Action, Science Fiction"
02-10-2013,Hope,19.23,324.00,8.50,ko,Drama
09-03-2018,Tomb Invader,19.22,46.00,4.20,en,"Action, Adventure, TV Movie"
16-09-2011,Tinker Tailor Soldier Spy,19.22,2069.00,6.60,en,"Drama, Thriller, Mystery"
14-08-1975,The Rocky Horror Picture Show,19.22,2191.00,7.50,en,"Comedy, Science Fiction, Fantasy, Horror"
18-11-2001,Spy Game,19.22,1617.00,6.90,en,"Action, Crime, Thriller"
11-09-2020,The Stranger by the Shore,19.22,38.00,7.50,ja,"Animation, Romance, Drama"
24-02-2022,Studio 666,19.22,6.00,6.60,en,"Horror, Comedy, Music"
12-04-1972,Fritz the Cat,19.22,227.00,6.10,en,"Animation, Comedy, Drama"
27-08-2021,Edge of the World,19.21,30.00,5.70,en,"Adventure, Drama, History"
10-03-2022,The Girl From the Other Side,19.21,0.00,0.00,ja,"Animation, Drama, Mystery, Fantasy"
28-08-2019,Travis Scott: Look Mom I Can Fly,19.21,175.00,7.00,en,"Documentary, Music"
23-05-2003,The Ghost of Lord Farquaad,19.21,189.00,5.90,en,"Fantasy, Animation, Comedy, Family, Adventure"
03-10-2000,Scooby-Doo and the Alien Invaders,19.20,269.00,7.10,en,"Animation, Family, Comedy, Mystery, Science Fiction, Adventure, Fantasy"
01-01-1970,Kelly's Heroes,19.20,524.00,7.40,en,"Adventure, Comedy, War"
27-11-1991,My Girl,19.20,1639.00,7.40,en,"Comedy, Drama"
01-06-2006,The Break-Up,19.20,2224.00,5.80,en,"Romance, Comedy"
24-01-2019,The Final Wish,19.20,107.00,5.20,en,Horror
27-09-2012,Upside Down,19.19,2146.00,6.20,en,"Romance, Science Fiction, Drama, Fantasy"
10-05-2018,Terminal,19.19,622.00,5.50,en,"Crime, Drama, Thriller"
12-02-2014,Dead Snow 2: Red vs. Dead,19.18,476.00,6.60,no,"Horror, Action, Comedy"
30-10-2019,Into the Labyrinth,19.18,357.00,6.40,it,"Thriller, Mystery"
08-07-2020,The Secret Garden,19.18,451.00,6.40,en,"Family, Fantasy, Drama"
18-11-2005,SPL: Kill Zone,19.18,210.00,6.90,zh,"Action, Crime, Drama, Thriller"
12-12-2000,The Family Man,19.18,1500.00,6.70,en,"Comedy, Drama, Romance, Fantasy"
15-08-1997,Cop Land,19.17,1127.00,6.80,en,"Action, Crime, Drama"
04-08-1995,Bushwhacked,19.17,93.00,5.30,en,"Adventure, Family, Comedy"
24-12-2020,The Yin-Yang Master: Dream of Eternity,19.17,116.00,7.70,zh,"Action, Drama, Fantasy, Mystery, Science Fiction"
29-04-2016,The Trust,19.17,365.00,5.00,en,"Crime, Thriller"
31-12-2013,Force of Execution,19.17,63.00,4.80,en,"Action, Crime"
29-11-2013,Ghost in the Shell Arise - Border 2: Ghost Whispers,19.17,97.00,7.10,ja,"Action, Animation, Science Fiction, Thriller"
03-07-1991,Problem Child 2,19.16,459.00,5.90,en,Comedy
07-12-1983,Sudden Impact,19.16,639.00,6.50,en,"Crime, Action, Thriller"
03-02-2016,Gold,19.16,1307.00,6.60,en,"Adventure, Drama, Thriller"
11-06-1958,The Vikings,19.16,220.00,7.10,en,"Action, Adventure, History"
10-12-2004,The Life Aquatic with Steve Zissou,19.15,2199.00,7.20,en,"Adventure, Comedy, Drama"
05-08-1997,Pooh's Grand Adventure: The Search for Christopher Robin,19.15,262.00,7.10,en,"Animation, Family, Adventure"
13-09-2020,The Water Man,19.14,188.00,6.30,en,Adventure
29-05-2015,Aloha,19.14,1733.00,5.50,en,"Drama, Comedy, Romance"
12-10-2017,The Snowman,19.14,1859.00,5.20,en,"Crime, Thriller, Horror"
03-02-2012,The Woman in Black,19.14,2961.00,6.10,en,"Drama, Horror, Thriller"
31-08-2021,Untold: Crimes & Penalties,19.13,19.00,6.80,en,"Documentary, Crime"
24-05-2001,Moulin Rouge!,19.13,3752.00,7.60,en,"Drama, Romance, Music"
12-03-2016,Brimstone,19.13,834.00,7.10,en,"Western, Mystery, Thriller, Drama"
20-09-2018,Golden Job,19.13,59.00,6.40,cn,"Action, Adventure, Crime"
20-11-1987,Teen Wolf Too,19.13,145.00,4.10,en,"Comedy, Fantasy, Family"
26-05-1999,Ms. Kristina Moran: Ang Babaeng Palaban,19.13,0.00,0.00,tl,"Comedy, Romance"
14-11-2018,Alien Overlords,19.12,10.00,4.10,en,"Action, Science Fiction, Drama, Horror"
11-10-2012,Here Comes the Boom,19.12,1188.00,6.20,en,"Comedy, Action"
16-11-1984,Missing in Action,19.12,342.00,5.70,en,"Action, Adventure, Thriller, War"
17-10-2009,The Men Who Stare at Goats,19.12,1806.00,6.00,en,"Comedy, War"
15-05-1973,The Day of the Jackal,19.12,391.00,7.60,en,"Action, Thriller"
23-07-2021,Joe Bell,19.12,58.00,5.80,en,"Drama, Adventure"
03-06-1992,Twin Peaks: Fire Walk with Me,19.12,1444.00,7.30,en,"Drama, Mystery, Horror"
05-02-2010,The Disappearance of Haruhi Suzumiya,19.11,157.00,7.70,ja,"Comedy, Science Fiction, Mystery, Animation, Drama"
16-03-2010,The Bounty Hunter,19.11,2363.00,5.80,en,"Comedy, Action, Drama"
28-09-2000,Billy Elliot,19.10,3152.00,7.60,en,"Drama, Comedy, Music"
05-10-2007,The Heartbreak Kid,19.10,1292.00,5.70,en,"Comedy, Romance"
24-05-2002,Insomnia,19.10,3670.00,6.90,en,"Crime, Mystery, Thriller"
11-09-1998,Rounders,19.09,1330.00,7.00,en,"Drama, Crime"
02-03-2018,Benji,19.09,243.00,7.00,en,"Crime, Drama"
22-10-2001,K-PAX,19.09,1831.00,7.20,en,"Science Fiction, Drama"
09-10-2014,Trash,19.09,501.00,7.10,pt,"Adventure, Crime, Drama, Thriller"
18-02-2004,Crimson Rivers II: Angels of the Apocalypse,19.09,552.00,6.10,fr,"Action, Thriller, Crime"
06-04-2001,Along Came a Spider,19.09,1406.00,6.30,en,"Crime, Mystery, Thriller, Action"
02-11-2006,Superman II: The Richard Donner Cut,19.08,174.00,7.50,en,"Science Fiction, Action, Adventure"
22-03-2019,Pain and Glory,19.08,1438.00,7.50,es,Drama
29-06-2013,Puppylove,19.08,24.00,5.80,fr,"Romance, Drama"
23-08-2011,Tom and Jerry & The Wizard of Oz,19.08,75.00,6.00,en,"Family, Animation, Comedy, Fantasy"
09-01-2015,The Scorpion King 4: Quest for Power,19.07,157.00,5.10,en,"Action, Adventure, Fantasy"
04-04-1976,All the President's Men,19.07,1366.00,7.70,en,"Drama, History, Mystery, Thriller"
30-03-2012,StreetDance 2,19.07,327.00,6.10,en,"Music, Romance, Drama"
12-10-2012,Seven Psychopaths,19.07,3121.00,6.80,en,"Comedy, Crime"
29-07-2006,Tales from Earthsea,19.06,1012.00,6.60,ja,"Animation, Fantasy, Adventure"
07-02-1987,Law of Desire,19.06,192.00,7.30,es,"Comedy, Drama, Thriller"
02-10-2018,Prospect,19.06,552.00,6.10,en,Science Fiction
17-12-2004,Flight of the Phoenix,19.06,674.00,6.00,en,"Action, Adventure, Drama, Thriller"
25-05-2018,Downrange,19.06,229.00,5.80,en,"Thriller, Horror"
29-08-2013,One Direction: This Is Us,19.05,885.00,8.50,en,"Documentary, Music"
30-08-2019,The Fanatic,19.05,200.00,4.50,en,"Crime, Thriller"
24-11-2004,Christmas with the Kranks,19.05,848.00,6.10,en,"Comedy, Family"
11-02-1998,Batman & Mr. Freeze: SubZero,19.05,314.00,7.00,en,"Animation, Action, Crime, Family"
16-06-2011,Quarantine 2: Terminal,19.05,430.00,5.70,en,"Horror, Mystery, Science Fiction"
31-12-1999,The Virgin Suicides,19.04,2435.00,7.10,en,"Drama, Romance"
12-05-2015,Batman Unlimited: Animal Instincts,19.04,119.00,5.70,en,"Action, Animation, Family"
17-10-2014,Extraterrestrial,19.04,393.00,5.50,en,"Horror, Science Fiction"
16-04-1999,All About My Mother,19.04,1409.00,7.70,es,"Comedy, Drama"
25-04-2015,Beyond the Boundary: I'll Be Here – Future,19.04,62.00,7.50,ja,"Animation, Action, Fantasy, Drama, Comedy"
04-12-2009,Armored,19.04,512.00,5.70,en,"Action, Crime, Drama, Thriller, Mystery"
09-09-2021,The Women and the Murderer,19.04,18.00,6.00,fr,"Documentary, Crime"
29-09-2020,Welcome to Sudden Death,19.04,231.00,6.30,en,Action
09-10-2013,Blue Is the Warmest Color,19.04,3787.00,7.10,fr,"Romance, Drama"
11-08-1989,A Nightmare on Elm Street: The Dream Child,19.03,901.00,5.40,en,"Horror, Thriller"
08-02-2022,Miss Willoughby and the Haunted Bookshop,19.03,5.00,4.40,en,"Mystery, Crime"
15-06-1973,Battle for the Planet of the Apes,19.03,648.00,5.70,en,"Action, Science Fiction"
29-10-1946,Beauty and the Beast,19.02,449.00,7.50,fr,"Drama, Fantasy, Romance"
10-12-2015,Heidi,19.02,316.00,7.10,de,"Adventure, Family"
02-04-1981,Christiane F.,19.02,1019.00,7.30,de,Drama
08-10-2013,Beneath,19.02,119.00,5.40,en,Horror
21-08-2014,Wild Tales,19.02,2574.00,7.80,es,"Drama, Thriller, Comedy"
25-10-2018,The Girl in the Spider's Web,19.01,1069.00,6.10,en,"Action, Crime, Thriller, Drama"
02-03-1976,Salon Kitty,19.01,84.00,5.40,it,"Drama, War"
26-02-1998,You've Got Mail,19.01,2597.00,6.60,en,"Comedy, Romance"
06-10-2014,Monster High: Freaky Fusion,19.01,82.00,7.70,en,Animation
01-01-1993,Farewell My Concubine,19.01,353.00,7.90,zh,Drama
25-12-1973,The Sting,19.01,1932.00,8.00,en,"Comedy, Crime, Drama"
02-10-1980,The Elephant Man,19.01,2605.00,8.10,en,"Drama, History"
25-09-1962,The Longest Day,19.00,721.00,7.60,en,War
27-12-1991,Fried Green Tomatoes,18.99,1033.00,7.70,en,"Drama, Comedy"
09-10-1992,A River Runs Through It,18.99,783.00,7.10,en,"Drama, Family"
09-05-2018,Sorry Angel,18.99,180.00,6.90,fr,Drama
23-07-1993,Coneheads,18.99,710.00,5.30,en,"Comedy, Science Fiction, Family"
05-04-2007,The Reaping,18.99,636.00,5.70,en,Horror
14-11-2003,Master and Commander: The Far Side of the World,18.99,2408.00,7.10,en,"Adventure, Drama, War"
27-02-2015,After the Ball,18.99,232.00,6.40,en,Comedy
27-12-2017,1987: When the Day Comes,18.98,95.00,8.00,ko,"Drama, History, Thriller"
16-04-1999,The Thirteenth Floor,18.98,980.00,7.00,en,"Thriller, Science Fiction, Mystery"
11-05-2008,Never Cry Werewolf,18.97,73.00,5.70,en,Horror
17-07-1999,My Neighbors the Yamadas,18.97,353.00,6.90,ja,"Animation, Family"
17-11-2001,Frailty,18.97,879.00,7.00,en,"Drama, Thriller, Crime"
23-10-2015,Bone Tomahawk,18.97,1601.00,6.80,en,"Western, Horror"
20-06-2008,Camp Rock,18.96,1832.00,6.40,en,"Family, Music, Comedy, Drama, TV Movie, Romance"
04-02-2014,Marvel One-Shot: All Hail the King,18.96,338.00,6.90,en,"Action, Comedy, Fantasy, Thriller"
17-11-2000,The 6th Day,18.96,1573.00,5.90,en,"Science Fiction, Mystery, Action"
16-10-2014,The Town that Dreaded Sundown,18.96,341.00,5.80,en,"Thriller, Horror"
13-09-2012,Marvel One-Shot: Item 47,18.95,347.00,6.50,en,"Science Fiction, Action, Fantasy"
19-02-2022,The Wedding Veil Legacy,18.95,6.00,5.80,en,"TV Movie, Comedy, Romance"
27-07-2000,Nutty Professor II: The Klumps,18.95,1036.00,5.00,en,"Fantasy, Comedy, Romance, Science Fiction"
01-10-2021,Old Henry,18.95,138.00,7.40,en,"Western, Thriller"
27-04-2017,Unlocked,18.95,869.00,6.20,en,"Action, Thriller"
08-12-1965,Fantomas Unleashed,18.95,378.00,6.70,fr,"Comedy, Crime, Adventure, Fantasy"
04-04-2019,Little,18.94,542.00,6.80,en,"Comedy, Fantasy, Romance"
09-08-2014,The Captive,18.94,907.00,5.90,en,"Drama, Thriller, Crime"
10-06-2019,Playmobil: The Movie,18.93,200.00,5.70,en,"Family, Animation, Comedy, Adventure"
02-06-2017,The Recall,18.93,293.00,4.60,en,"Science Fiction, Horror"
30-04-2015,Barely Lethal,18.92,888.00,5.80,en,"Adventure, Comedy, Action, Romance"
12-11-2015,Love the Coopers,18.92,655.00,6.00,en,"Comedy, Family, Drama"
17-09-2010,Alpha and Omega,18.92,410.00,5.90,en,"Animation, Family, Comedy, Adventure, Romance"
31-07-1987,The Lost Boys,18.92,1493.00,7.00,en,"Horror, Comedy"
03-09-2021,Misha and the Wolves,18.92,17.00,7.20,en,Documentary
31-08-2012,Cockneys vs Zombies,18.92,313.00,5.70,en,"Comedy, Horror"
07-03-2018,The Stolen Princess,18.92,94.00,6.80,en,"Animation, Comedy, Adventure, Family"
22-10-2016,Don't Hang Up,18.91,394.00,6.10,en,"Horror, Thriller"
27-07-2005,Stealth,18.91,775.00,5.30,en,"Science Fiction, Action, War"
22-03-2012,Argo,18.91,6981.00,7.30,en,"Drama, Thriller"
06-12-1984,2010,18.91,715.00,6.70,en,"Thriller, Science Fiction"
24-04-2013,Iron Man: Rise of Technovore,18.91,130.00,5.80,ja,"Science Fiction, Animation, Action"
13-11-2015,Harmony,18.91,56.00,7.10,ja,"Thriller, Animation, Science Fiction"
17-12-1986,Allan Quatermain and the Lost City of Gold,18.90,198.00,4.80,en,"Adventure, Action, Comedy"
10-04-1997,Jackie Brown,18.90,5146.00,7.30,en,"Crime, Thriller, Drama"
25-03-2014,"Monster High: Frights, Camera, Action!",18.90,91.00,7.10,en,"Family, Animation, Fantasy"
18-10-1941,The Maltese Falcon,18.89,1223.00,7.80,en,"Mystery, Crime, Thriller"
03-03-1998,Run Lola Run,18.89,1674.00,7.30,de,"Action, Drama, Thriller"
22-04-2021,This Little Love of Mine,18.89,90.00,6.30,en,"Romance, Comedy"
27-07-2017,Sleeping Beauties,18.89,10.00,3.90,en,"Fantasy, Comedy"
05-10-1989,The Punisher,18.88,422.00,5.70,en,"Action, Thriller"
12-12-1993,In the Name of the Father,18.88,1321.00,7.90,en,Drama
12-03-2020,Misbehaviour,18.88,184.00,6.40,en,"Drama, History, Comedy"
31-08-2002,Ken Park,18.88,392.00,5.80,en,Drama
06-07-2015,Love,18.88,1891.00,6.40,en,"Drama, Romance"
30-07-1999,Runaway Bride,18.88,1597.00,6.10,en,"Comedy, Romance"
27-07-2006,Miami Vice,18.87,1332.00,5.90,en,"Action, Crime, Thriller"
04-01-2019,Rust Creek,18.86,215.00,6.40,en,"Thriller, Drama"
20-11-2015,Criminal Activities,18.86,245.00,5.90,en,"Thriller, Crime, Drama"
12-12-2013,Fir Crazy,18.86,54.00,5.90,en,"Comedy, Romance, TV Movie"
03-08-2007,Bratz,18.86,349.00,5.70,en,"Comedy, Music"
25-11-1984,The Ewok Adventure,18.86,239.00,6.00,en,"Adventure, Family, Fantasy, Science Fiction, TV Movie"
08-01-2016,Lamb,18.85,43.00,6.30,en,Drama
22-03-2000,Romeo Must Die,18.85,900.00,6.20,en,"Action, Crime, Thriller"
06-02-1927,Metropolis,18.85,1999.00,8.20,de,"Drama, Science Fiction"
08-02-2019,Drunk Parents,18.84,192.00,4.70,en,Comedy
02-04-2008,The Ruins,18.84,851.00,5.90,en,Horror
09-01-2003,Just Married,18.84,1086.00,5.70,en,"Comedy, Romance"
07-09-2018,Next Gen,18.84,586.00,7.00,en,"Animation, Action, Adventure, Family"
18-04-2014,13 Sins,18.84,865.00,6.30,en,"Horror, Thriller"
16-12-2016,The Lighthouse of the Orcas,18.84,179.00,7.00,es,"Drama, Romance"
24-12-2013,Police Story: Lockdown,18.84,250.00,6.00,zh,"Action, Crime, Drama, Thriller"
09-09-1997,Cube,18.83,3704.00,6.80,en,"Thriller, Science Fiction, Mystery"
26-02-1999,8MM,18.83,1483.00,6.40,en,"Thriller, Crime, Mystery"
01-06-2007,Mr. Brooks,18.83,1346.00,6.90,en,"Crime, Thriller"
03-12-2015,My Friend's Wife,18.82,4.00,6.30,ko,Romance
05-02-1988,The Unbearable Lightness of Being,18.82,320.00,7.10,en,"Comedy, Romance, Drama"
15-11-2019,Waves,18.82,409.00,7.50,en,"Romance, Drama"
21-07-1984,Macross: Do You Remember Love?,18.82,53.00,6.90,ja,"Animation, Science Fiction, War, Action, Romance, Music"
10-08-2012,Grabbers,18.82,334.00,6.10,en,"Science Fiction, Comedy, Thriller, Horror, Mystery"
17-01-2005,Chaos,18.82,787.00,6.30,en,"Drama, Action, Crime"
10-09-2017,Berlin Drifters,18.81,7.00,5.00,ja,Drama
26-10-2013,Puella Magi Madoka Magica the Movie Part III: Rebellion,18.81,131.00,7.70,ja,"Mystery, Animation, Fantasy"
25-05-2018,After the Rain,18.81,28.00,7.60,ja,"Romance, Drama"
30-09-2016,Denial,18.81,521.00,6.80,en,"Drama, History"
04-03-2011,Perras,18.81,142.00,6.80,es,"Thriller, Drama, Romance"
28-04-2009,S. Darko,18.80,375.00,4.30,en,"Thriller, Crime, Science Fiction, Mystery"
31-10-2000,The Crow: Salvation,18.80,241.00,5.40,en,"Action, Thriller, Crime, Fantasy, Mystery"
30-03-1984,Romancing the Stone,18.80,1386.00,6.70,en,"Adventure, Action, Comedy, Romance"
01-02-2019,Velvet Buzzsaw,18.80,1594.00,5.30,en,"Thriller, Mystery, Horror"
01-12-1956,Sissi: The Young Empress,18.80,271.00,7.20,de,"Drama, Comedy, Romance"
20-10-1995,Get Shorty,18.80,773.00,6.50,en,"Comedy, Thriller, Crime"
24-09-2004,The Forgotten,18.80,904.00,5.90,en,"Thriller, Drama, Horror, Mystery, Science Fiction"
08-11-2002,Love Hurts,18.80,187.00,7.60,es,"Drama, Romance"
25-09-2016,Certain Women,18.80,247.00,5.90,en,Drama
13-03-2001,Exit Wounds,18.79,344.00,5.60,en,"Action, Crime, Thriller"
09-10-2012,Monster High: Ghouls Rule,18.79,77.00,6.70,en,"Animation, Family"
19-04-1973,High Plains Drifter,18.79,798.00,7.40,en,"Western, Drama, Mystery"
09-03-2006,The Shaggy Dog,18.78,465.00,4.90,en,"Comedy, Family"
12-09-1997,The Game,18.78,4915.00,7.60,en,"Drama, Thriller, Mystery"
02-10-2015,Burnt,18.78,2738.00,6.50,en,Drama
17-11-1989,All Dogs Go to Heaven,18.78,807.00,6.70,en,"Drama, Animation, Family, Comedy, Fantasy"
06-05-2015,Careful What You Wish For,18.77,327.00,6.10,en,"Drama, Thriller"
16-06-2021,Pray Away,18.77,43.00,7.00,en,Documentary
07-03-2015,Doraemon: Nobita and the Space Heroes,18.77,47.00,6.10,ja,"Comedy, Animation, Family, Adventure, Science Fiction, Fantasy"
05-06-1987,Harry and the Hendersons,18.77,541.00,6.10,en,"Comedy, Family, Fantasy"
04-02-2017,Lupin the Third: Goemon's Blood Spray,18.77,94.00,7.90,ja,"Animation, Action, Crime"
04-10-2006,Shortbus,18.77,368.00,6.40,en,"Romance, Drama, Comedy"
16-09-2003,Evil,18.76,241.00,7.30,sv,Drama
30-01-1998,Ringu,18.76,979.00,7.10,ja,"Horror, Thriller"
22-02-2020,Time to Hunt,18.76,214.00,7.20,ko,"Drama, Action, Thriller"
03-09-2007,Hotel Chevalier,18.76,655.00,7.00,en,"Drama, Romance"
29-09-2015,Swat: Unit 887,18.75,16.00,5.00,en,"Thriller, Action"
07-11-1963,"It's a Mad, Mad, Mad, Mad World",18.75,407.00,7.00,en,"Action, Adventure, Comedy, Crime"
20-03-2014,Muppets Most Wanted,18.75,676.00,6.30,en,"Comedy, Adventure, Crime, Family"
04-12-1998,Psycho,18.75,776.00,5.10,en,"Mystery, Thriller, Horror"
24-12-2003,Cold Mountain,18.75,1401.00,6.90,en,"Adventure, Drama, History, Romance"
11-07-2021,Jackass Shark Week,18.74,4.00,5.50,en,"Comedy, Action, Documentary"
27-03-2009,The Haunting in Connecticut,18.74,892.00,6.20,en,"Thriller, Horror"
11-05-1984,Firestarter,18.74,490.00,6.20,en,"Horror, Thriller, Science Fiction"
21-10-2013,Green Street Hooligans: Underground,18.74,113.00,5.30,en,"Action, Drama"
10-03-2022,Iblis Dalam Kandungan,18.73,0.00,0.00,en,Horror
31-01-2013,Bullet to the Head,18.73,1007.00,5.50,en,"Action, Crime, Thriller"
31-10-1999,Mickey's Once Upon a Christmas,18.73,513.00,7.10,en,"Animation, Family, Comedy"
21-08-2020,Words on Bathroom Walls,18.73,397.00,8.00,en,"Drama, Romance"
04-12-1990,Awakenings,18.73,1844.00,7.80,en,Drama
21-11-2007,August Rush,18.73,2316.00,7.40,en,"Family, Drama, Music"
31-08-1949,The Third Man,18.73,1339.00,8.00,en,"Thriller, Mystery"
14-11-2017,Batman vs. Two-Face,18.72,130.00,6.40,en,"Action, Animation, Comedy"
31-10-2019,Motherless Brooklyn,18.72,1099.00,6.70,en,"Drama, Thriller"
12-07-2002,Reign of Fire,18.72,1749.00,6.10,en,"Adventure, Action, Fantasy"
01-07-1987,Adventures in Babysitting,18.72,491.00,6.80,en,Comedy
29-09-2017,Zombies,18.72,31.00,5.60,de,"Horror, Action, Thriller, Mystery"
17-07-2008,Felon,18.72,646.00,7.20,en,"Action, Crime, Drama, Mystery"
25-03-2016,The Whole Truth,18.72,902.00,6.50,en,"Drama, Thriller"
17-05-1977,Playing with Love,18.72,47.00,5.10,it,Drama
08-06-2010,Mortal Kombat: Rebirth,18.72,103.00,6.70,en,"Action, Fantasy"
03-02-2000,The Beach,18.71,3551.00,6.40,en,"Drama, Adventure, Romance, Thriller"
15-09-2000,Almost Famous,18.71,2110.00,7.50,en,"Drama, Music"
09-10-2020,Clouds,18.71,802.00,8.40,en,"Music, Drama, Romance"
19-08-2014,Scooby-Doo! Frankencreepy,18.71,142.00,7.70,en,"Mystery, Animation, Family, Comedy"
01-02-1991,My Own Private Idaho,18.71,866.00,7.10,en,"Drama, Adventure"
14-02-1991,Nothing but Trouble,18.71,256.00,5.20,en,"Comedy, Adventure"
28-04-2021,Get the Grift,18.71,70.00,6.60,pt,"Comedy, Crime"
19-11-2020,Dance of the Forty One,18.70,138.00,8.00,es,"Drama, History"
04-05-2018,Tully,18.70,1167.00,6.80,en,"Comedy, Drama"
22-07-2011,Another Earth,18.70,1290.00,6.70,en,"Drama, Science Fiction"
21-11-1931,Frankenstein,18.70,1110.00,7.50,en,"Drama, Horror, Science Fiction"
19-05-2003,Dogville,18.70,1892.00,7.80,en,"Crime, Drama, Thriller"
10-02-1989,The Fly II,18.70,455.00,5.50,en,"Horror, Science Fiction, Thriller"
26-05-2014,Petals on the Wind,18.69,171.00,6.40,en,"TV Movie, Romance, Thriller"
01-10-2002,Boat Trip,18.69,502.00,5.30,en,Comedy
17-03-2001,Visitor Q,18.69,316.00,6.40,ja,"Comedy, Drama, Horror, Thriller"
31-08-2012,Fire with Fire,18.69,558.00,5.70,en,"Action, Crime, Drama, Thriller"
19-08-2016,Boy Missing,18.68,216.00,6.40,es,"Mystery, Thriller"
09-10-1992,1492: Conquest of Paradise,18.68,605.00,6.10,en,"Action, Adventure, Drama, History"
18-05-2010,Of Gods and Men,18.68,280.00,6.70,fr,"Drama, History"
18-08-2018,The Seven Deadly Sins: Prisoners of the Sky,18.68,886.00,7.60,ja,"Action, Adventure, Fantasy, Animation"
05-08-1988,The Blob,18.68,620.00,6.70,en,"Horror, Science Fiction"
24-05-2019,Assimilate,18.67,195.00,6.50,en,"Horror, Thriller, Science Fiction"
20-01-2001,Intimacy,18.67,414.00,6.40,en,"Romance, Drama"
27-01-2009,Hulk vs. Wolverine,18.66,186.00,7.10,en,"Animation, Action, Science Fiction, Adventure, Fantasy"
17-03-2004,The Chorus,18.66,1937.00,7.70,fr,Drama
24-12-1925,Battleship Potemkin,18.66,840.00,7.70,ru,"Drama, History"
27-12-2007,The Great Debaters,18.66,439.00,7.20,en,Drama
29-07-2005,The Skeleton Key,18.66,1630.00,6.60,en,"Drama, Horror, Mystery, Thriller"
01-10-1998,A Night at the Roxbury,18.66,678.00,6.60,en,"Comedy, Music, Romance"
19-09-2018,Climax,18.66,1518.00,7.10,fr,"Drama, Horror, Music"
10-09-1988,Paperhouse,18.66,98.00,6.80,en,"Drama, Fantasy, Horror"
08-02-1980,The Fog,18.65,1069.00,6.70,en,Horror
06-08-2004,Open Water,18.65,852.00,5.50,en,"Drama, Thriller, Horror"
07-09-2007,The Assassination of Jesse James by the Coward Robert Ford,18.65,1946.00,7.10,en,"Action, Drama, Western"
11-04-2007,Perfect Stranger,18.65,715.00,5.80,en,Thriller
01-02-2014,The Hungover Games,18.65,396.00,4.10,en,Comedy
20-07-2011,Apollo 18,18.64,784.00,5.30,en,"Horror, Thriller, Science Fiction"
03-03-2022,Whindersson Nunes: É de Mim Mesmo,18.64,12.00,6.80,pt,Comedy
11-03-2022,Ash & Dust,18.63,0.00,0.00,en,"Crime, Thriller"
21-02-2003,The Life of David Gale,18.63,1561.00,7.40,en,"Drama, Thriller, Crime"
14-11-1980,Raging Bull,18.63,3274.00,8.00,en,"Drama, History"
26-10-2005,How Much Do You Love Me?,18.62,113.00,5.70,fr,"Comedy, Romance"
26-10-2018,Air Strike,18.62,178.00,4.90,en,"Drama, War, Action, Adventure"
14-06-2019,Shaft,18.62,1350.00,6.60,en,"Action, Crime"
23-01-2020,The Turning,18.62,758.00,6.00,en,"Horror, Thriller"
16-09-1953,The Robe,18.62,171.00,6.80,en,"Drama, History"
31-10-2002,The Santa Clause 2,18.62,1003.00,5.90,en,"Fantasy, Comedy, Family"
31-05-1995,La Haine,18.62,2874.00,8.10,fr,Drama
03-12-2013,Iron Man & Hulk: Heroes United,18.62,144.00,5.70,en,"Action, Adventure, Animation, Family"
29-02-2016,Mr. Right,18.61,1100.00,6.40,en,"Comedy, Action, Romance, Crime"
23-06-1976,Logan's Run,18.61,678.00,6.60,en,"Action, Science Fiction"
18-03-2014,Marvel Studios: Assembling a Universe,18.61,125.00,7.10,en,"TV Movie, Documentary"
25-03-1983,Fire and Ice,18.61,169.00,6.50,en,"Animation, Fantasy, Science Fiction"
19-06-2020,Disclosure,18.60,100.00,8.20,en,Documentary
25-12-2014,The Gambler,18.60,1114.00,5.90,en,"Thriller, Crime, Drama"
19-05-2006,See No Evil,18.60,492.00,5.40,en,"Horror, Thriller"
08-03-2018,Gringo,18.60,596.00,5.90,en,"Comedy, Action"
06-06-2013,V/H/S/2,18.60,775.00,6.30,en,"Horror, Thriller"
03-07-2015,Cartel Land,18.59,295.00,7.20,en,"Drama, Documentary"
04-06-2015,Obsession,18.59,135.00,6.20,nl,"Romance, Thriller"
12-07-2014,K: Missing Kings,18.59,34.00,6.40,ja,"Animation, Fantasy, Action"
29-12-1964,Kwaidan,18.59,254.00,7.80,ja,"Fantasy, Horror, Drama"
22-12-2010,True Grit,18.59,4309.00,7.30,en,"Drama, Adventure, Western"
21-10-2010,Open Season 3,18.58,445.00,5.70,en,"Adventure, Animation, Family, Comedy"
07-11-2019,The Personal History of David Copperfield,18.58,332.00,6.50,en,Comedy
20-10-2017,Cold Skin,18.58,440.00,6.20,en,"Horror, Fantasy, Drama"
18-10-2014,Finders Keepers,18.58,140.00,4.70,en,"Mystery, Thriller, Horror"
01-05-1987,Creepshow 2,18.57,394.00,6.20,en,"Horror, Comedy"
22-12-2016,Sexology,18.57,4.00,4.80,en,Documentary
15-12-2012,Scooby-Doo! Mask of the Blue Falcon,18.57,114.00,7.90,en,"Animation, Comedy, Fantasy, Adventure, Family"
08-12-2017,Pyewacket,18.57,232.00,5.90,en,"Thriller, Horror, Drama"
25-12-2016,Live by Night,18.57,1090.00,6.20,en,"Crime, Drama, Thriller"
11-04-2009,Crows Zero II,18.57,145.00,7.20,ja,"Action, Thriller"
09-09-2016,The Disappointments Room,18.56,374.00,4.50,en,"Horror, Drama, Thriller"
02-11-2017,Gnome Alone,18.56,193.00,6.20,en,"Family, Adventure, Animation, Comedy, Fantasy"
10-02-2017,Kiss and Cry,18.56,384.00,7.40,en,"Romance, Drama, Music, TV Movie"
26-03-2015,Get Hard,18.56,2224.00,6.00,en,Comedy
09-10-2020,Percy,18.56,43.00,7.00,en,Drama
22-05-2014,Mommy,18.56,2241.00,8.30,fr,Drama
20-04-1935,The Bride of Frankenstein,18.56,658.00,7.60,en,"Drama, Horror, Science Fiction"
16-06-2012,Piranhaconda,18.55,106.00,5.20,en,"Horror, Science Fiction, Comedy"
19-06-2014,What We Do in the Shadows,18.55,2744.00,7.60,en,"Comedy, Horror"
24-01-2013,Spring Breakers,18.55,3360.00,5.20,en,"Drama, Crime"
02-10-2017,Blue My Mind,18.55,175.00,6.80,de,"Fantasy, Drama"
09-10-1984,A Christmas Carol,18.55,241.00,7.30,en,"Drama, Fantasy, TV Movie, Family"
06-10-2015,The Ouija Exorcism,18.54,24.00,4.20,en,Horror
03-12-2008,A Matter of Loaf and Death,18.54,360.00,7.30,en,"Animation, Comedy, Family"
14-12-2018,The Girl Next Door 2,18.54,4.00,8.30,ko,Romance
16-04-1992,Hard Boiled,18.54,536.00,7.60,cn,"Action, Thriller, Crime"
19-12-2002,25th Hour,18.54,1864.00,7.40,en,"Crime, Drama"
18-12-1987,*batteries not included,18.53,534.00,6.70,en,"Science Fiction, Comedy, Family, Fantasy"
23-07-2010,Sin tetas no hay paraíso,18.53,46.00,7.20,es,"Crime, Drama"
16-01-2009,Notorious,18.53,533.00,6.90,en,"Music, Drama, History"
13-09-2011,Marvel One-Shot: The Consultant,18.52,340.00,6.50,en,"Adventure, Fantasy, Science Fiction, Action"
11-10-2007,X-Cross,18.52,31.00,6.20,ja,"Action, Horror"
04-08-1989,Lock Up,18.52,881.00,6.70,en,"Action, Crime"
28-01-2017,Antiporno,18.52,285.00,6.90,ja,Drama
16-09-2015,Forsaken,18.51,257.00,6.00,en,Western
07-09-2014,Cake,18.51,783.00,6.30,en,Drama
01-01-1986,Blue Velvet,18.50,2480.00,7.60,en,"Drama, Crime, Mystery, Thriller"
01-06-2021,Potter's Ground,18.50,28.00,6.30,en,"Drama, Thriller, Western"
28-04-1998,The Idiots,18.50,387.00,6.50,da,"Comedy, Drama"
20-12-1966,The Sand Pebbles,18.50,176.00,7.20,en,"Adventure, War"
21-04-2012,A Letter to Momo,18.50,271.00,7.50,ja,"Comedy, Fantasy, Animation, Drama, Family"
17-11-2017,A Christmas Prince,18.50,1272.00,6.70,en,"Romance, TV Movie"
23-12-1973,Magnum Force,18.50,763.00,7.20,en,"Drama, Crime, Action"
27-05-2014,Tapped Out,18.49,45.00,5.70,en,"Action, Drama"
11-11-2012,The Snitch Cartel,18.49,66.00,7.00,es,"Drama, Crime"
17-05-2009,Middle Men,18.49,229.00,6.50,en,"Drama, Comedy, Crime"
11-05-1936,Dracula's Daughter,18.49,101.00,6.20,en,"Drama, Fantasy, Horror"
26-07-2014,Phineas and Ferb: Star Wars,18.49,138.00,7.10,en,"Animation, Comedy, Family, Science Fiction, Adventure, TV Movie"
28-09-2006,The Guardian,18.49,1170.00,7.10,en,"Drama, Action"
14-07-1971,Dirty Harry,18.49,1781.00,7.50,en,"Action, Crime, Thriller"
25-02-2022,Big Gold Brick,18.48,6.00,4.10,en,"Comedy, Fantasy"
14-07-2005,Stuart Little 3: Call of the Wild,18.48,392.00,5.30,en,"Fantasy, Animation, Comedy, Family"
04-11-2011,A Very Harold & Kumar Christmas,18.48,748.00,6.00,en,Comedy
02-12-2011,The Smurfs: A Christmas Carol,18.48,202.00,6.70,en,"Comedy, Family, Animation"
16-02-1990,Revenge,18.48,337.00,6.60,en,"Romance, Thriller, Drama"
28-10-2010,Scared Shrekless,18.48,303.00,6.40,en,"Animation, Comedy"
08-02-2002,Big Fat Liar,18.48,664.00,5.90,en,"Family, Comedy, Adventure"
06-11-2015,Spotlight,18.48,7056.00,7.80,en,"Drama, History"
30-01-2004,Ginger Snaps 2: Unleashed,18.47,234.00,6.50,en,"Drama, Horror"
25-08-2015,LEGO DC Comics Super Heroes: Justice League - Attack of the Legion of Doom!,18.47,85.00,6.90,en,"Animation, Action, Adventure, Family, Comedy"
13-06-2019,Hollow Point,18.46,106.00,6.80,en,Action
28-02-2006,Just My Luck,18.46,1579.00,6.10,en,"Comedy, Drama, Family, Fantasy, Romance"
09-03-2018,Thoroughbreds,18.46,867.00,6.40,en,"Drama, Thriller"
25-04-1997,Volcano,18.46,1142.00,5.80,en,"Science Fiction, Action, Drama, Thriller"
14-03-2013,The Place Beyond the Pines,18.45,4029.00,6.90,en,"Drama, Crime"
15-08-1991,Once Upon a Time in China,18.45,301.00,7.20,cn,"Action, Drama"
17-05-2018,Burning,18.45,1109.00,7.40,ko,"Mystery, Drama, Thriller"
27-07-2013,Porno,18.45,32.00,5.50,tl,Drama
19-12-2009,Naruto: The Cross Roads,18.45,15.00,6.20,ja,Animation
17-05-2016,Cyborg X,18.45,53.00,5.80,en,"Action, Horror, Science Fiction"
11-01-1960,Eyes Without a Face,18.45,496.00,7.60,fr,"Drama, Horror, Thriller"
25-04-2007,Next,18.45,2374.00,6.00,en,"Action, Science Fiction, Thriller"
18-06-2003,High Tension,18.43,971.00,6.70,fr,"Horror, Thriller, Mystery"
07-12-2017,Bullet Head,18.43,416.00,4.90,en,"Drama, Crime, Thriller"
28-09-2013,The Garden of Sinners: Future Gospel,18.43,37.00,7.30,ja,"Animation, Science Fiction"
28-05-2009,2022 Tsunami,18.43,8.00,4.60,th,Action
17-03-2004,Spartacus,18.43,52.00,6.80,en,"Action, Drama"
07-03-2019,The Professor and the Madman,18.42,838.00,7.20,en,"History, Drama, Mystery, Thriller"
19-04-2006,The Sentinel,18.42,602.00,6.00,en,"Action, Thriller, Crime"
26-03-2010,Greenberg,18.42,430.00,5.80,en,"Comedy, Drama, Romance"
04-11-2016,Loving,18.42,784.00,6.70,en,"Drama, Romance"
16-03-2017,Female Fight Squad,18.42,68.00,6.50,en,Action
27-09-2018,Paskal,18.42,55.00,7.70,ms,"Action, War"
09-08-1985,Amazonia: The Catherine Miles Story,18.42,117.00,6.20,it,"Adventure, Drama, Horror"
09-06-1994,Police Academy: Mission to Moscow,18.42,629.00,4.50,en,"Comedy, Crime"
22-01-1999,The Boondock Saints,18.42,1872.00,7.30,en,"Action, Thriller, Crime"
03-07-2002,The Powerpuff Girls Movie,18.41,214.00,6.60,en,"Animation, Action, Family"
18-01-2014,Flowers in the Attic,18.41,299.00,6.60,en,"Drama, Mystery, Thriller, TV Movie"
23-06-1971,Klute,18.41,284.00,6.80,en,"Mystery, Thriller, Crime"
20-01-2011,Shaolin,18.41,276.00,6.80,zh,"Action, Drama"
04-12-2020,Captain Underpants: Mega Blissmas,18.41,7.00,5.70,en,"Animation, Family, Comedy"
28-07-1995,The Net,18.41,1001.00,5.90,en,"Crime, Drama, Mystery, Thriller, Action"
27-01-1995,Before Sunrise,18.41,3088.00,8.00,en,"Drama, Romance"
12-07-2004,The Librarian: Quest for the Spear,18.41,500.00,6.20,en,"Adventure, Action, Fantasy"
08-01-2016,Diablo,18.40,136.00,4.80,en,"Action, Adventure, Thriller, Western"
24-08-2012,Premium Rush,18.40,1727.00,6.30,en,"Crime, Action, Thriller"
02-12-2016,The Promise,18.40,332.00,6.90,en,"History, Romance, Drama"
19-08-2011,Flypaper,18.40,611.00,6.40,en,"Mystery, Comedy, Crime"
18-05-1987,Beverly Hills Cop II,18.40,1823.00,6.40,en,"Action, Comedy, Crime"
07-09-2013,Begin Again,18.39,3202.00,7.20,en,"Comedy, Music, Romance, Drama"
14-12-1985,Beautiful Teacher in Torture Hell,18.39,12.00,5.70,ja,Horror
19-09-2003,"Spring, Summer, Fall, Winter... and Spring",18.39,785.00,7.80,ko,Drama
10-07-2015,Ricki and the Flash,18.38,620.00,5.80,en,"Comedy, Drama, Music"
12-04-2013,42,18.38,1449.00,7.10,en,Drama
18-05-1990,A Grand Day Out,18.38,626.00,7.50,en,"Animation, Comedy, Family"
05-08-1983,Risky Business,18.37,959.00,6.50,en,"Comedy, Romance, Drama"
28-11-2007,Awake,18.37,1074.00,6.40,en,"Thriller, Crime, Mystery"
17-06-2021,"Civil War (Or, Who Do We Think We Are)",18.37,1.00,2.00,en,Documentary
14-12-2006,Curse of the Golden Flower,18.37,556.00,6.80,zh,"Action, Drama, Fantasy"
04-05-2018,Incoming,18.36,60.00,4.50,en,"Action, Science Fiction, Thriller"
07-09-2016,Frantz,18.36,562.00,7.40,fr,"History, Drama, Romance"
11-02-2011,Margin Call,18.36,1300.00,6.80,en,"Thriller, Drama"
17-04-1902,A Trip to the Moon,18.36,1284.00,8.00,fr,"Adventure, Fantasy, Science Fiction"
01-09-2000,Highlander: Endgame,18.36,302.00,4.90,en,"Action, Fantasy"
19-10-1939,Mr. Smith Goes to Washington,18.35,767.00,8.00,en,"Comedy, Drama"
12-12-1986,The Golden Child,18.35,832.00,5.90,en,"Action, Adventure, Comedy, Fantasy, Mystery"
05-07-1991,Crazy Safari,18.35,29.00,5.00,cn,"Action, Comedy"
25-01-2019,Iron Sky: The Coming Race,18.34,256.00,5.10,en,"Action, Comedy, Fantasy, Science Fiction, Adventure"
23-06-2012,Berserk: The Golden Age Arc II - The Battle for Doldrey,18.34,245.00,7.40,ja,"Action, Adventure, Drama, Fantasy, Animation"
29-11-2014,Christmas Under Wraps,18.34,134.00,5.80,en,"TV Movie, Romance"
19-10-1979,...And Justice for All,18.34,350.00,7.10,en,"Crime, Drama, Thriller"
13-04-2018,Sgt. Stubby: An American Hero,18.34,101.00,7.40,en,"Animation, Adventure, Family, History, War"
06-12-1996,Daylight,18.34,1197.00,6.10,en,"Action, Adventure, Thriller"
14-05-2002,So Close,18.34,173.00,6.80,cn,"Action, Thriller"
27-12-2012,Escape from Planet Earth,18.34,622.00,5.70,en,"Animation, Comedy, Adventure, Family, Science Fiction"
13-03-2012,Scooby-Doo! Music of the Vampire,18.34,154.00,7.80,en,"Family, Animation, Mystery, Adventure, Comedy, Fantasy, Music"
06-11-1996,Set It Off,18.33,256.00,7.20,en,"Crime, Drama, Thriller"
31-01-2001,Brotherhood of the Wolf,18.33,1144.00,6.70,fr,"Adventure, Horror, Action, History"
22-05-2019,Rocketman,18.33,3721.00,7.40,en,"Music, Drama, History"
04-10-2013,Grace Unplugged,18.33,51.00,6.20,en,"Drama, Music"
20-04-2000,U-571,18.33,916.00,6.40,en,"War, Drama, Action, Thriller"
12-05-2018,Fahrenheit 451,18.32,666.00,5.40,en,"Drama, Science Fiction, Thriller"
15-11-2017,The Star,18.32,417.00,6.10,en,"Comedy, Adventure, Family, Fantasy, Animation"
19-05-2004,House of Flying Daggers,18.32,1225.00,7.30,zh,"Adventure, Drama, Action, Romance"
17-04-2004,Detective Conan: Magician of the Silver Sky,18.32,100.00,6.90,ja,"Animation, Mystery"
19-12-2008,Revolutionary Road,18.32,3122.00,7.00,en,"Drama, Romance"
30-09-2015,Rabid Dogs,18.32,85.00,5.50,fr,"Action, Drama, Thriller, Mystery"
12-12-1990,"Dragon Ball: Fight Son Goku, Win Son Goku",18.31,5.00,4.00,ko,"Adventure, Comedy, Fantasy"
25-11-1998,Babe: Pig in the City,18.31,989.00,5.50,en,"Family, Adventure, Comedy, Drama, Fantasy"
05-09-2008,Burn After Reading,18.31,3715.00,6.60,en,"Comedy, Drama"
22-12-1955,Sissi,18.30,382.00,7.40,de,"Comedy, Drama, Romance"
04-11-2016,Army of One,18.30,219.00,5.30,en,Comedy
05-07-1978,The Wild Geese,18.30,186.00,6.90,en,"Action, War"
24-06-2021,Lansky,18.30,61.00,6.00,en,"Crime, Drama, Thriller"
30-05-2018,211,18.30,344.00,5.40,en,"Crime, Action, Drama"
17-07-2017,Radius,18.30,453.00,6.60,en,"Fantasy, Science Fiction, Thriller"
16-12-2021,A California Christmas: City Lights,18.30,96.00,6.70,en,"Romance, Comedy, Drama"
03-09-2021,The Innocents,18.29,58.00,6.80,no,"Thriller, Horror, Drama"
01-04-2002,Barbershop,18.29,354.00,6.30,en,"Comedy, Drama"
27-06-2004,Night Watch,18.29,554.00,6.30,ru,"Fantasy, Action, Thriller"
12-07-2019,Point Blank,18.29,430.00,6.10,en,"Action, Thriller"
10-02-1995,Billy Madison,18.29,1257.00,6.20,en,Comedy
02-09-1999,Boys Don't Cry,18.29,1026.00,7.50,en,"Crime, Drama"
26-10-2017,The Girl in the Fog,18.29,842.00,6.80,it,"Crime, Thriller, Mystery"
10-12-1987,Wall Street,18.29,1599.00,7.20,en,"Crime, Drama"
26-09-1986,Crocodile Dundee,18.29,1447.00,6.40,en,"Adventure, Comedy"
11-12-1987,Throw Momma From the Train,18.29,413.00,6.20,en,"Comedy, Crime"
13-06-2015,Love Live! The School Idol Movie,18.28,38.00,7.60,ja,"Animation, Music, Comedy"
18-12-1961,Judgment at Nuremberg,18.28,550.00,8.10,en,"Drama, History, War"
09-02-1990,Hard to Kill,18.28,458.00,5.90,en,Action
19-05-2012,Stitches,18.28,321.00,6.40,en,Horror
28-01-2011,Husk,18.27,248.00,5.80,en,"Horror, Thriller"
14-06-1969,A Thousand and One Nights,18.27,32.00,6.80,ja,"Animation, Drama, Fantasy"
24-05-2007,Loving Annabelle,18.27,207.00,6.40,en,"Drama, Romance"
09-06-2000,Gangster No. 1,18.27,148.00,6.50,en,"Action, Drama, Thriller"
20-11-2020,Sound of Metal,18.27,1708.00,7.80,en,"Drama, Music"
19-01-2016,Offline: Are You Ready for the Next Level?,18.27,72.00,5.50,de,"Action, Adventure, Comedy"
20-06-2015,Ghost in the Shell: The New Movie,18.27,131.00,6.60,ja,"Science Fiction, Animation"
22-12-2005,Rumor Has It...,18.27,931.00,5.60,en,Comedy
29-11-2007,In the Name of the King: A Dungeon Siege Tale,18.26,634.00,4.60,en,"Adventure, Fantasy, Action, Drama"
18-07-2020,The Silencing,18.26,353.00,6.50,en,"Action, Thriller"
13-12-2002,Drumline,18.26,377.00,6.90,en,"Drama, Romance, Comedy, Music"
17-01-2020,Made in Abyss: Dawn of the Deep Soul,18.26,94.00,8.00,ja,"Animation, Adventure, Fantasy, Mystery"
16-10-2020,The Calm Beyond,18.25,4.00,6.00,cn,"Science Fiction, Thriller"
20-09-2018,London Fields,18.25,182.00,5.00,en,"Crime, Thriller"
12-07-2007,I Now Pronounce You Chuck & Larry,18.25,1834.00,6.00,en,"Comedy, Romance"
29-06-2019,Kidnapping Stella,18.25,351.00,5.30,de,Thriller
14-01-2005,Hard Candy,18.25,2054.00,6.80,en,"Drama, Thriller"
25-05-1969,Midnight Cowboy,18.25,971.00,7.50,en,Drama
17-08-1990,Wild at Heart,18.25,1203.00,7.00,en,"Comedy, Crime, Thriller"
10-01-2013,Gangster Squad,18.25,3407.00,6.30,en,"Crime, Drama, Action, Thriller"
04-11-2016,Bleed for This,18.24,625.00,6.80,en,Drama
10-03-2022,The Darker the Lake,18.24,0.00,0.00,en,"Crime, Thriller, Mystery"
26-05-2017,War Machine,18.24,906.00,5.60,en,"Comedy, Drama, War"
14-12-1983,Silkwood,18.23,236.00,7.00,en,"Drama, Thriller"
25-12-2013,Grudge Match,18.23,1044.00,6.00,en,Comedy
04-05-2010,Never Sleep Again: The Elm Street Legacy,18.23,113.00,8.00,en,Documentary
11-12-1998,Star Trek: Insurrection,18.23,901.00,6.40,en,"Science Fiction, Action, Adventure, Thriller"
12-03-2012,The Pirates! In an Adventure with Scientists!,18.23,847.00,6.40,en,"Animation, Adventure, Family, Comedy"
26-11-2009,Mulan: Rise of a Warrior,18.23,340.00,7.50,zh,"Adventure, Drama, Action"
04-04-2015,Tamayura: Graduation Photo Part 1 - Kizashi,18.23,5.00,6.20,ja,"Drama, Animation"
16-04-2019,Super Monsters Furever Friends,18.22,9.00,6.20,en,"Fantasy, Animation"
03-11-1954,Godzilla,18.22,643.00,7.60,ja,"Thriller, Horror, Science Fiction"
31-10-2018,Slaughterhouse Rulez,18.22,315.00,5.60,en,"Action, Comedy, Fantasy, Horror"
22-08-2018,The Bouncer,18.22,262.00,6.30,fr,"Action, Drama, Thriller"
22-02-2018,Haunted Hospital: Heilstatten,18.22,190.00,5.30,de,Horror
09-02-2010,True Legend,18.22,155.00,6.50,zh,"Action, Fantasy"
28-02-2014,Marvel Renaissance,18.21,9.00,5.60,fr,"Documentary, TV Movie"
07-09-2008,The Wrestler,18.21,2852.00,7.50,en,"Drama, Romance"
11-10-1996,The Long Kiss Goodnight,18.21,892.00,6.60,en,"Crime, Action, Mystery, Thriller"
23-09-2018,Stuntman,18.21,14.00,6.50,en,Documentary
07-05-1969,Easy Rider,18.21,1539.00,7.10,en,"Adventure, Drama"
09-11-2005,Joyeux Noel,18.21,683.00,7.40,fr,"Drama, War, Romance, History"
19-10-2001,The Last Castle,18.20,923.00,7.10,en,"Action, Drama, Thriller"
08-10-2015,Look Who's Back,18.20,1471.00,6.80,de,Comedy
07-10-2009,Death Note Relight 2: L's Successors,18.20,100.00,7.30,ja,"TV Movie, Thriller, Animation, Crime, Drama, Fantasy"
09-11-2018,Time Freak,18.19,352.00,6.60,en,"Science Fiction, Comedy, Romance"
18-11-2000,Blood: The Last Vampire,18.19,229.00,6.80,ja,"Animation, Fantasy, Horror"
06-06-2013,The Way Way Back,18.19,1413.00,7.10,en,"Comedy, Drama"
24-04-1981,Cannibal Ferox,18.19,183.00,5.40,it,"Adventure, Horror"
15-07-1989,Little Nemo: Adventures in Slumberland,18.18,124.00,6.70,ja,"Adventure, Animation, Family, Fantasy"
01-01-2002,Winnie the Pooh: A Very Merry Pooh Year,18.18,134.00,6.80,en,"Animation, Family"
12-03-2015,Kidnapping Mr. Heineken,18.18,511.00,6.00,en,"Drama, Action, Crime, Thriller, Mystery"
03-08-2007,Underdog,18.17,556.00,5.40,en,"Family, Action, Adventure, Comedy, Fantasy"
14-08-2014,Hector and the Search for Happiness,18.17,689.00,6.70,en,"Adventure, Drama, Comedy"
21-11-1986,The Wraith,18.17,320.00,6.30,en,"Action, Science Fiction"
31-10-2013,Last Vegas,18.17,1808.00,6.40,en,Comedy
27-07-2018,Our House,18.17,271.00,5.60,en,"Horror, Drama, Thriller"
26-05-2010,Space Chimps 2: Zartog Strikes Back,18.16,80.00,4.60,en,"Animation, Family"
10-07-1987,Revenge of the Nerds II: Nerds in Paradise,18.16,198.00,5.60,en,Comedy
22-11-1974,Murder on the Orient Express,18.16,1005.00,7.20,en,"Drama, Thriller, Mystery"
14-09-2012,Partysaurus Rex,18.16,358.00,7.20,en,"Family, Animation, Comedy, Fantasy"
14-12-2017,Journey's End,18.16,217.00,6.20,en,"War, Drama"
09-06-1995,Congo,18.16,674.00,5.50,en,"Action, Adventure, Science Fiction"
15-12-2000,"Dude, Where's My Car?",18.15,1429.00,5.50,en,"Comedy, Science Fiction"
31-01-2020,The Special,18.15,19.00,5.90,en,"Horror, Comedy"
02-02-2018,Maya the Bee: The Honey Games,18.15,43.00,6.80,en,"Comedy, Family, Animation, Adventure"
22-07-2013,Scooby-Doo! Adventures: The Mystery Map,18.15,68.00,8.80,en,"Family, Comedy, Mystery, Animation"
14-12-2006,200 Pounds Beauty,18.15,248.00,6.80,ko,"Drama, Comedy, Romance"
09-06-2017,It Comes at Night,18.14,1899.00,5.80,en,"Drama, Horror, Mystery"
23-03-1978,Game of Death,18.14,481.00,6.40,cn,"Drama, Action, Thriller, Crime"
21-12-2011,My Way,18.14,279.00,8.00,ko,"Drama, Action, History, War"
15-02-2019,Kim Possible,18.13,211.00,5.50,en,"Family, Action, Adventure, Comedy, TV Movie"
06-09-2008,The Secret of Moonacre,18.13,369.00,6.50,en,"Adventure, Fantasy, Drama, Science Fiction, Romance, Family"
25-12-2013,The Physician,18.13,880.00,7.30,en,"Adventure, Drama, History"
14-04-2017,Sandy Wexler,18.13,424.00,5.60,en,Comedy
23-03-2018,Isle of Dogs,18.12,3782.00,7.90,en,"Adventure, Comedy, Animation"
25-01-1970,Patton,18.12,804.00,7.50,en,"War, Drama, History"
06-09-2014,Ghost in the Shell Arise - Border 4: Ghost Stands Alone,18.12,89.00,6.90,ja,"Action, Animation, Science Fiction, Crime"
29-06-1984,Cannonball Run II,18.12,230.00,5.50,en,"Action, Comedy"
27-07-2007,An American Crime,18.11,498.00,7.30,en,"Crime, Drama"
20-02-2003,Demon Slayer,18.11,9.00,7.40,en,"Comedy, Horror"
14-10-2005,Domino,18.11,992.00,6.00,en,"Action, Crime"
02-11-2002,The Twilight Samurai,18.10,222.00,7.80,ja,"Drama, Romance, History"
23-11-2011,Small Fry,18.10,429.00,6.90,en,"Animation, Family, Comedy"
25-10-1970,When Dinosaurs Ruled the Earth,18.10,70.00,6.20,en,"Adventure, Fantasy, Science Fiction"
02-12-2016,Sword Master,18.09,80.00,6.40,zh,Action
23-11-2012,Dark Desire,18.09,10.00,5.30,en,"TV Movie, Crime, Mystery, Thriller"
26-09-2003,National Lampoon Presents Dorm Daze,18.09,109.00,5.00,en,Comedy
09-09-2007,Elizabeth: The Golden Age,18.09,999.00,6.70,en,"Drama, History, Romance"
21-08-1974,The Longest Yard,18.09,193.00,6.70,en,"Crime, Comedy, Drama"
21-07-2017,First Kill,18.08,449.00,5.70,en,"Action, Thriller, Crime"
01-01-2016,The Guardian Brothers,18.08,111.00,5.80,zh,"Animation, Family, Fantasy"
07-09-2016,Into the Inferno,18.08,148.00,7.10,en,Documentary
06-01-2012,The Devil Inside,18.08,645.00,4.80,en,"Thriller, Horror"
02-10-2007,Tom and Jerry: A Nutcracker Tale,18.08,96.00,6.90,en,"Animation, Family, Comedy"
11-11-1993,The Three Musketeers,18.08,730.00,6.40,en,"Action, Adventure, Comedy"
09-06-1989,Star Trek V: The Final Frontier,18.08,883.00,5.70,en,"Science Fiction, Action, Adventure, Thriller"
03-03-2017,Five Nights at Freddy's: The Fan Movie,18.07,3.00,4.30,en,"Horror, Thriller"
20-05-1994,Maverick,18.07,1190.00,6.80,en,"Action, Adventure, Comedy, Drama, Western"
05-06-1998,A Perfect Murder,18.07,1050.00,6.50,en,"Crime, Thriller, Drama"
23-06-2017,The Bad Batch,18.06,845.00,5.20,en,"Drama, Horror, Science Fiction"
19-06-2015,Dope,18.06,1226.00,7.10,en,"Crime, Drama, Comedy"
21-11-2001,Black Knight,18.06,877.00,5.40,en,"Comedy, Fantasy, Adventure"
01-02-2015,Cosmic Sex,18.06,18.00,5.30,bn,"Drama, Romance"
16-01-2004,Along Came Polly,18.06,2346.00,6.00,en,"Comedy, Romance"
24-07-1992,Buffy the Vampire Slayer,18.05,602.00,5.60,en,"Action, Comedy, Horror"
20-02-2020,Kill Chain,18.05,95.00,5.30,en,Thriller
14-05-2008,Blindness,18.04,1022.00,6.50,en,"Drama, Mystery, Science Fiction, Thriller"
20-08-1975,The Beast,18.04,110.00,5.50,fr,"Horror, Drama, Fantasy"
11-01-2019,Belzebuth,18.04,123.00,6.70,es,"Horror, Fantasy"
27-10-1995,Leaving Las Vegas,18.04,1045.00,7.20,en,"Drama, Romance"
26-08-1999,The Astronaut's Wife,18.03,720.00,5.60,en,"Drama, Science Fiction, Thriller"
22-02-2019,Soldier Boy,18.03,5.00,8.10,ru,"War, Drama"
06-04-2018,Lean on Pete,18.03,253.00,6.90,en,"Drama, Adventure"
04-10-2018,The Purity of Vengeance,18.02,341.00,7.20,da,"Crime, Thriller, Mystery, Drama"
28-01-2017,Journey to the West: The Demons Strike Back,18.02,60.00,6.10,zh,"Adventure, Fantasy, Action"
13-01-2016,Thoroughbred,18.02,10.00,6.60,es,Thriller
28-04-2016,Sheep & Wolves,18.02,95.00,6.10,ru,"Adventure, Animation, Comedy, Family, Fantasy, Romance"
03-04-2018,Honey: Rise Up and Dance,18.02,73.00,7.00,en,"Music, Drama"
25-02-2022,Gasoline Alley,18.02,12.00,4.90,en,"Thriller, Crime, Mystery"
24-01-2020,Ella Bella Bingo,18.02,52.00,6.50,no,"Animation, Family"
15-08-2003,Ju-on: The Grudge 2,18.02,227.00,6.30,ja,"Horror, Thriller"
22-01-2022,Lucy and Desi,18.02,6.00,7.80,en,Documentary
01-03-2019,The Hole in the Ground,18.02,519.00,5.60,en,Horror
15-08-2019,Driven,18.02,148.00,6.30,en,"Thriller, History"
02-02-2007,The Messengers,18.02,637.00,5.70,en,"Mystery, Thriller, Horror"
21-10-2005,Barely Legal,18.01,223.00,6.20,en,Comedy
28-05-1995,The Bridges of Madison County,18.01,1631.00,7.70,en,"Drama, Romance"
29-01-2015,The Lazarus Effect,18.01,1174.00,5.20,en,"Horror, Thriller, Mystery, Science Fiction"
22-11-2019,Dark Waters,18.01,1441.00,7.50,en,"Drama, Thriller, History"
27-01-2022,Ben & Jody,18.01,3.00,6.50,en,"Action, Adventure"
18-08-2021,Operation Hyacinth,18.01,30.00,6.70,pl,Thriller
05-12-2019,Invasion: Planet Earth,18.01,71.00,5.50,en,"Action, Adventure, Science Fiction"
11-12-1991,Critters 3,18.00,258.00,5.10,en,"Comedy, Horror, Science Fiction"
03-07-1985,Day of the Dead,18.00,900.00,7.00,en,"Horror, Thriller"
23-02-1970,Hercules in New York,18.00,205.00,4.10,en,Comedy
14-06-2018,The Guilty,17.99,1287.00,7.30,da,"Drama, Thriller"
01-01-2013,Ragnarok,17.99,167.00,5.60,no,"Action, Adventure"
19-04-2003,Detective Conan: Crossroad in the Ancient Capital,17.99,101.00,7.00,ja,"Mystery, Animation"
08-02-2007,Dragon Wars,17.98,300.00,4.50,ko,"Fantasy, Drama, Horror, Action, Thriller, Science Fiction"
14-02-2020,Breaking Surface,17.98,273.00,6.70,sv,"Thriller, Drama, Action"
05-12-1997,The Borrowers,17.98,383.00,6.00,en,"Adventure, Fantasy, Action, Comedy, Family"
26-05-1995,Johnny Mnemonic,17.97,1018.00,5.70,en,"Science Fiction, Thriller, Adventure, Action, Drama"
15-12-1989,Glory,17.97,1188.00,7.50,en,"Drama, History, War"
13-03-2022,Apollo 10½:  A Space Age Childhood,17.97,0.00,0.00,en,"Adventure, Animation, Comedy"
26-01-1990,Dark Angel,17.97,203.00,6.00,en,"Action, Thriller, Science Fiction, Crime, Horror"
09-05-2019,We Die Young,17.97,216.00,6.90,en,"Drama, Action, Crime, Thriller"
12-04-2019,Wild Rose,17.97,241.00,6.80,en,"Music, Comedy, Drama"
05-10-2012,Puella Magi Madoka Magica the Movie Part I: Beginnings,17.97,84.00,7.50,ja,"Thriller, Animation, Fantasy"
15-11-2004,Mickey's Twice Upon a Christmas,17.97,312.00,7.10,en,"Animation, Family"
14-04-2004,Balto III: Wings of Change,17.96,276.00,6.70,en,"Family, Adventure, Animation"
03-10-1982,The Gendarme and the Gendarmettes,17.96,429.00,6.00,fr,Comedy
27-09-2018,The Pool,17.96,161.00,5.80,th,"Thriller, Horror"
14-09-2013,Life of Crime,17.96,309.00,5.70,en,"Comedy, Crime"
23-04-2010,The Back-Up Plan,17.96,1196.00,6.10,en,"Comedy, Romance"
09-08-2018,El Angel,17.96,447.00,7.40,es,"Drama, Crime"
29-12-2009,The Marine 2,17.95,160.00,6.10,en,Action
12-08-2016,Call of Heroes,17.95,60.00,6.40,cn,"Adventure, Action"
16-08-1999,Mickey Blue Eyes,17.95,436.00,5.60,en,"Comedy, Crime, Romance"
28-07-1995,Kids,17.95,830.00,6.90,en,"Drama, Crime"
18-05-2018,Show Dogs,17.95,196.00,6.00,en,"Adventure, Crime, Family, Comedy"
28-04-2006,Another Gay Movie,17.94,143.00,6.00,en,"Comedy, Romance"
17-09-2004,Adventures of Arsène Lupin,17.94,273.00,5.20,fr,"Romance, Action, Adventure, Crime, Mystery"
08-11-1962,Mutiny on the Bounty,17.94,214.00,7.00,en,"Adventure, Drama, History"
06-12-2018,100 Things,17.94,200.00,6.70,de,Comedy
10-07-2006,Open Water 2: Adrift,17.94,547.00,5.50,en,"Drama, Horror, Thriller"
06-10-2000,Help! I'm a Fish,17.94,302.00,6.70,da,"Adventure, Animation, Comedy"
13-01-2006,Last Holiday,17.93,517.00,7.00,en,"Adventure, Comedy, Drama"
01-01-2008,Unstable Fables: 3 Pigs & a Baby,17.93,43.00,6.00,en,"Family, Animation, Comedy"
17-11-2017,Almost Friends,17.93,213.00,6.50,en,"Drama, Comedy"
09-01-2020,Glass Houses,17.93,9.00,6.10,en,"Thriller, TV Movie"
03-10-2013,The Keeper of Lost Causes,17.93,561.00,7.10,da,"Thriller, Mystery, Crime"
06-02-2009,The Pink Panther 2,17.93,899.00,5.70,en,"Comedy, Mystery"
01-08-2019,Awake,17.92,91.00,5.20,en,Thriller
11-09-1992,Hellraiser III: Hell on Earth,17.92,521.00,5.60,en,Horror
17-10-1956,Around the World in Eighty Days,17.92,349.00,6.70,en,"Adventure, Comedy, Family, Fantasy, Romance"
14-02-2014,3 Days to Kill,17.92,1783.00,6.10,en,"Action, Drama, Thriller"
11-08-2015,Power Rangers Super Megaforce: The Legendary Battle,17.91,19.00,6.90,en,"Action, Adventure, Science Fiction"
16-04-2020,Becoming,17.91,46.00,5.50,en,"Science Fiction, Drama, Thriller, Horror"
26-06-2012,2-Headed Shark Attack,17.91,182.00,4.10,en,"Horror, Action, Thriller, Science Fiction"
28-09-1977,Eraserhead,17.90,1843.00,7.50,en,"Fantasy, Horror"
02-12-2016,Jackie,17.90,2003.00,6.40,en,Drama
30-10-2018,Heart of Batman,17.89,2.00,4.00,en,Documentary
22-09-2011,Silenced,17.89,341.00,8.20,ko,Drama
13-09-2017,The Current War,17.89,817.00,6.60,en,"Drama, History"
24-10-2019,Salma's Big Wish,17.89,104.00,6.90,es,"Animation, Family, Fantasy"
08-10-2015,Navy Seals vs. Zombies,17.89,125.00,4.60,en,"Horror, Action"
15-11-2007,Gabriel,17.89,327.00,6.00,en,"Fantasy, Horror, Action, Science Fiction"
26-01-1994,Three Colors: White,17.88,832.00,7.50,fr,"Comedy, Drama, Mystery"
01-03-2018,Beyond the Edge,17.88,126.00,5.60,ru,"Adventure, Fantasy, Action"
23-12-1987,"Good Morning, Vietnam",17.88,2051.00,7.40,en,"Comedy, Drama, War"
27-05-2017,God of War,17.88,52.00,5.80,zh,"Action, History"
31-08-1994,Milk Money,17.87,205.00,6.30,en,"Comedy, Romance"
17-10-1968,Bullitt,17.87,795.00,7.20,en,"Action, Crime, Drama, Thriller"
15-07-2000,Cardcaptor Sakura: The Sealed Card,17.87,138.00,8.20,ja,"Comedy, Animation, Adventure, Fantasy, Romance, Action"
06-07-1989,The Killer,17.87,536.00,7.70,cn,"Action, Crime, Drama, Thriller"
15-10-2004,Five Children and It,17.86,186.00,5.50,en,"Adventure, Fantasy, Drama, Science Fiction, Family"
02-12-2016,Run the Tide,17.86,44.00,5.70,en,Drama
24-04-2017,A Ghost Story,17.86,1831.00,7.10,en,"Drama, Fantasy"
13-06-2007,Inside,17.86,555.00,6.70,fr,Horror
30-09-2018,Cinderella and the Secret Prince,17.86,48.00,6.80,en,"Animation, Adventure, Family, Fantasy"
10-05-2019,Play or Die,17.86,122.00,5.50,en,"Horror, Mystery"
13-07-2012,Rape Zombie: Lust of the Dead,17.86,104.00,6.20,ja,"Comedy, Horror"
27-02-1920,The Cabinet of Dr. Caligari,17.86,1075.00,8.00,de,"Drama, Horror, Thriller, Crime"
26-08-2021,The Show,17.85,18.00,5.70,en,"Drama, Fantasy, Mystery"
04-08-2017,JoJo's Bizarre Adventure: Diamond Is Unbreakable – Chapter 1,17.85,59.00,7.00,ja,"Action, Adventure, Fantasy, Thriller"
06-11-1996,The Land Before Time IV: Journey Through the Mists,17.85,274.00,6.20,en,"Animation, Adventure, Family"
25-02-2000,Reindeer Games,17.85,496.00,5.60,en,"Thriller, Action, Crime, Drama"
23-01-2004,Win a Date with Tad Hamilton!,17.84,420.00,5.70,en,"Comedy, Romance"
14-01-2017,A Royal Winter,17.84,140.00,7.20,en,"TV Movie, Romance"
22-04-2011,Madea's Big Happy Family,17.84,112.00,6.90,en,"Comedy, Drama"
26-09-2017,Blade Runner: Black Out 2022,17.84,273.00,7.30,en,"Action, Animation, Science Fiction"
12-03-2009,Race to Witch Mountain,17.84,1387.00,5.80,en,"Adventure, Family, Fantasy, Science Fiction, Thriller, Action"
08-12-2004,The Phantom of the Opera,17.84,1290.00,7.30,en,"Thriller, Drama, Romance"
16-03-2003,Piglet's Big Movie,17.83,272.00,6.70,en,"Animation, Family"
26-06-1963,King Kong vs. Godzilla,17.83,169.00,6.90,en,"Action, Adventure, Science Fiction"
29-08-2003,Open Range,17.83,804.00,7.20,en,Western
01-01-1977,Porno Girls,17.83,3.00,4.80,en,Crime
10-03-1994,Disclosure,17.82,910.00,6.20,en,"Thriller, Drama, Crime"
30-01-2014,Forbidden Empire,17.82,234.00,5.90,ru,"Thriller, Adventure, Mystery, Fantasy, Horror, Science Fiction"
09-09-2011,Grave Encounters,17.82,1146.00,6.30,en,"Thriller, Horror"
15-04-1962,The Man Who Shot Liberty Valance,17.82,797.00,7.80,en,Western
05-03-1999,Analyze This,17.82,1432.00,6.50,en,"Comedy, Crime"
10-06-1988,Poltergeist III,17.82,354.00,5.20,en,"Horror, Thriller"
21-06-2005,Bewitched,17.82,1274.00,5.00,en,"Comedy, Fantasy, Romance"
08-10-1992,Under Siege,17.82,1144.00,6.20,en,"Action, Thriller"
31-05-2019,Always Be My Maybe,17.81,1080.00,6.70,en,"Romance, Comedy"
03-01-2018,Burn Out,17.81,300.00,6.80,en,"Action, Thriller"
20-03-1972,Solaris,17.81,1174.00,7.90,ru,"Drama, Science Fiction, Mystery"
18-12-2001,The Shipping News,17.81,286.00,6.30,en,"Drama, Romance"
28-06-2018,The Domestics,17.81,340.00,6.20,en,"Thriller, Horror"
25-03-2005,Guess Who,17.80,725.00,5.90,en,"Comedy, Romance"
08-02-2008,"Definitely, Maybe",17.80,1991.00,6.90,en,"Comedy, Romance"
01-01-1998,The Fear of God: 25 Years of The Exorcist,17.80,16.00,6.80,en,Documentary
02-03-2000,Chocolat,17.80,2748.00,6.90,en,"Comedy, Drama, Romance"
23-07-2013,The Wolverine,17.80,8109.00,6.40,en,"Action, Science Fiction, Adventure, Fantasy"
17-04-1981,Lion of the Desert,17.80,119.00,7.30,en,"Action, History, War"
07-10-1994,A Troll in Central Park,17.80,111.00,5.00,en,"Fantasy, Animation, Science Fiction, Family"
31-01-2020,Miss Americana,17.80,414.00,7.90,en,"Documentary, Music"
25-12-2001,Kate & Leopold,17.80,1090.00,6.30,en,"Comedy, Fantasy, Romance"
06-11-2007,Your Friend the Rat,17.80,256.00,6.70,en,"Animation, Family"
03-11-1995,Fair Game,17.79,224.00,4.90,en,"Action, Thriller, Romance"
04-02-2017,The 100th Love with You,17.79,26.00,7.40,ja,"Romance, Drama"
28-09-2011,We Need to Talk About Kevin,17.79,2178.00,7.60,en,"Drama, Thriller"
09-11-2000,Cruel Intentions 2,17.79,286.00,4.90,en,Drama
01-08-2018,Down a Dark Hall,17.79,557.00,5.50,en,"Thriller, Drama, Fantasy, Horror"
18-10-1966,Persona,17.79,1569.00,8.30,sv,Drama
07-09-2013,Fading Gigolo,17.78,486.00,5.80,en,Comedy
01-12-1988,Men Behind the Sun,17.78,135.00,6.20,cn,"War, History, Horror, Drama"
21-08-2020,The One and Only Ivan,17.78,460.00,7.50,en,"Family, Comedy, Drama"
20-04-2009,Another Egg and Chicken Movie,17.77,137.00,7.50,es,"Animation, Comedy, Adventure"
17-10-2014,Camp X-Ray,17.77,851.00,6.80,en,Drama
22-12-1993,Philadelphia,17.77,3407.00,7.70,en,Drama
06-06-1986,Raw Deal,17.77,583.00,5.80,en,"Action, Crime, Thriller"
29-10-2010,Julia's Eyes,17.77,626.00,6.60,es,"Horror, Thriller"
24-06-2015,Colonia,17.77,1628.00,7.30,en,"Drama, Romance, Thriller, Horror"
24-09-2011,The Ides of March,17.76,1988.00,6.70,en,Drama
26-03-1986,The Money Pit,17.76,863.00,6.40,en,"Comedy, Romance"
08-10-2013,Monster High: 13 Wishes,17.76,105.00,7.30,el,"Family, Fantasy, Music, Animation"
18-09-2003,Lost in Translation,17.76,5861.00,7.40,en,"Comedy, Drama, Romance"
29-04-2011,Prom,17.76,395.00,6.10,en,"Comedy, Romance"
21-11-1996,Jingle All the Way,17.76,2031.00,6.00,en,"Family, Comedy, Adventure"
30-09-2005,Into the Blue,17.76,1200.00,5.80,en,"Action, Thriller, Adventure, Crime"
13-04-2018,Detective Conan: Zero the Enforcer,17.75,107.00,6.00,ja,"Animation, Crime, Mystery, Action, Drama"
01-08-2012,A Turtle's Tale 2: Sammy's Escape from Paradise,17.75,160.00,5.80,en,"Adventure, Animation"
26-04-1980,Kagemusha,17.75,467.00,7.90,ja,"Action, Drama, History, War"
30-07-2013,Lake Placid: The Final Chapter,17.74,129.00,5.20,en,"Horror, Science Fiction"
09-02-2021,Sacrifice,17.74,21.00,5.10,en,Horror
13-05-2021,Great White,17.74,255.00,5.50,en,"Horror, Thriller"
16-06-1980,The Blues Brothers,17.73,3310.00,7.70,en,"Music, Comedy, Action, Crime"
10-09-2020,New Order,17.73,213.00,6.60,es,"Thriller, Drama"
11-08-1962,King Kong vs. Godzilla,17.73,219.00,6.70,ja,"Action, Adventure, Science Fiction"
30-09-2011,A Dangerous Method,17.73,1663.00,6.30,en,"Drama, Thriller"
04-04-2014,In the Blood,17.73,290.00,5.90,en,"Action, Crime, Thriller"
31-08-2013,Fright Night 2: New Blood,17.73,212.00,4.90,en,"Horror, Comedy"
21-12-2012,The Body,17.73,959.00,7.60,es,"Thriller, Mystery"
17-10-2014,"Men, Women & Children",17.72,751.00,6.50,en,"Drama, Comedy"
21-06-2018,Under the Silver Lake,17.72,934.00,6.40,en,"Crime, Drama, Mystery"
14-09-2005,Beowulf & Grendel,17.72,166.00,5.70,en,"Action, Adventure, Drama, Fantasy"
14-08-2020,The Eight Hundred,17.72,144.00,7.10,zh,"War, History, Drama, Action"
29-06-1983,Private School,17.71,110.00,5.30,en,"Comedy, Romance"
11-08-2017,The Glass Castle,17.71,610.00,7.10,en,Drama
09-07-2004,Anchorman: The Legend of Ron Burgundy,17.71,3360.00,6.70,en,Comedy
10-06-2014,Ghost of Goodnight Lane,17.71,19.00,5.20,en,"Horror, Comedy"
25-08-2011,Men in Hope,17.71,126.00,7.50,cs,"Comedy, Romance"
12-03-2004,Agent Cody Banks 2: Destination London,17.71,511.00,5.50,en,"Comedy, Action, Adventure, Family"
30-06-1993,The Firm,17.70,1522.00,6.70,en,"Drama, Mystery, Thriller"
02-05-1992,Midori,17.70,78.00,6.50,ja,"Horror, Animation, Drama"
11-08-1995,A Kid in King Arthur's Court,17.70,130.00,4.80,en,"Adventure, Fantasy, Comedy, Science Fiction, Family"
27-08-2003,Anything Else,17.70,467.00,6.20,en,"Comedy, Romance"
10-03-2022,Madu Murni,17.70,0.00,0.00,id,"Comedy, Drama"
23-10-2020,Hard Kill,17.70,413.00,5.10,en,"Action, Thriller"
03-05-2018,Terrified,17.70,356.00,6.60,es,Horror
17-03-2016,The Belko Experiment,17.70,1126.00,6.10,en,"Thriller, Horror, Action"
25-12-2011,The Gruffalo's Child,17.70,98.00,7.00,en,"Adventure, Animation, Family, Fantasy"
12-11-2001,Tom and Jerry: The Magic Ring,17.69,189.00,6.20,en,"Family, Animation, Fantasy, Comedy, Action"
09-12-1987,Empire of the Sun,17.69,1457.00,7.50,en,"Drama, History, War"
08-11-2012,Deadfall,17.69,525.00,5.90,en,"Crime, Drama, Thriller"
15-05-2005,Battle in Heaven,17.69,77.00,5.10,es,Drama
07-10-1971,Bedknobs and Broomsticks,17.69,763.00,7.00,en,"Adventure, Fantasy, Comedy, Family, Music"
16-09-2016,ARQ,17.69,940.00,6.10,en,"Science Fiction, Thriller"
22-03-1990,The Ambulance,17.69,67.00,5.90,en,"Action, Horror, Thriller, Comedy, Romance"
25-08-2018,Roma,17.68,3337.00,7.70,es,Drama
11-03-2014,"Easy Sex, Sad Movies",17.68,50.00,5.40,es,Comedy
15-03-2019,Nancy Drew and the Hidden Staircase,17.68,172.00,6.50,en,"Crime, Family, Comedy, Mystery"
25-03-2022,Infinite Storm,17.68,0.00,0.00,en,Drama
17-01-1992,Juice,17.68,299.00,7.20,en,"Crime, Drama, Thriller"
14-08-1982,Piranha II: The Spawning,17.67,161.00,4.40,en,Horror
19-02-2004,Wild Things 2,17.67,135.00,5.10,en,"Crime, Drama, Mystery"
23-09-2002,Vampires: Los Muertos,17.67,162.00,5.40,en,"Horror, Thriller, Action"
05-11-2008,The Informers,17.67,158.00,4.60,en,Drama
28-06-1996,Striptease,17.67,845.00,5.60,en,"Comedy, Crime, Drama"
19-12-2019,Cats,17.67,724.00,4.20,en,"Fantasy, Comedy, Drama"
28-01-2005,Alone in the Dark,17.66,450.00,3.20,en,"Action, Fantasy, Horror"
07-09-2013,Are You Here,17.66,225.00,5.20,en,Comedy
11-07-2013,The Frozen Ground,17.66,1183.00,6.30,en,"Thriller, Crime"
21-08-1994,Grappler Baki,17.66,13.00,6.30,ja,"Animation, Action"
20-04-2001,The Hole,17.66,647.00,6.20,en,"Crime, Drama, Horror, Thriller"
27-07-2006,Dragon Tiger Gate,17.65,151.00,6.60,cn,"Action, Thriller"
09-01-2009,Thick as Thieves,17.65,628.00,5.90,en,"Action, Thriller, Crime"
17-03-2006,Thank You for Smoking,17.65,1678.00,7.20,en,"Comedy, Drama"
12-02-1932,Freaks,17.65,853.00,7.80,en,"Drama, Horror"
07-02-1985,Daughters of Eve,17.65,8.00,5.30,tl,"Horror, Drama, Crime"
08-09-1993,The Joy Luck Club,17.64,101.00,7.20,en,Drama
08-11-2019,The Good Liar,17.64,814.00,6.70,en,Crime
14-10-2020,Tiempo,17.64,4.00,4.50,es,Drama
13-09-2005,Walk the Line,17.64,2271.00,7.50,en,"Drama, Music, Romance"
08-11-2019,Let It Snow,17.64,983.00,6.10,en,"Romance, Comedy"
14-06-1948,Fort Apache,17.63,251.00,7.00,en,Western
17-05-2012,What to Expect When You're Expecting,17.63,1568.00,6.00,en,"Romance, Comedy, Drama"
01-03-2019,The Aftermath,17.63,506.00,6.40,en,"War, Drama, Romance"
09-05-2018,The Extraordinary Journey of the Fakir,17.63,238.00,7.00,en,"Comedy, Adventure, Drama"
19-10-2018,mid90s,17.63,1127.00,7.50,en,"Drama, Comedy"
01-08-1985,Weird Science,17.63,1061.00,6.50,en,"Comedy, Romance, Science Fiction"
10-05-2006,Poseidon,17.63,1702.00,5.80,en,"Adventure, Action, Drama, Thriller"
04-10-1989,Asterix and the Big Fight,17.62,450.00,6.30,fr,"Family, Animation, Adventure, Comedy"
15-10-2014,Samba,17.62,803.00,6.40,fr,"Drama, Comedy"
20-05-2016,The Call Up,17.62,111.00,5.20,en,"Adventure, Action, Science Fiction"
15-06-2007,Sex and Death 101,17.62,209.00,6.00,en,"Comedy, Romance, Drama"
20-12-1967,Asterix the Gaul,17.61,536.00,6.40,fr,"Family, Animation, Adventure, Comedy"
01-02-2008,Vantage Point,17.61,1653.00,6.40,en,"Drama, Action, Thriller, Crime"
12-07-2018,Sabrina,17.61,148.00,5.30,id,"Horror, Thriller"
26-11-1975,Barry Lyndon,17.61,2141.00,8.00,en,"Drama, Romance, War"
20-07-2010,2001 Maniacs: Field of Screams,17.61,60.00,4.00,en,"Comedy, Horror"
22-03-2007,Erotic Seductions,17.61,6.00,6.30,en,Drama
30-08-2013,The Lifeguard,17.61,241.00,5.40,en,"Drama, Comedy, Romance"
04-09-2008,RockNRolla,17.61,2311.00,7.00,en,"Action, Crime, Thriller"
06-10-1995,Assassins,17.61,1187.00,6.40,en,"Action, Adventure, Crime, Thriller"
11-05-1980,The Return of the King,17.60,100.00,6.70,en,"Animation, Fantasy, Adventure"
05-09-2001,The Piano Teacher,17.60,773.00,7.30,fr,"Drama, Romance"
06-09-2017,Crooked House,17.60,732.00,6.40,en,"Drama, Mystery, Crime"
13-02-2014,Winter's Tale,17.60,1138.00,6.30,en,"Drama, Fantasy, Mystery, Romance"
15-02-2023,The Marvels,17.59,0.00,0.00,en,"Action, Adventure, Science Fiction"
31-08-2018,Reprisal,17.59,222.00,5.30,en,"Action, Thriller, Crime"
23-12-1954,"20,000 Leagues Under the Sea",17.59,611.00,7.10,en,"Adventure, Drama, Family, Fantasy, Science Fiction"
07-06-2003,Dracula II: Ascension,17.59,104.00,5.50,en,Horror
15-01-2021,Double Dad,17.59,133.00,6.80,pt,"Comedy, Drama, Family"
29-07-2008,Stargate: Continuum,17.59,368.00,7.10,en,"Adventure, Science Fiction, TV Movie"
02-07-2021,The God Committee,17.58,39.00,7.00,en,Thriller
05-04-1966,Django,17.58,649.00,7.20,it,"Action, Western"
27-03-2003,What a Girl Wants,17.58,1374.00,6.20,en,"Comedy, Romance, Drama, Family"
17-07-2020,The Current Occupant,17.58,17.00,5.60,en,"Thriller, Mystery, Horror"
25-03-2014,Naked Ambition 3D,17.58,28.00,5.10,cn,Comedy
06-06-1976,The Omen,17.58,1467.00,7.40,en,"Horror, Thriller"
22-07-2015,Sharknado 3: Oh Hell No!,17.57,398.00,4.70,en,"Action, TV Movie, Science Fiction, Comedy, Adventure"
12-05-2016,Monolith,17.57,303.00,5.20,en,"Drama, Thriller"
07-01-2016,No Filter,17.57,70.00,5.80,es,Comedy
30-01-2008,Astérix at the Olympic Games,17.57,1566.00,5.20,fr,"Fantasy, Adventure, Comedy, Family"
18-04-1973,Soylent Green,17.57,894.00,6.90,en,"Crime, Mystery, Science Fiction, Thriller"
16-08-2013,Phineas and Ferb: Mission Marvel,17.57,120.00,6.60,en,"Family, Comedy, Animation, Adventure, Science Fiction, TV Movie"
11-03-2011,Jane Eyre,17.57,1191.00,7.20,en,"Drama, Romance"
27-07-1991,A Brighter Summer Day,17.57,183.00,8.30,zh,"Crime, Drama, Romance"
27-06-2019,Killers Anonymous,17.56,150.00,4.80,en,"Action, Thriller, Crime, Mystery"
09-09-2016,I.T.,17.56,505.00,5.40,en,"Crime, Drama, Thriller"
08-12-1964,Angelique,17.56,136.00,6.90,fr,"Adventure, Romance, History"
23-09-2013,Blood of Redemption,17.55,38.00,4.90,en,"Drama, Action, Thriller, Crime"
05-05-2017,A Stork's Journey,17.55,112.00,6.00,en,"Family, Fantasy, Adventure, Animation, Comedy"
15-09-2006,The Queen,17.55,980.00,7.00,en,"Drama, History"
24-07-1974,Death Wish,17.55,575.00,6.90,en,Action
16-05-2018,Blindsided: The Game,17.55,44.00,8.40,es,"Comedy, Action, Drama"
04-05-2018,The Con Is On,17.55,120.00,4.10,en,"Comedy, Crime"
29-07-1988,Cocktail,17.54,1091.00,6.00,en,"Romance, Drama, Comedy"
20-09-2007,Mongol: The Rise of Genghis Khan,17.54,457.00,6.70,ru,"History, Adventure, War, Action"
17-08-1977,That Obscure Object of Desire,17.54,251.00,7.50,fr,"Comedy, Drama, Romance"
20-02-2022,Aurora Teagarden Mysteries: Haunted By Murder,17.54,3.00,5.00,en,"TV Movie, Mystery"
29-10-2004,Ray,17.53,1492.00,7.40,en,"Drama, Music"
17-02-2015,Scooby-Doo! Moon Monster Madness,17.53,123.00,7.80,en,"Adventure, Animation, Family, Comedy, Mystery, Science Fiction"
11-02-2006,House of the Dead 2,17.53,91.00,4.60,en,"TV Movie, Horror"
15-04-2017,Detective Conan: The Crimson Love Letter,17.52,59.00,6.50,ja,"Action, Adventure, Animation, Crime, Family, Mystery"
29-05-2014,A Hard Day,17.52,319.00,7.10,ko,"Action, Crime, Thriller"
09-10-1947,Nightmare Alley,17.52,133.00,7.20,en,"Drama, Crime"
18-11-2012,Sofia the First: Once Upon a Princess,17.52,72.00,7.10,en,"Animation, Family"
16-05-1956,The Man Who Knew Too Much,17.52,1022.00,7.50,en,"Crime, Drama, Mystery, Thriller"
31-10-2011,Monster High: Fright On!,17.51,34.00,6.30,en,"Family, Animation, Fantasy"
01-01-1976,A Real Young Girl,17.51,83.00,5.30,fr,Drama
18-08-2015,Batman Unlimited: Monster Mayhem,17.50,104.00,6.20,en,"Action, Animation, Family"
06-10-1954,Ulysses,17.50,114.00,6.40,en,"Adventure, Fantasy"
30-08-2019,Official Secrets,17.50,660.00,7.30,en,"Thriller, History, Drama"
12-08-1988,Mac and Me,17.50,185.00,4.20,en,"Family, Fantasy, Science Fiction"
13-09-2018,Mandy,17.50,1408.00,6.20,en,"Horror, Action, Thriller, Fantasy"
16-06-2017,China Salesman,17.50,72.00,6.00,zh,"Thriller, Action"
08-05-2009,Powder Blue,17.50,161.00,6.00,en,Drama
12-06-1998,Can't Hardly Wait,17.49,404.00,6.30,en,"Comedy, Romance"
07-08-1981,Heavy Metal,17.49,506.00,6.50,en,"Animation, Science Fiction, Adventure, Fantasy, Music"
19-12-1979,Being There,17.49,723.00,7.60,en,"Comedy, Drama"
27-09-1947,Fun and Fancy Free,17.48,320.00,6.30,en,"Animation, Family, Music"
22-11-1988,Scrooged,17.48,1116.00,6.80,en,"Fantasy, Comedy, Drama"
10-01-2008,27 Dresses,17.47,2674.00,6.40,en,"Comedy, Romance"
03-08-1955,To Catch a Thief,17.47,1134.00,7.40,en,"Crime, Drama, Mystery, Romance, Thriller"
24-06-2000,Escaflowne: The Movie,17.47,102.00,6.90,ja,"Animation, Adventure, Drama, Fantasy"
15-03-2019,The Mustang,17.47,299.00,7.00,en,Drama
10-04-1998,City of Angels,17.47,1708.00,6.80,en,"Romance, Drama, Fantasy"
09-03-1972,Tales from the Crypt,17.46,199.00,6.80,en,Horror
12-11-1963,McLintock!,17.46,162.00,6.60,en,"Western, Comedy"
19-05-1988,Crocodile Dundee II,17.46,844.00,5.80,en,"Adventure, Comedy"
21-03-2014,Canon (Fidelidad al límite),17.46,13.00,4.30,es,Drama
24-07-2008,The X Files: I Want to Believe,17.46,1168.00,5.70,en,"Drama, Mystery, Science Fiction, Thriller"
14-02-2007,88 Minutes,17.46,857.00,5.70,en,"Crime, Mystery, Thriller"
05-12-2013,The Adventurer: The Curse of the Midas Box,17.45,169.00,5.60,en,"Fantasy, Adventure, Family"
30-01-2007,Prey,17.45,268.00,5.60,en,"Adventure, Horror, Thriller"
24-06-2015,One Wild Moment,17.45,886.00,5.80,fr,"Comedy, Drama, Romance"
31-03-2010,The Last Song,17.45,3012.00,7.20,en,"Drama, Family, Romance"
04-03-2004,Hotel Rwanda,17.45,2252.00,7.70,en,"Drama, History, War"
12-07-2005,Dracula III: Legacy,17.45,77.00,4.90,en,Horror
18-04-2021,My Father's Other Family,17.45,2.00,1.50,en,"Thriller, Drama"
08-01-2014,Devil's Due,17.45,419.00,4.60,en,Horror
18-05-1990,Bird on a Wire,17.44,676.00,6.20,en,"Action, Adventure, Comedy, Romance"
25-11-2003,The Haunted Mansion,17.44,1593.00,5.60,en,"Thriller, Fantasy, Comedy, Family, Mystery"
23-07-2005,Family Guy Presents: Stewie Griffin: The Untold Story,17.44,293.00,6.90,en,"Action, Adventure, Animation, Comedy"
07-10-2010,Animals United,17.43,244.00,5.60,de,"Animation, Family, Comedy"
15-04-2002,Cube 2: Hypercube,17.43,1092.00,5.50,en,"Thriller, Science Fiction, Mystery"
25-12-1998,Mighty Joe Young,17.43,650.00,6.20,en,"Adventure, Family, Action, Fantasy"
02-10-1959,Imitation of Life,17.42,194.00,7.50,en,"Drama, Romance"
11-08-2017,Cage Dive,17.42,252.00,4.60,en,"Horror, Drama, Thriller, Mystery"
01-05-1973,Thriller: A Cruel Picture,17.42,130.00,6.50,sv,"Action, Thriller, Crime, Drama"
10-05-1988,The Big Blue,17.42,1125.00,7.50,fr,"Adventure, Drama, Romance"
13-04-2018,I Am Not an Easy Man,17.42,880.00,6.30,fr,Comedy
18-09-2018,Girl,17.42,558.00,7.20,nl,Drama
13-06-2003,Rugrats Go Wild,17.42,241.00,6.20,en,"Family, Animation, Adventure, Comedy"
03-07-2020,The Voices,17.41,13.00,6.00,en,"Horror, Thriller"
15-10-2002,Hellraiser: Hellseeker,17.41,233.00,4.90,en,"Horror, Thriller, Mystery"
22-11-2000,Quills,17.41,487.00,7.20,en,Drama
26-12-2019,7500,17.41,584.00,6.10,en,"Action, Drama, Thriller"
24-04-2010,One Piece: Strong World Episode 0,17.41,58.00,7.30,ja,"Action, Animation, Comedy"
14-12-2018,Beyond White Space,17.40,72.00,4.70,en,"Science Fiction, Thriller"
10-12-2013,Minions: Puppy,17.40,175.00,7.30,en,"Animation, Family, Comedy, Science Fiction"
29-03-2019,Junglee,17.40,82.00,6.70,hi,"Action, Adventure"
20-09-1972,The Getaway,17.40,387.00,7.10,en,"Action, Crime, Thriller"
16-10-2005,Havoc,17.40,225.00,5.20,en,"Crime, Drama"
09-12-2021,Asakusa Kid,17.39,24.00,6.60,ja,Drama
13-09-1969,Funeral Parade of Roses,17.39,119.00,7.40,ja,"Drama, Fantasy"
04-02-1995,A Chinese Odyssey Part Two: Cinderella,17.39,120.00,7.50,cn,"Comedy, Fantasy"
30-12-2015,Anomalisa,17.38,1395.00,7.10,en,"Animation, Drama, Romance, Comedy"
25-01-2002,The Mothman Prophecies,17.38,856.00,6.20,en,"Drama, Horror, Mystery"
01-11-2019,Harriet,17.38,558.00,7.30,en,"Drama, History"
08-10-2016,Batman: Return of the Caped Crusaders,17.38,188.00,6.50,en,"Action, Animation, Adventure, Crime, Science Fiction"
24-09-1999,Double Jeopardy,17.37,964.00,6.50,en,Thriller
24-07-2018,One Crazy Summer: A Look Back at Gravity Falls,17.37,1.00,2.00,en,Documentary
30-05-1957,Gunfight at the O.K. Corral,17.37,232.00,7.00,en,Western
14-04-1989,Say Anything...,17.37,749.00,7.10,en,"Romance, Comedy, Drama"
01-12-2017,Slumber,17.36,286.00,5.30,en,Horror
01-06-2016,Kindergarten Cop 2,17.36,179.00,5.00,en,"Comedy, Action"
29-01-1993,Sniper,17.36,298.00,6.10,en,"Action, Drama, Thriller"
04-03-2005,The Jacket,17.36,1152.00,6.90,en,"Thriller, Mystery, Drama"
09-02-2012,I Am Bruce Lee,17.36,119.00,7.70,en,Documentary
15-04-2006,Detective Conan: The Private Eyes' Requiem,17.36,91.00,7.10,ja,"Animation, Mystery"
31-07-2010,"Naruto, the Genie, and the Three Wishes, Believe It!",17.36,10.00,7.90,ja,"Animation, Action, Comedy"
26-10-2017,Thank You for Your Service,17.36,265.00,6.50,en,"Drama, War"
15-08-1980,Smokey and the Bandit II,17.36,213.00,5.60,en,"Action, Comedy"
12-03-2010,13,17.36,620.00,5.70,en,"Drama, Thriller"
01-08-1990,Young Guns II,17.36,406.00,6.50,en,"Western, Adventure"
03-11-2006,Unknown,17.36,315.00,6.20,en,Thriller
10-03-2022,The Treasures of Crimea,17.35,0.00,0.00,nl,Documentary
01-05-2018,Darc,17.34,154.00,6.20,en,"Action, Thriller"
17-06-1977,The Deep,17.34,159.00,6.00,en,"Mystery, Thriller, Adventure"
08-12-1995,Father of the Bride Part II,17.34,559.00,6.20,en,"Comedy, Family"
10-03-1989,Chances Are,17.34,208.00,6.70,en,"Fantasy, Comedy, Romance"
02-02-1978,The 36th Chamber of Shaolin,17.34,273.00,7.50,zh,"Action, Adventure"
03-07-2011,1911,17.33,121.00,5.70,zh,"Adventure, Drama, Action, History, War"
15-08-2020,Fate/stay night: Heaven's Feel III. Spring Song,17.33,111.00,7.60,ja,"Animation, Romance, Fantasy, Action, Drama"
19-05-1993,The Piano,17.33,1095.00,7.40,en,"Drama, Romance"
17-12-2004,Spanglish,17.33,1047.00,6.00,en,Comedy
20-06-2019,Above Suspicion,17.33,191.00,6.00,en,"Thriller, Crime"
01-12-1978,The Star Wars Holiday Special,17.33,348.00,3.30,en,"Adventure, Comedy, Family, Science Fiction, TV Movie"
12-03-1971,The Andromeda Strain,17.33,493.00,7.00,en,"Science Fiction, Thriller"
13-09-2009,The Invention of Lying,17.33,1613.00,6.20,en,"Comedy, Fantasy, Romance"
28-02-2019,Cinderela Pop,17.32,263.00,6.50,pt,"Romance, Comedy"
25-08-2006,Invincible,17.32,710.00,6.90,en,"Drama, History"
17-03-2006,Volver,17.32,1282.00,7.50,es,"Comedy, Drama, Romance"
25-11-2021,Cam Girls,17.31,0.00,0.00,en,Romance
14-05-2019,Backdraft 2,17.31,128.00,6.50,en,"Action, Crime, Drama"
29-11-2013,Saving Mr. Banks,17.31,2833.00,7.40,en,"Comedy, Drama, History"
08-01-2014,Boys,17.31,541.00,7.60,nl,Drama
10-06-1982,Tootsie,17.31,1366.00,7.20,en,"Comedy, Romance"
25-10-2019,Mr. Jones,17.31,218.00,6.60,en,"Thriller, Drama, History"
15-06-1967,The Dirty Dozen,17.30,889.00,7.60,en,"Action, Adventure, War"
09-12-2011,Ranma ½,17.30,40.00,6.90,ja,"Action, Comedy, Fantasy"
28-04-2000,The Flintstones in Viva Rock Vegas,17.30,579.00,4.80,en,"Comedy, Family, Romance"
07-03-2016,The Exorcism of Anna Ecklund,17.30,77.00,3.60,en,"Thriller, Horror"
12-06-1981,History of the World: Part I,17.29,583.00,6.70,en,Comedy
07-09-1995,"To Wong Foo, Thanks for Everything! Julie Newmar",17.29,482.00,7.30,en,Comedy
18-02-1994,On Deadly Ground,17.29,319.00,4.70,en,"Action, Thriller"
26-07-2006,Little Miss Sunshine,17.28,5556.00,7.70,en,"Comedy, Drama"
05-03-2020,The Way Back,17.28,739.00,6.60,en,Drama
03-03-2009,Wonder Woman,17.28,437.00,7.30,en,"Action, Adventure, Animation, Fantasy, Science Fiction"
15-09-2015,Hidden,17.28,536.00,6.60,en,"Thriller, Horror"
14-08-2009,The Time Traveler's Wife,17.28,2001.00,6.90,en,"Drama, Romance, Fantasy"
31-08-2006,The Wicker Man,17.28,1043.00,4.30,en,"Horror, Mystery, Thriller, Drama"
24-05-2017,Dirty Dancing,17.27,390.00,5.50,en,"Drama, Romance"
08-10-2004,Primer,17.27,1670.00,6.90,en,"Science Fiction, Drama, Thriller"
15-12-2012,One Piece: Episode of Luffy - Hand Island Adventure,17.27,34.00,6.80,ja,"Action, Animation, Adventure, Comedy, Drama"
01-02-2019,Viking Blood,17.27,53.00,6.40,en,Action
16-02-2012,Monster High: Escape from Skull Shores,17.27,71.00,7.80,en,"Animation, Family, Fantasy"
26-03-2021,An Optical Illusion - Interval,17.27,24.00,4.80,es,Thriller
23-04-2021,Crayon Shin-chan: Shrouded in Mystery! The Flowers of Tenkazu Academy,17.27,1.00,7.00,ja,Animation
23-12-1961,Barabbas,17.27,116.00,7.00,en,"Adventure, Drama, History"
12-08-1989,Violent Cop,17.27,255.00,7.20,ja,"Action, Crime, Drama"
06-08-1994,Street Fighter II: The Animated Movie,17.27,139.00,6.90,ja,"Animation, Action"
17-04-2020,Earth and Blood,17.27,262.00,6.20,fr,"Action, Thriller"
25-12-1996,The People vs. Larry Flynt,17.26,835.00,7.00,en,Drama
10-03-2022,Mengejar Surga,17.26,0.00,0.00,en,"Drama, Romance"
18-02-2022,The Ledge,17.26,12.00,7.10,en,Thriller
31-10-2010,Monster High: New Ghoul at School,17.26,34.00,6.50,en,"Family, Animation, Fantasy"
23-11-2016,Rules Don't Apply,17.26,411.00,5.80,en,"Romance, Comedy, Drama"
28-11-1983,The Day After,17.26,261.00,6.70,en,"TV Movie, Science Fiction, Drama"
05-09-2012,Bait,17.25,609.00,5.70,en,"Action, Horror, Thriller"
19-03-2004,Taking Lives,17.25,1233.00,6.40,en,"Crime, Thriller"
04-06-1992,Patriot Games,17.25,1227.00,6.70,en,"Drama, Action, Thriller, Crime"
11-08-2011,Gokuraku sentô: Kyonyû yumomi,17.25,1.00,2.00,ja,Comedy
18-01-2019,Close,17.25,692.00,5.80,en,"Action, Thriller"
26-08-2020,Making The Witcher,17.24,44.00,7.70,en,Documentary
06-12-2002,Adaptation.,17.24,1927.00,7.40,en,"Comedy, Crime, Drama"
16-10-2020,Alone,17.24,116.00,5.90,en,"Horror, Thriller"
15-09-2019,Battle at Big Rock,17.23,83.00,7.10,en,"Adventure, Science Fiction, Action"
15-05-1991,The Double Life of Véronique,17.23,532.00,7.60,fr,"Drama, Mystery, Fantasy"
01-09-2017,God's Own Country,17.23,693.00,7.80,en,"Romance, Drama"
13-08-2021,Raging Fire,17.23,72.00,7.20,cn,"Action, Crime"
10-08-2001,Osmosis Jones,17.23,820.00,6.50,en,"Adventure, Animation, Action, Comedy, Family"
19-01-2018,Eighth Grade,17.23,1162.00,7.20,en,"Comedy, Drama"
08-11-2017,You Were Never Really Here,17.22,2182.00,6.50,en,"Thriller, Drama, Crime"
11-11-2005,Derailed,17.22,788.00,6.30,en,"Drama, Thriller"
28-12-1954,Animal Farm,17.22,344.00,6.90,en,"Animation, Drama"
15-12-2011,The Flowers of War,17.22,578.00,7.50,zh,"Drama, History, War"
13-09-2010,The Ward,17.22,979.00,5.80,en,"Horror, Thriller"
01-05-2021,Ovella,17.21,10.00,6.00,ca,Drama
01-04-2009,Mutant Pumpkins from Outer Space,17.21,220.00,5.80,en,"TV Movie, Animation, Family, Comedy"
04-08-2011,Headhunters,17.21,941.00,7.30,no,"Thriller, Crime, Action"
21-08-2010,Lake Placid 3,17.21,167.00,5.40,en,"Horror, Action, Science Fiction, Thriller"
10-01-1992,The Hand that Rocks the Cradle,17.21,666.00,6.80,en,"Drama, Thriller"
05-05-2001,The Order,17.21,192.00,5.10,en,"Adventure, Action, Comedy"
25-10-2011,Zombies: A Living History,17.20,7.00,6.70,en,Documentary
07-10-2008,City of Ember,17.20,1417.00,6.30,en,"Adventure, Family, Fantasy"
06-12-2018,In Fabric,17.20,184.00,5.60,en,"Horror, Fantasy, Comedy"
10-05-2002,Killing Me Softly,17.20,224.00,5.50,en,Thriller
02-07-2020,Force of Nature,17.20,362.00,5.20,en,"Action, Crime"
05-09-2013,7th Floor,17.20,191.00,5.80,es,"Drama, Thriller"
09-09-2016,When the Bough Breaks,17.20,320.00,5.80,en,"Mystery, Drama, Horror"
26-09-2012,In the House,17.20,653.00,7.30,fr,"Comedy, Drama, Mystery, Thriller"
25-06-1981,Stripes,17.20,680.00,6.50,en,"Action, Comedy"
19-12-2002,Two Weeks Notice,17.20,1661.00,6.30,en,"Comedy, Romance"
04-03-2006,Doraemon: Nobita's Dinosaur,17.20,50.00,6.90,ja,"Animation, Adventure, Family"
09-12-1993,Sister Act 2: Back in the Habit,17.20,1416.00,6.40,en,"Music, Comedy"
14-08-2020,Spree,17.19,160.00,6.70,en,"Horror, Comedy, Crime, Thriller"
25-12-1998,Patch Adams,17.18,2660.00,7.30,en,"Comedy, Drama"
19-01-2017,The Bride,17.18,299.00,5.90,ru,"Mystery, Horror, Thriller"
01-09-1993,Bad Boy Bubby,17.18,192.00,7.10,en,"Crime, Drama, Comedy"
13-11-1992,Love Potion No. 9,17.18,207.00,6.10,en,"Comedy, Romance, Fantasy, Science Fiction"
10-05-2003,Azumi,17.18,250.00,6.80,ja,"Adventure, Drama, Action, Thriller, Romance"
12-11-1999,Dogma,17.18,1979.00,6.90,en,"Fantasy, Comedy, Adventure"
05-02-2021,The Right One,17.17,26.00,6.80,en,"Comedy, Romance"
17-05-2006,The Breed,17.17,274.00,5.30,en,"Thriller, Horror"
10-04-2021,Seven Deadly Sins: Lust,17.17,3.00,6.30,en,Drama
13-09-2019,Can You Keep a Secret?,17.17,703.00,6.60,en,"Romance, Comedy"
18-10-2011,Hellraiser: Revelations,17.17,206.00,3.70,en,Horror
17-04-2019,Homecoming: A Film by Beyoncé,17.17,285.00,8.20,en,"Documentary, Music"
26-09-2019,A Shaun the Sheep Movie: Farmageddon,17.17,351.00,7.00,en,"Comedy, Animation, Family"
12-02-2021,Hate by Dani Rovira,17.16,34.00,7.40,es,Comedy
26-03-1992,White Men Can't Jump,17.16,974.00,6.60,en,"Comedy, Drama"
07-10-1987,Baby Boom,17.16,288.00,6.40,en,"Comedy, Drama, Romance"
02-06-1969,The Italian Job,17.16,525.00,7.00,en,"Action, Crime, Comedy, Thriller"
27-09-2018,Night School,17.15,1399.00,6.20,en,Comedy
27-10-2017,Novitiate,17.15,127.00,6.40,en,Drama
12-12-2008,Ip Man,17.15,2970.00,7.70,cn,"Drama, Action, History"
09-06-2017,Megan Leavey,17.15,609.00,7.30,en,"Drama, War"
03-09-1993,Iron Monkey,17.15,210.00,7.50,cn,"Action, Crime, Drama"
02-12-1988,Tequila Sunrise,17.15,360.00,6.10,en,"Crime, Romance, Thriller"
15-03-2013,The Wizards Return: Alex vs. Alex,17.15,621.00,6.90,en,"Family, Adventure, Comedy, Drama"
05-09-2003,0.468055556,17.14,620.00,6.80,en,"Crime, Drama, Thriller, Mystery"
04-02-2008,Drillbit Taylor,17.14,808.00,5.70,en,Comedy
20-09-2018,The Perfection,17.14,1043.00,6.60,en,"Horror, Thriller, Drama"
25-08-2018,La Leyenda del Diamante,17.14,8.00,5.30,es,"Adventure, Fantasy"
31-01-2019,The First King,17.14,914.00,7.10,la,History
21-09-2013,Battle of the Year,17.14,278.00,7.00,en,"Music, Drama"
23-03-2015,Ebola Zombies,17.14,4.00,6.70,zh,"Horror, Science Fiction"
12-02-2016,Midnight Special,17.13,1581.00,6.20,en,"Adventure, Drama, Science Fiction"
18-11-2021,Mission «Sky»,17.13,34.00,9.00,ru,"Drama, War"
20-12-1969,All Monsters Attack,17.13,112.00,5.20,ja,"Fantasy, Science Fiction, Family"
08-02-2008,Welcome Home Roscoe Jenkins,17.13,208.00,6.00,en,"Comedy, Drama"
14-10-2012,Would You Rather,17.13,739.00,5.90,en,"Thriller, Horror"
25-12-2008,The Other Man,17.13,181.00,5.30,en,"Drama, Thriller, Mystery, Romance"
27-05-1983,Chained Heat,17.13,38.00,5.00,en,"Action, Crime, Drama, Thriller"
02-08-1985,Fright Night,17.13,968.00,7.00,en,"Comedy, Horror"
03-04-2009,Adventureland,17.13,1792.00,6.40,en,Comedy
25-06-2015,Family Vacation,17.13,5.00,5.70,es,Comedy
01-04-2009,The Boat That Rocked,17.13,1738.00,7.30,en,"Drama, Comedy"
21-12-2007,St. Trinian's,17.13,383.00,6.00,en,"Comedy, Family, Science Fiction"
22-12-1970,They Call Me Trinity,17.13,985.00,7.60,it,"Action, Comedy, Western"
31-01-1998,Gia,17.12,562.00,7.10,en,"Romance, Drama"
13-03-2015,David and Goliath,17.12,39.00,5.80,en,"Action, Adventure, Drama, Fantasy"
05-11-2020,Let Him Go,17.12,373.00,6.90,en,"Drama, Thriller, Crime"
01-09-2016,Mom's Friend 2,17.12,1.00,5.00,ko,Romance
11-02-1998,The Visitors II: The Corridors of Time,17.12,819.00,6.00,fr,"Comedy, Fantasy"
03-11-1933,The Invisible Man,17.12,556.00,7.50,en,"Horror, Science Fiction"
22-03-2019,The Dirt,17.12,939.00,7.50,en,"Drama, Music, History"
28-08-2015,Capture the Flag,17.12,190.00,5.90,es,"Comedy, Animation, Adventure, Family"
07-06-2015,Sword of Vengeance,17.11,65.00,5.00,en,History
31-10-2018,Nobody's Fool,17.11,246.00,6.20,en,"Comedy, Romance"
09-07-2011,"A Fairly Odd Movie: Grow Up, Timmy Turner!",17.11,177.00,5.00,en,"Family, Fantasy, TV Movie"
15-11-2011,Assassin's Creed: Embers,17.11,89.00,6.90,en,Animation
30-11-2018,Anna and the Apocalypse,17.11,255.00,6.20,en,"Horror, Comedy, Fantasy"
15-02-2005,Into the Sun,17.11,111.00,4.30,en,"Action, Thriller"
22-09-2006,Flyboys,17.10,640.00,6.50,en,"Action, Adventure, Drama, History, Romance, War"
16-08-2021,Overrun,17.10,3.00,5.00,en,Action
09-08-1996,Jack,17.10,989.00,6.30,en,"Family, Comedy, Drama"
23-11-1938,Ferdinand the Bull,17.10,116.00,6.50,en,"Animation, Comedy, Family"
06-04-2016,Demolition,17.10,1662.00,6.70,en,"Comedy, Drama"
26-12-2000,Crocodile,17.10,121.00,5.30,en,"Horror, Action, Thriller"
10-04-2008,Street Kings,17.09,1078.00,6.60,en,"Action, Crime, Drama, Thriller"
07-01-2016,Friend Request,17.09,1074.00,5.50,en,"Horror, Thriller"
19-08-2015,Antigang,17.09,267.00,5.80,fr,"Action, Drama"
11-02-1994,My Girl 2,17.09,361.00,5.90,en,"Comedy, Family"
24-09-2018,Boy Erased,17.09,1138.00,7.10,en,Drama
11-09-2005,The Mistress of Spices,17.09,117.00,6.00,en,"Drama, Romance, Fantasy"
07-10-2014,Mockingbird,17.08,113.00,4.70,en,"Horror, Thriller"
06-04-2018,Chappaquiddick,17.08,211.00,6.10,en,"History, Drama, Thriller"
27-01-2020,Charm City Kings,17.07,286.00,8.00,en,Drama
08-11-2014,The Opposite Sex,17.07,32.00,4.60,en,Comedy
18-03-2022,Umma,17.07,0.00,0.00,en,"Horror, Thriller, Mystery"
21-12-2018,The Snow Queen: Mirror Lands,17.07,54.00,7.90,ru,"Family, Animation, Adventure, Comedy, Fantasy"
09-09-2008,The Brothers Bloom,17.07,475.00,6.60,en,"Adventure, Comedy, Drama, Romance"
29-01-1998,Shakespeare in Love,17.07,2533.00,6.90,en,"Romance, History, Comedy"
22-11-2006,Deck the Halls,17.06,479.00,5.50,en,"Comedy, Family"
26-09-1961,Murder She Said,17.06,136.00,7.30,en,"Comedy, Crime, Drama, Mystery"
07-10-2020,Hubie Halloween,17.06,1195.00,6.00,en,"Comedy, Mystery, Horror"
14-02-1992,Wayne's World,17.06,1747.00,6.70,en,"Comedy, Music"
01-02-1967,The Fearless Vampire Killers,17.06,532.00,7.10,en,"Comedy, Horror"
19-05-2016,The Red Thread,17.06,121.00,6.30,es,"Drama, Romance"
06-05-2005,Crash,17.06,2786.00,7.20,en,Drama
03-06-1983,Psycho II,17.06,461.00,6.40,en,"Horror, Mystery, Thriller"
18-01-2018,The Last Warrior,17.06,92.00,6.10,ru,"Action, Drama, Fantasy, History, Adventure"
01-08-1975,Dog Day Afternoon,17.06,2233.00,7.80,en,"Crime, Drama, Thriller"
21-10-2019,I'm No Longer Here,17.05,357.00,7.80,es,Drama
26-07-2023,Ant-Man and the Wasp: Quantumania,17.05,0.00,0.00,en,"Adventure, Science Fiction, Comedy"
18-03-1997,"Honey, We Shrunk Ourselves",17.05,524.00,5.50,en,"Adventure, Comedy, Family, Science Fiction, Action"
11-03-2022,Crows Are White,17.05,0.00,0.00,en,Documentary
05-05-1995,French Kiss,17.04,570.00,6.40,en,"Comedy, Romance"
29-03-2012,The Courier,17.04,90.00,4.90,en,"Action, Crime"
02-04-1968,Romeo and Juliet,17.04,506.00,7.40,en,"Drama, Romance"
08-12-2006,Unaccompanied Minors,17.04,241.00,6.00,en,"Comedy, Family"
06-12-2002,Analyze That,17.04,972.00,5.80,en,"Comedy, Crime"
01-06-1984,Streets of Fire,17.04,337.00,6.80,en,Action
13-10-2013,Inside Llewyn Davis,17.03,2151.00,7.20,en,"Drama, Music"
20-05-2016,Manhattan Night,17.03,318.00,6.00,en,"Drama, Mystery, Thriller"
30-06-2017,Inconceivable,17.03,270.00,5.70,en,"Thriller, Drama"
29-07-1994,It Could Happen to You,17.03,534.00,6.50,en,"Comedy, Drama, Romance"
16-08-2019,"Where'd You Go, Bernadette",17.03,495.00,6.70,en,"Drama, Comedy"
28-05-2003,Interstella 5555: The 5tory of the 5ecret 5tar 5ystem,17.02,308.00,7.90,ja,"Animation, Science Fiction, Music, Adventure"
21-06-1960,The Apartment,17.02,1669.00,8.20,en,"Comedy, Drama, Romance"
20-02-2015,"McFarland, USA",17.02,602.00,7.40,en,"Drama, Family"
17-12-1957,Witness for the Prosecution,17.02,944.00,8.20,en,"Drama, Mystery, Crime"
03-11-1953,Tokyo Story,17.01,729.00,8.30,ja,Drama
09-09-2000,Joint Security Area,17.01,435.00,7.90,ko,"War, Drama, Thriller, Action"
11-10-1996,The Ghost and the Darkness,17.01,734.00,6.70,en,"Adventure, Horror"
16-02-2001,Sweet November,17.00,1045.00,6.80,en,"Drama, Romance"
22-06-2017,Loving Vincent,17.00,2022.00,8.10,en,"Animation, Drama, Mystery, History"
09-09-2021,Best Sellers,17.00,45.00,6.20,en,"Comedy, Drama"
21-04-1989,Field of Dreams,17.00,1108.00,7.10,en,"Drama, Fantasy"
15-11-1991,The Raffle,17.00,100.00,7.10,it,Drama
24-09-1975,Three Days of the Condor,16.99,800.00,7.30,en,"Thriller, Mystery, Adventure"
11-05-2015,Tag,16.99,234.00,6.70,ja,"Thriller, Comedy, Action"
19-01-2002,Dark Water,16.98,403.00,6.70,ja,"Horror, Thriller, Mystery"
28-06-2018,Redbad,16.98,137.00,6.40,nl,"Adventure, History, War, Drama"
13-08-2020,Archive,16.98,442.00,6.20,en,"Science Fiction, Drama, Fantasy, Thriller"
06-01-2014,Resident Evil: Keeper's Diary,16.98,6.00,8.70,en,Horror
20-10-1983,The Right Stuff,16.98,652.00,7.40,en,"Drama, History"
03-07-1958,A Night to Remember,16.98,175.00,7.50,en,"Drama, Action, History"
13-11-2008,Killshot,16.98,206.00,5.70,en,"Crime, Drama, Thriller"
28-04-2007,Lake Placid 2,16.97,152.00,5.10,en,"Horror, Science Fiction"
02-04-2021,Shiva Baby,16.97,236.00,7.20,en,"Comedy, Drama"
27-02-1987,A Nightmare on Elm Street 3: Dream Warriors,16.97,1287.00,6.60,en,"Horror, Thriller"
05-02-2016,Bad Cat,16.97,121.00,6.70,tr,"Comedy, Animation, Action"
13-10-2006,Cold Prey,16.97,292.00,6.20,no,"Horror, Mystery, Thriller"
06-04-2017,A Fantastic Woman,16.96,546.00,7.10,es,Drama
03-12-1992,Naked Killer,16.96,36.00,5.40,cn,"Action, Crime, Romance"
07-07-2006,Shark Bait,16.96,194.00,5.10,en,"Animation, Family"
28-06-1979,Meatballs,16.96,214.00,5.80,en,Comedy
12-07-1943,For Whom the Bell Tolls,16.96,132.00,6.70,en,"Drama, History, Romance, Thriller, Adventure, War"
09-02-2018,When We First Met,16.95,2024.00,6.60,en,"Comedy, Romance, Fantasy"
26-11-2020,"Jakarta, City of Dreamers",16.95,0.00,0.00,id,Drama
22-10-2009,Santa Buddies,16.95,173.00,5.90,en,"Family, Adventure"
19-12-2006,Letters from Iwo Jima,16.95,1570.00,7.50,en,"Action, Drama, War"
13-10-2018,Cucuy: The Boogeyman,16.94,68.00,7.00,en,Thriller
18-08-2009,Sex Pot,16.94,37.00,4.30,en,Comedy
20-08-2010,Secretariat,16.94,450.00,7.40,en,Drama
30-09-2015,Chronicles of the Ghostly Tribe,16.94,106.00,5.70,zh,"Adventure, Action, Thriller"
25-04-2006,Dr. Dolittle 3,16.94,361.00,5.20,en,"Comedy, Family, Fantasy"
27-01-2009,Hulk vs. Thor,16.94,170.00,6.80,en,"Action, Animation, Fantasy, Science Fiction"
17-03-2006,Take the Lead,16.94,580.00,6.90,en,"Comedy, Music, Drama"
09-03-1976,The Message,16.94,251.00,7.30,en,"Adventure, Drama, Action, History"
11-08-2009,Cabin Fever 2: Spring Fever,16.94,265.00,4.40,en,Horror
10-04-2015,Kill Me Three Times,16.93,409.00,5.60,en,"Comedy, Thriller, Mystery"
17-01-1999,Raped by an Angel 4: The Rapist's Union,16.93,4.00,5.80,cn,Thriller
18-08-2011,Fright Night,16.93,1510.00,6.20,en,"Horror, Comedy"
23-07-1993,Poetic Justice,16.93,179.00,6.80,en,"Romance, Drama"
18-01-2018,Backstabbing for Beginners,16.93,158.00,6.30,en,"Thriller, Drama, History"
08-09-2006,The Covenant,16.93,810.00,5.50,en,"Fantasy, Horror"
12-12-2014,Expelled,16.93,416.00,5.90,en,Comedy
17-11-2017,"Roman J. Israel, Esq.",16.93,991.00,6.30,en,"Drama, Crime, Thriller"
29-08-2019,Falling Inn Love,16.92,965.00,6.60,en,"Romance, Comedy"
30-04-2018,Behind the Curve,16.92,219.00,6.30,en,Documentary
04-04-1997,Inventing the Abbotts,16.92,166.00,6.40,en,"Drama, Romance"
25-02-2011,Confessions of a Brazilian Call Girl,16.92,338.00,6.30,pt,Drama
17-12-1992,Chaplin,16.92,780.00,7.50,en,Drama
19-07-2005,Urban Legends: Bloody Mary,16.92,202.00,5.00,en,"Horror, Thriller"
02-11-2000,The Legend of Bagger Vance,16.92,705.00,6.50,en,"Drama, Fantasy"
21-03-2015,Stalked by My Neighbor,16.91,69.00,5.70,en,"Crime, Thriller, TV Movie"
11-11-2011,Geek Charming,16.91,655.00,6.60,en,"Comedy, Drama, Family, TV Movie"
01-06-1988,Dragon Ball: Goku's Fire Brigade,16.91,30.00,6.70,ja,Animation
26-11-1997,Flubber,16.91,1904.00,5.60,en,"Comedy, Family, Science Fiction"
01-01-2006,Drake & Josh Go Hollywood,16.91,166.00,7.20,en,"TV Movie, Family, Comedy, Adventure, Crime, Drama, Music"
22-09-2018,Hold the Dark,16.91,747.00,5.30,en,"Thriller, Mystery, Crime"
01-01-2008,Gomorrah,16.91,973.00,6.90,it,"Drama, Crime"
08-11-2007,Rogue,16.91,485.00,6.50,en,"Action, Horror, Thriller"
12-04-1996,Fear,16.91,559.00,6.30,en,Thriller
01-02-1931,City Lights,16.90,1584.00,8.40,en,"Comedy, Drama, Romance"
20-10-2016,The Rocky Horror Picture Show: Let's Do the Time Warp Again,16.90,170.00,5.30,en,"Horror, TV Movie, Comedy, Music, Thriller, Science Fiction"
22-12-1999,Snow Falling on Cedars,16.90,103.00,6.20,en,"Drama, Romance"
19-08-1994,Color of Night,16.90,428.00,5.70,en,"Romance, Thriller, Drama"
05-04-2013,Stranger Things,16.90,38.00,8.30,en,Drama
25-05-2012,Now Is Good,16.90,985.00,7.40,en,"Drama, Romance"
01-09-2010,Reign of Assassins,16.90,166.00,6.80,zh,"Drama, Action, Thriller, History"
02-02-2005,The Magic Roundabout,16.90,131.00,5.40,en,"Animation, Family"
17-11-2005,Rent,16.90,467.00,6.80,en,"Drama, Romance"
23-09-2021,The Story of My Wife,16.90,7.00,4.90,en,"Drama, Romance"
11-08-2017,Brotherhood of Blades II: The Infernal Battlefield,16.89,51.00,6.50,zh,"Romance, Action, Drama, History"
29-05-2004,Kamikaze Girls,16.89,129.00,7.00,ja,Comedy
07-04-2016,The Boss,16.89,1137.00,5.90,en,Comedy
22-01-1990,Tie Me Up! Tie Me Down!,16.88,453.00,6.90,es,"Comedy, Crime, Drama, Romance"
16-03-2017,Flower,16.88,200.00,6.50,en,"Drama, Comedy"
21-08-2010,Colorful,16.88,199.00,7.30,ja,"Animation, Drama, Family"
12-04-2018,Ploey: You Never Fly Alone,16.88,69.00,6.20,en,"Animation, Family"
19-04-1999,The Rifleman of the Voroshilov Regiment,16.88,80.00,7.20,ru,"Drama, Action, Crime"
15-08-2008,The Flyboys,16.88,118.00,7.60,en,"Adventure, Action"
11-02-1981,My Bloody Valentine,16.88,292.00,6.50,en,"Horror, Thriller, Mystery"
21-09-2015,Retribution,16.87,354.00,6.80,es,"Thriller, Drama"
13-12-2010,Banana,16.87,231.00,7.10,en,"Animation, Family, Comedy"
04-10-1968,Night of the Living Dead,16.87,1799.00,7.70,en,"Horror, Thriller"
12-04-2019,Teen Spirit,16.87,254.00,6.20,en,"Music, Drama"
29-09-1997,Kiss the Girls,16.87,1155.00,6.50,en,"Drama, Mystery, Thriller, Crime"
03-02-2012,Ghost Graduation,16.86,155.00,6.50,es,Comedy
04-04-2003,A Man Apart,16.86,690.00,6.10,en,"Action, Drama"
04-08-2017,Armed Response,16.86,120.00,5.30,en,"Action, Horror, Thriller"
18-11-1997,The Rainmaker,16.86,907.00,7.00,en,"Drama, Crime, Thriller"
09-12-1988,My Stepmother Is an Alien,16.86,403.00,5.70,en,"Comedy, Science Fiction"
20-09-2011,Spooky Buddies,16.86,112.00,6.20,en,"Comedy, Family"
01-01-2004,Boa vs. Python,16.86,98.00,5.00,en,"Horror, Science Fiction"
19-04-1977,Annie Hall,16.86,3154.00,7.80,en,"Comedy, Drama, Romance"
25-05-1967,Barefoot in the Park,16.85,469.00,7.10,en,"Comedy, Romance"
18-08-2006,Accepted,16.85,1215.00,6.40,en,Comedy
23-03-2000,Traffic,16.85,1639.00,7.10,en,"Thriller, Drama, Crime"
23-03-1956,Forbidden Planet,16.85,666.00,7.30,en,Science Fiction
27-04-2018,Candy Jar,16.85,431.00,6.30,en,Comedy
19-08-2005,Red Eye,16.84,1419.00,6.30,en,"Horror, Thriller"
05-12-1958,The 7th Voyage of Sinbad,16.84,187.00,6.90,en,"Action, Adventure, Family, Fantasy"
20-12-1997,Rurouni Kenshin: Requiem for the Ishin Patriots,16.84,45.00,6.60,ja,"Animation, Action, Fantasy"
03-11-2008,Futurama: Bender's Game,16.84,392.00,6.90,en,"Animation, Comedy, Science Fiction, TV Movie"
14-01-2004,Team America: World Police,16.84,1461.00,6.70,en,"Adventure, Action, Comedy"
25-12-2015,A Man Called Ove,16.84,789.00,7.60,sv,"Comedy, Drama"
10-08-1950,Sunset Boulevard,16.84,1895.00,8.40,en,Drama
19-09-2018,The Sisters Brothers,16.84,1540.00,6.80,en,"Western, Drama, Adventure"
20-01-1998,Buffalo '66,16.83,638.00,7.10,en,"Drama, Romance, Comedy"
11-01-2007,Pathfinder,16.83,506.00,5.70,en,"Adventure, Action"
18-02-2016,Viral,16.83,420.00,5.60,en,"Drama, Horror, Science Fiction"
04-05-2017,Keep Watching,16.83,229.00,5.10,en,"Thriller, Horror, Drama"
06-07-2013,After the Dark,16.83,571.00,6.10,en,"Drama, Fantasy, Science Fiction, Thriller"
27-11-2020,Black Beauty,16.83,259.00,8.30,en,Drama
28-09-2020,David Attenborough: A Life on Our Planet,16.83,216.00,8.50,en,Documentary
29-10-2021,Compartment No. 6,16.83,101.00,7.30,fi,Drama
06-12-1986,Flower and Snake 4: White Uniform Rope Slave,16.83,8.00,4.50,ja,"Thriller, Drama"
11-05-1984,The Natural,16.83,458.00,6.90,en,Drama
26-09-2014,Two Night Stand,16.83,1612.00,6.40,en,"Romance, Comedy"
11-10-1974,Black Christmas,16.83,517.00,7.00,en,"Horror, Mystery, Thriller"
03-11-2007,Fred Claus,16.82,684.00,5.80,en,"Action, Comedy, Drama"
15-12-2017,Christmas Inheritance,16.82,731.00,6.40,en,"Romance, Drama"
20-10-1997,Poison Ivy: The New Seduction,16.82,67.00,4.80,en,"Thriller, Romance, Drama"
18-03-1989,Urotsukid?ji: Legend of the Overfiend,16.82,66.00,6.10,ja,"Animation, Action, Horror, Fantasy"
02-06-1995,Fluke,16.82,201.00,7.10,en,"Drama, Adventure, Family"
20-02-1998,Dangerous Beauty,16.82,198.00,7.20,en,"Drama, Romance"
12-10-1989,Look Who's Talking,16.82,1859.00,6.30,en,"Comedy, Romance"
06-09-2004,Cellular,16.82,1508.00,6.40,en,"Action, Thriller"
18-03-1965,The Ipcress File,16.82,209.00,6.80,en,"Thriller, Mystery"
08-04-2021,Under the Stars of Paris,16.81,73.00,7.00,fr,"Drama, Comedy"
24-06-1983,Porky's II: The Next Day,16.81,238.00,5.70,en,Comedy
17-07-2015,The Stanford Prison Experiment,16.81,788.00,6.90,en,Thriller
04-02-2016,The Choice,16.81,1612.00,7.20,en,"Drama, Romance"
01-10-2015,Fathers and Daughters,16.81,847.00,7.10,en,Drama
13-07-2021,Deadpool and Korg React,16.81,0.00,0.00,en,Comedy
12-05-2005,Initial D,16.81,171.00,6.70,cn,"Action, Crime, Thriller, Drama"
10-08-1960,Ocean's Eleven,16.81,242.00,6.50,en,"Crime, Comedy, Music, Thriller"
08-11-2008,iCarly: iGo to Japan,16.81,137.00,6.90,en,"Comedy, Family"
26-11-2008,Four Christmases,16.80,870.00,5.80,en,"Comedy, Romance, Drama"
04-02-2010,14 Blades,16.80,145.00,6.40,zh,"Drama, Action, Thriller"
17-02-2017,In Dubious Battle,16.80,114.00,5.90,en,Drama
14-08-2015,Turbo Kid,16.79,558.00,6.60,en,"Action, Adventure, Comedy, Science Fiction"
01-05-2009,The Tournament,16.79,482.00,5.90,en,"Horror, Action, Thriller"
14-02-2007,Billy & Mandy's Big Boogey Adventure,16.79,112.00,7.90,en,"Adventure, Comedy, Animation, TV Movie"
23-05-1991,Hudson Hawk,16.79,760.00,5.70,en,"Action, Adventure, Comedy"
09-05-2003,Daddy Day Care,16.79,1721.00,5.90,en,"Comedy, Family"
24-06-2016,The Duel,16.79,273.00,5.40,en,"Western, Drama"
11-03-2022,Offseason,16.78,0.00,0.00,en,"Horror, Mystery"
16-04-2011,Detective Conan: Quarter of Silence,16.78,80.00,7.00,ja,"Animation, Action, Crime, Mystery"
26-10-2007,Crows Zero,16.78,244.00,7.10,ja,Action
20-01-2004,Speak,16.78,345.00,6.80,en,Drama
15-10-2004,Shall We Dance?,16.78,983.00,6.30,en,"Drama, Romance, Comedy"
18-02-2000,The Whole Nine Yards,16.77,1433.00,6.40,en,"Comedy, Crime"
03-12-2004,The Merchant of Venice,16.77,459.00,6.80,en,"Drama, Romance"
09-03-2018,Bent,16.77,127.00,5.30,en,"Thriller, Crime"
19-01-2013,The Kings of Summer,16.77,925.00,7.00,en,"Comedy, Drama"
06-11-1998,The Siege,16.77,1017.00,6.30,en,"Drama, Action, Thriller, Crime"
14-10-2018,Antrum,16.77,228.00,5.90,en,Horror
09-10-2015,Steve Jobs,16.77,3560.00,6.80,en,"Drama, History"
30-05-1997,Happy Together,16.77,415.00,7.60,zh,"Drama, Romance"
01-06-2012,A Perfect Ending,16.76,89.00,6.30,en,"Drama, Romance"
28-10-1998,The Legend of 1900,16.76,1804.00,8.30,it,"Drama, Music, Romance"
15-08-1973,Westworld,16.76,973.00,6.70,en,"Adventure, Science Fiction, Western"
19-06-2015,Mr. Holmes,16.76,1575.00,6.50,en,"Drama, Crime"
25-06-2009,The Countess,16.75,120.00,5.90,en,"Drama, History"
10-12-1999,Magnolia,16.75,2698.00,7.70,en,Drama
16-12-1966,Andrei Rublev,16.75,547.00,8.20,ru,"Drama, History"
19-04-2019,The Farm,16.75,171.00,5.30,en,Horror
28-06-2019,The 16th Episode,16.75,14.00,4.40,en,Horror
19-09-2013,Kill Your Darlings,16.75,1162.00,7.10,en,"Drama, Romance, Thriller"
20-07-1985,Office Love: Behind Closed Doors,16.74,4.00,4.00,ja,Romance
04-08-1995,Virtuosity,16.74,410.00,5.40,en,"Action, Crime, Science Fiction, Thriller"
20-09-1996,The First Wives Club,16.74,606.00,6.70,en,Comedy
01-12-1980,A Change of Seasons,16.74,21.00,5.90,en,"Drama, Romance, Comedy"
11-02-1936,Modern Times,16.74,2866.00,8.30,en,"Comedy, Drama"
14-02-1963,8½,16.74,1733.00,8.20,it,"Fantasy, Drama"
04-10-2013,Transformers: Prime Beast Hunters: Predacons Rising,16.74,83.00,8.40,en,"Action, Animation, Science Fiction"
31-12-2018,Taylor Swift: Reputation Stadium Tour,16.73,231.00,8.20,en,"Music, Documentary"
12-12-2007,The Warlords,16.73,223.00,6.70,zh,"Action, Drama, History"
05-02-2021,The Reckoning,16.73,62.00,5.40,en,"Horror, Drama"
13-11-2020,Mank,16.73,1181.00,6.80,en,"Drama, History"
04-09-2010,Incendies,16.73,1858.00,8.10,fr,"Drama, War, Mystery"
01-10-2020,Rifkin's Festival,16.73,290.00,6.30,en,"Romance, Comedy"
02-10-2020,Spontaneous,16.73,344.00,7.00,en,"Comedy, Horror"
25-12-1940,The Thief of Bagdad,16.72,186.00,7.20,en,"Action, Adventure, Family, Fantasy"
20-07-2012,Interview with a Hitman,16.72,106.00,5.40,en,"Action, Thriller"
26-10-2017,Avicii: True Stories,16.72,288.00,8.00,en,"Music, Documentary"
11-09-1997,Funny Games,16.72,1326.00,7.30,de,"Drama, Horror, Thriller"
10-04-2020,The Main Event,16.72,152.00,6.70,en,"Family, Comedy"
05-06-2013,"Secretly, Greatly",16.72,134.00,7.10,ko,"Action, Drama, Comedy"
23-10-2020,Synchronic,16.72,436.00,6.30,en,"Science Fiction, Drama, Thriller, Horror"
30-07-2012,Killing Them Softly,16.71,1667.00,6.00,en,"Crime, Thriller"
27-07-2018,Detective Dee: The Four Heavenly Kings,16.71,137.00,6.20,zh,"Mystery, Fantasy, Adventure, Action"
20-02-2016,Dou kyu sei – Classmates,16.71,209.00,8.60,ja,"Romance, Animation"
17-03-2017,Song to Song,16.71,724.00,5.40,en,"Drama, Romance"
02-09-2011,Shark Night 3D,16.71,407.00,5.00,en,"Thriller, Horror"
06-04-2018,Spinning Man,16.70,328.00,5.50,en,"Mystery, Thriller"
29-10-1993,Kika,16.70,200.00,6.70,es,"Comedy, Drama"
12-06-2015,Me and Earl and the Dying Girl,16.70,2179.00,7.60,en,"Comedy, Drama"
14-02-2014,About Last Night,16.70,434.00,6.00,en,"Comedy, Romance"
06-10-2006,Little Children,16.69,719.00,7.10,en,"Drama, Romance, Comedy"
01-08-2003,Gigli,16.69,353.00,4.00,en,"Romance, Crime, Comedy, Drama"
11-05-1931,M,16.69,1549.00,8.10,de,"Drama, Action, Thriller, Crime"
13-05-1995,Problem Child 3: Junior in Love,16.69,156.00,4.40,en,Comedy
24-03-1964,The Fall of the Roman Empire,16.69,131.00,6.50,en,"Drama, History, War"
20-09-1996,Last Man Standing,16.69,650.00,6.30,en,"Action, Crime, Drama, Thriller, Mystery"
28-05-2021,The Little Prince(ss),16.69,106.00,7.20,en,"Family, Drama"
17-03-2013,The Reluctant Fundamentalist,16.69,172.00,6.60,en,Thriller
28-10-2016,May God Save Us,16.69,337.00,6.70,es,"Thriller, Crime, Action"
16-05-2018,Sex School: Dorms of Desire,16.68,1.00,9.00,en,Comedy
12-09-2013,Romeo & Juliet,16.68,493.00,6.80,en,"Drama, Romance"
23-04-2015,Far from the Madding Crowd,16.68,852.00,7.00,en,"Drama, Romance"
06-09-1997,The Edge,16.68,880.00,6.80,en,"Action, Adventure, Drama"
26-10-2017,Suburbicon,16.68,1416.00,5.80,en,"Thriller, Crime, Drama, Mystery"
30-04-1975,Death Race 2000,16.68,332.00,6.10,en,"Action, Comedy, Science Fiction"
06-08-1972,Everything You Always Wanted to Know About Sex *But Were Afraid to Ask,16.68,704.00,6.60,en,Comedy
16-04-2016,Curve,16.67,19.00,7.20,en,"Thriller, Horror"
28-06-2002,Hey Arnold! The Movie,16.67,290.00,6.50,en,"Animation, Comedy, Family"
03-09-2011,Mardock Scramble: The Second Combustion,16.67,54.00,6.50,ja,"Animation, Science Fiction"
22-11-1991,Close My Eyes,16.67,44.00,6.10,en,"Drama, Romance"
01-05-2020,The Half of It,16.67,1193.00,7.20,en,"Comedy, Romance"
17-06-1982,The Secret of NIMH,16.67,606.00,7.50,en,"Family, Animation, Fantasy, Adventure"
22-05-2009,The Girlfriend Experience,16.66,225.00,5.00,en,Drama
28-03-2004,The Prince & Me,16.66,811.00,6.20,en,"Comedy, Romance"
19-05-2000,Road Trip,16.66,1488.00,6.10,en,"Comedy, Adventure"
27-01-1993,The Visitors,16.66,1540.00,7.10,fr,"Fantasy, Comedy"
09-09-2016,Kicks,16.66,105.00,6.60,en,"Drama, Crime, Action"
25-09-2015,Green Room,16.66,2128.00,6.70,en,"Horror, Crime, Thriller"
14-04-1983,Flashdance,16.66,1121.00,6.50,en,"Drama, Romance"
12-01-2011,Lucky Trouble,16.66,63.00,6.00,ru,"Romance, Comedy"
02-09-2003,Intolerable Cruelty,16.66,1143.00,6.00,en,"Crime, Comedy, Romance"
04-07-2004,Before the Fall,16.66,218.00,7.10,de,Drama
09-07-2017,6 Days,16.65,557.00,6.00,en,"Action, Drama, History, Thriller"
23-04-2021,Heroes: Silence and Rock & Roll,16.65,70.00,8.60,es,"Documentary, Music"
07-08-2019,Bring the Soul: The Movie,16.65,323.00,8.90,ko,"Music, Documentary"
08-02-2015,Knight of Cups,16.65,523.00,5.60,en,"Romance, Drama"
20-02-1998,Senseless,16.65,269.00,6.10,en,"Comedy, Romance"
11-07-1983,Staying Alive,16.65,353.00,5.70,en,"Drama, Music"
21-10-2016,"I, Daniel Blake",16.65,1106.00,7.80,en,Drama
17-05-2019,We Have Always Lived in the Castle,16.65,213.00,5.30,en,"Drama, Mystery, Thriller"
10-02-2022,Shut In,16.64,23.00,6.50,en,"Horror, Thriller"
27-06-2007,Transformers,16.64,9157.00,6.70,en,"Adventure, Science Fiction, Action"
14-09-2018,Lizzie,16.64,186.00,6.20,en,"Crime, Drama, Thriller"
10-03-1999,The Insider,16.64,1385.00,7.50,en,"Drama, Thriller, History"
12-12-1980,Popeye,16.64,462.00,5.40,en,"Action, Adventure, Comedy, Family"
05-09-2003,The Order,16.64,248.00,5.40,en,"Drama, Fantasy, Horror, Mystery, Romance, Thriller"
10-02-2002,Queen of the Damned,16.63,792.00,6.00,en,"Drama, Fantasy, Horror"
20-05-2015,Youth,16.63,1712.00,6.90,it,"Comedy, Drama"
14-06-1970,Two Mules for Sister Sara,16.63,416.00,7.00,en,Western
08-12-2000,Vertical Limit,16.63,805.00,6.00,en,"Adventure, Action, Thriller"
28-07-1989,Turner & Hooch,16.63,1004.00,6.40,en,"Action, Comedy, Thriller, Crime, Family"
03-11-2020,Words Bubble Up Like Soda Pop,16.63,132.00,7.40,ja,"Animation, Romance, Music, Drama"
04-09-2019,Martin Eden,16.63,538.00,7.00,it,"Romance, Drama"
25-04-1961,Yojimbo,16.62,1006.00,8.20,ja,"Drama, Thriller"
13-06-2015,Our Little Sister,16.62,302.00,7.50,ja,"Drama, Family"
24-08-2007,The Nanny Diaries,16.62,846.00,6.30,en,"Comedy, Drama, Romance"
17-02-1989,Bill & Ted's Excellent Adventure,16.61,1377.00,6.90,en,"Adventure, Comedy, Science Fiction"
09-01-1997,Turbulence,16.61,160.00,5.30,en,"Action, Thriller, Crime"
04-06-2015,Grandma,16.61,296.00,6.40,en,"Comedy, Drama"
16-09-2015,Pawn Sacrifice,16.61,732.00,6.70,en,"Thriller, Drama"
23-11-2013,Persona 3 the Movie: #1 Spring of Birth,16.61,28.00,7.30,ja,"Animation, Action, Fantasy"
15-12-2017,The Thousand Faces of Dunjia,16.60,39.00,5.90,zh,"Adventure, Action, Fantasy"
25-07-2012,Ruby Sparks,16.60,1290.00,7.10,en,"Comedy, Romance, Fantasy, Drama"
08-07-2021,La civil,16.60,3.00,4.30,es,"Drama, Crime"
12-07-2013,Pawn Shop Chronicles,16.60,175.00,5.80,en,"Action, Comedy"
07-11-2017,November Criminals,16.60,537.00,5.30,en,"Crime, Drama, Mystery, Thriller"
15-12-1995,Jumanji,16.60,8826.00,7.20,en,"Adventure, Fantasy, Family"
27-01-2022,Sex Game 6969,16.60,1.00,2.00,ko,"Comedy, Drama, Romance"
03-04-2015,Last Knights,16.59,878.00,6.50,en,"Action, Adventure"
07-07-2016,Emerald Green,16.59,770.00,7.00,de,Fantasy
22-08-2013,Ghost Shark,16.59,110.00,5.20,en,"Horror, Science Fiction"
07-02-2006,The Cutting Edge: Going for the Gold,16.59,122.00,6.50,en,"Comedy, Drama, Romance"
16-11-2018,A Private War,16.59,393.00,6.80,en,"War, Drama"
06-05-2020,Bosomy Mom,16.59,3.00,6.70,ko,"Drama, Romance"
25-12-2016,The Last Dragonslayer,16.59,39.00,5.90,en,"Adventure, Comedy, Fantasy"
16-11-1998,An American Tail: The Treasure of Manhattan Island,16.59,132.00,6.30,en,"Family, Animation, Adventure"
10-03-2022,Miss Viborg,16.59,0.00,0.00,da,Drama
27-10-2008,Dead Space: Downfall,16.58,244.00,6.10,en,"Animation, Horror, Science Fiction, Thriller"
26-01-1970,Tora! Tora! Tora!,16.58,387.00,7.10,en,"Drama, History, War"
29-10-2016,Death Note: Light Up the New World,16.57,104.00,6.40,ja,"Fantasy, Mystery, Thriller"
08-02-2011,The Eagle,16.57,1060.00,6.20,en,"Adventure, Drama"
10-05-2012,El Gringo,16.57,137.00,6.00,en,"Adventure, Drama, Action, Thriller"
31-03-2005,A Bittersweet Life,16.57,627.00,7.50,ko,"Action, Drama, Crime"
27-12-2002,The Hours,16.57,1332.00,7.30,en,Drama
16-06-2007,Shelter,16.57,398.00,7.80,en,"Drama, Romance"
18-07-2020,A Nice Girl Like You,16.57,168.00,5.90,en,"Comedy, Romance"
30-01-1998,Deep Rising,16.57,499.00,6.10,en,"Adventure, Action, Horror, Science Fiction"
31-12-2006,Black Snake Moan,16.56,676.00,6.90,en,Drama
02-09-2016,Cave,16.56,72.00,4.30,no,"Adventure, Thriller"
03-04-1974,The Night Porter,16.56,226.00,6.80,it,"War, Drama, Romance"
07-09-2019,A Beautiful Day in the Neighborhood,16.56,1164.00,7.00,en,"Drama, History"
28-05-2009,Mother,16.56,976.00,7.80,ko,"Crime, Drama, Mystery, Thriller"
10-03-1978,The Fury,16.56,241.00,6.30,en,"Horror, Science Fiction, Thriller"
07-02-2013,Side Effects,16.55,2600.00,6.60,en,"Thriller, Crime, Drama"
28-08-1946,The Killers,16.55,271.00,7.40,en,"Crime, Mystery, Thriller"
03-03-2005,Kakurenbo: Hide & Seek,16.55,33.00,5.90,ja,"Animation, Horror"
14-12-1993,Beethoven's 2nd,16.54,782.00,5.50,en,"Family, Comedy"
12-09-2016,Paris Can Wait,16.54,191.00,5.80,en,"Romance, Comedy, Drama"
25-03-2002,The Rookie,16.54,325.00,6.70,en,"Drama, Family"
24-12-2015,Joy,16.54,3568.00,6.50,en,"Drama, Comedy"
09-09-2011,Elles,16.54,133.00,5.40,fr,Drama
29-06-2017,0.098611111,16.53,1248.00,6.00,en,"Drama, Thriller, Romance, Science Fiction, Mystery"
14-03-1987,Royal Space Force - The Wings Of Honneamise,16.52,88.00,6.80,ja,"Animation, Science Fiction"
06-02-2004,The Motorcycle Diaries,16.52,1000.00,7.40,es,Drama
03-09-2005,Nana,16.52,66.00,6.50,ja,"Romance, Drama, Music"
10-07-2008,Red Cliff,16.52,618.00,7.20,zh,"Action, Adventure, Drama, War"
08-10-2021,Convergence: Courage in a Crisis,16.51,5.00,6.00,en,Documentary
01-11-2019,Earthquake Bird,16.51,334.00,5.90,en,"Drama, Mystery, Romance, Thriller"
05-11-2013,Commitment,16.51,96.00,7.30,ko,"Drama, Action, Thriller"
23-07-2010,Ramona and Beezus,16.51,672.00,6.50,en,"Comedy, Family"
27-03-2010,6 Souls,16.51,568.00,6.00,en,"Horror, Mystery, Thriller"
22-02-1973,Walking Tall,16.51,81.00,6.70,en,"Action, Crime, Drama"
25-12-1957,Old Yeller,16.50,202.00,7.00,en,"Adventure, Drama, Western, Family"
21-05-1975,The Return of the Pink Panther,16.50,417.00,6.80,en,"Mystery, Comedy, Crime"
03-08-2021,Shiny_Flakes: The Teenage Drug Lord,16.50,66.00,7.90,de,"Documentary, Crime"
05-02-1983,Blue Thunder,16.50,326.00,6.00,en,"Drama, Action, Thriller"
28-06-2012,Katy Perry: Part of Me,16.50,242.00,7.10,en,"Documentary, Music"
25-12-2018,Destroyer,16.49,552.00,5.90,en,"Thriller, Crime, Drama, Action"
18-02-2017,One Week Friends,16.49,40.00,7.00,ja,"Romance, Drama"
11-12-2020,Superintelligence,16.49,138.00,6.00,en,"Comedy, Science Fiction, Romance"
03-12-1973,Don't Look Now,16.49,726.00,7.00,en,"Thriller, Drama, Horror"
18-09-2009,The Girl Who Played with Fire,16.49,1339.00,7.00,sv,"Drama, Action, Thriller, Crime, Mystery"
11-12-2020,Girl,16.49,124.00,6.40,en,Thriller
25-10-2012,The Hunt,16.49,2964.00,8.10,da,Drama
12-04-2013,The Colony,16.48,906.00,5.40,en,"Action, Science Fiction, Horror"
08-12-2014,Mythica: A Quest for Heroes,16.48,120.00,6.00,en,"Action, Adventure, Fantasy, Science Fiction"
16-05-2012,Moonrise Kingdom,16.48,4772.00,7.70,en,"Comedy, Drama, Romance"
19-04-2002,Murder by Numbers,16.48,776.00,6.10,en,"Crime, Drama, Thriller"
31-12-2021,Gabriel's Rapture: Part One,16.48,66.00,8.30,en,Romance
10-11-1989,Best of the Best,16.48,201.00,6.50,en,Action
16-07-2008,"The Good, the Bad, the Weird",16.48,549.00,7.10,ko,"Action, Adventure, Comedy, Western"
21-10-1983,The Dead Zone,16.48,1168.00,7.00,en,"Thriller, Horror, Science Fiction"
05-03-2022,Stolen by Their Father,16.48,2.00,4.50,en,"Drama, TV Movie"
10-10-2019,Valhalla,16.47,77.00,5.00,da,"Adventure, Fantasy"
07-03-2002,Cadet Kelly,16.47,491.00,6.20,en,"Family, TV Movie, Comedy"
12-02-2014,Endless Love,16.47,1441.00,6.90,en,"Drama, Romance"
07-09-2006,DOA: Dead or Alive,16.47,614.00,5.20,en,"Adventure, Action, Thriller"
07-10-2014,Mercy,16.47,198.00,5.00,en,"Thriller, Horror"
28-09-1990,Henry & June,16.47,135.00,6.20,en,Romance
12-12-1985,Miami Supercops,16.47,315.00,6.40,it,"Action, Comedy"
03-04-2018,4/20 Massacre,16.46,47.00,6.00,en,"Horror, Action"
06-01-2006,Grandma's Boy,16.46,492.00,6.60,en,Comedy
06-02-2019,Nicky Larson and the Cupid's Perfume,16.46,624.00,6.50,fr,"Adventure, Comedy"
07-10-1988,Alien Nation,16.46,218.00,6.00,en,"Crime, Science Fiction, Thriller"
09-05-1986,The Sacrifice,16.46,362.00,7.70,sv,Drama
30-07-2004,The Manchurian Candidate,16.46,1209.00,6.40,en,"Drama, Thriller, Mystery"
03-11-1971,Fiddler on the Roof,16.45,395.00,7.80,en,"Drama, Romance"
08-04-1977,Rabid,16.45,323.00,6.40,en,"Horror, Science Fiction"
08-09-2012,The Brass Teapot,16.45,391.00,6.10,en,"Comedy, Fantasy, Thriller"
24-08-2012,Kon-Tiki,16.45,564.00,6.90,no,"Adventure, History"
30-10-2009,The House of the Devil,16.45,514.00,6.30,en,"Horror, Mystery"
17-07-2014,And So It Goes,16.45,382.00,6.10,en,"Comedy, Drama, Romance"
14-02-1986,The Delta Force,16.45,292.00,5.90,en,"Action, Thriller, Adventure"
08-02-2018,Up and Away,16.45,36.00,6.20,da,"Animation, Family, Comedy"
07-08-1998,Snake Eyes,16.45,1003.00,6.10,en,"Thriller, Crime, Mystery"
01-02-2019,An Affair to Die For,16.44,76.00,6.00,en,Thriller
03-07-2002,Like Mike,16.44,386.00,6.10,en,"Comedy, Family, Fantasy"
29-06-1981,Lady Chatterley's Lover,16.44,48.00,5.30,en,"Drama, Romance"
27-09-2011,The Phantom of the Opera at the Royal Albert Hall,16.44,122.00,8.50,en,"Music, Drama, Romance"
24-08-2018,The After Party,16.44,174.00,6.30,en,"Comedy, Music"
15-08-2003,The Cheetah Girls,16.44,406.00,6.00,en,"Family, Comedy, Drama, Music, TV Movie"
13-02-1972,Cabaret,16.43,665.00,7.40,en,"Music, Drama, Romance"
22-12-1989,Always,16.43,437.00,6.30,en,"Fantasy, Romance"
20-12-2010,Let the Bullets Fly,16.43,155.00,7.30,zh,"Action, Comedy"
05-02-1960,La Dolce Vita,16.43,1423.00,8.20,it,"Comedy, Drama"
07-09-2001,The Musketeer,16.43,175.00,5.30,en,Adventure
17-08-1984,Tightrope,16.43,242.00,6.10,en,"Mystery, Thriller, Crime"
27-12-2013,Labor Day,16.42,841.00,6.90,en,Drama
22-07-1977,The Hills Have Eyes,16.42,628.00,6.20,en,"Horror, Thriller"
03-11-2021,Lords of Scam,16.42,28.00,6.80,fr,Documentary
06-09-2018,The Last Man,16.42,100.00,5.70,en,"Science Fiction, Action, Drama, Thriller"
13-03-1992,My Cousin Vinny,16.42,1095.00,7.40,en,Comedy
29-10-1955,Rebel Without a Cause,16.42,1212.00,7.60,en,Drama
01-03-1993,The Wedding Banquet,16.42,149.00,7.20,zh,"Comedy, Drama, Romance"
02-10-2015,Freeheld,16.42,550.00,7.30,en,"Romance, Drama"
28-08-1998,"Lock, Stock and Two Smoking Barrels",16.42,5300.00,8.20,en,"Comedy, Crime"
02-09-2015,A Walk in the Woods,16.42,572.00,6.00,en,"Adventure, Comedy, Drama"
19-10-2016,From the Land of the Moon,16.42,261.00,6.60,fr,"Drama, Romance"
26-08-2010,Hatchet II,16.41,284.00,5.50,en,"Horror, Comedy, Thriller"
14-08-2009,Rampage,16.41,323.00,6.00,en,"Action, Drama, Crime, Thriller, Mystery"
04-01-2008,One Missed Call,16.41,594.00,5.50,en,"Horror, Mystery, Thriller"
21-07-2021,Luxor,16.41,10.00,7.50,en,"Romance, Drama"
14-08-2021,Hellbender,16.41,15.00,6.00,en,Horror
01-08-1987,Hachi-ko,16.41,101.00,7.70,ja,"Drama, Family"
02-07-1980,Alligator,16.41,202.00,5.80,en,"Horror, Science Fiction, Thriller"
27-10-2017,Crash Pad,16.40,104.00,5.70,en,Comedy
15-05-2006,Like Mike 2: Streetball,16.40,83.00,5.40,en,"Comedy, Drama, Family"
21-01-2001,Lost and Delirious,16.40,404.00,6.90,en,"Drama, Romance"
08-05-2014,Piranha Sharks,16.40,31.00,6.90,en,"Horror, Comedy"
22-01-1987,The Stepfather,16.40,217.00,6.50,en,"Horror, Thriller"
07-09-2018,Hurricane,16.40,122.00,5.90,pl,"War, Drama"
25-02-2011,Ages of Love,16.40,178.00,5.30,it,"Romance, Comedy, Drama"
26-09-1968,Oliver!,16.39,304.00,7.00,en,"Drama, Family, Music"
10-08-1996,Yu Pui Tsuen III,16.39,2.00,6.00,zh,Drama
06-06-2009,Tidal Wave,16.39,272.00,6.70,ko,"Action, Adventure, Drama, Thriller"
20-10-2007,Funny Games,16.39,1610.00,6.60,en,"Crime, Horror, Thriller, Drama"
24-09-2020,Two by Two: Overboard!,16.38,124.00,7.70,en,"Animation, Adventure, Comedy, Family"
15-06-1989,Miracles,16.38,116.00,7.00,cn,"Crime, Action, Comedy, Drama"
06-04-2018,The Endless,16.38,749.00,6.30,en,"Science Fiction, Horror, Thriller"
14-05-2014,Grace of Monaco,16.38,482.00,6.00,en,"Romance, Drama"
16-10-2014,GirlHouse,16.37,228.00,6.00,en,"Horror, Thriller"
27-10-1995,Powder,16.37,449.00,6.90,en,"Drama, Fantasy, Science Fiction, Thriller"
16-02-2016,LEGO DC Comics Super Heroes: Justice League: Cosmic Clash,16.37,98.00,6.40,en,"Action, Adventure, Animation, Comedy, Family"
25-07-1980,Dressed to Kill,16.37,609.00,6.90,en,"Mystery, Thriller, Horror"
28-01-2021,Breaking News in Yuba County,16.37,97.00,5.90,en,"Comedy, Drama, Crime, Thriller"
07-08-2012,Hope Springs,16.37,645.00,6.20,en,"Drama, Comedy, Romance"
24-04-1998,The Big Hit,16.37,318.00,5.90,en,"Action, Adventure, Comedy, Thriller"
11-10-2012,A Company Man,16.37,128.00,6.80,ko,"Drama, Action"
04-12-2001,Sexual Predator,16.37,26.00,4.90,en,"Drama, Thriller"
25-04-1997,Romy and Michele's High School Reunion,16.37,396.00,6.30,en,Comedy
01-07-1959,Anatomy of a Murder,16.37,693.00,7.90,en,"Crime, Drama, Mystery, Thriller"
15-07-1971,Vampyros Lesbos,16.36,94.00,5.70,es,Horror
24-06-1977,Herbie Goes to Monte Carlo,16.36,245.00,5.90,en,"Romance, Comedy, Family, Action, Adventure"
15-12-2021,A Hero,16.36,106.00,7.50,fa,"Drama, Thriller"
13-11-2020,Ammonite,16.36,335.00,7.10,en,"Romance, Drama"
17-10-1973,The Mad Adventures of Rabbi Jacob,16.36,761.00,7.40,fr,Comedy
31-12-2016,Fate/Grand Order: First Order,16.36,76.00,6.70,ja,"Action, Fantasy, Animation"
16-10-1988,Scooby-Doo and the Ghoul School,16.36,244.00,7.50,en,"Animation, Mystery, Family, TV Movie, Comedy, Fantasy"
30-11-2017,Furious,16.35,102.00,6.30,ru,"Fantasy, Action, Adventure"
19-04-2016,Sex: A Relationship and Not Marriage,16.35,6.00,6.50,ko,"Romance, Drama"
18-01-2010,Student Services,16.35,92.00,5.00,fr,Drama
10-06-2010,Naruto Bersyukur,16.35,4.00,7.80,id,Drama
10-03-2022,Once Upon a Time in Serbia,16.35,0.00,0.00,sr,"Comedy, Drama"
07-11-2014,Jessabelle,16.35,644.00,5.40,en,"Thriller, Horror"
08-12-1988,Mississippi Burning,16.35,1229.00,7.70,en,"Drama, Thriller, Crime, History"
13-05-2019,Malibu Rescue,16.35,165.00,6.40,en,"Action, Comedy, Family"
28-12-2018,Black Mirror: Bandersnatch,16.35,3265.00,6.80,en,"Science Fiction, Mystery, Drama, Thriller, TV Movie"
20-12-1980,The Taming of the Scoundrel,16.35,366.00,7.10,it,Comedy
18-09-1969,Fellini Satyricon,16.34,245.00,6.80,it,"Drama, Fantasy"
07-03-2022,Goyo: En Letra de Otro,16.34,0.00,0.00,es,Music
23-11-2005,Just Friends,16.34,1274.00,6.20,en,"Comedy, Romance"
01-06-2013,12 Rounds 2: Reloaded,16.34,218.00,5.60,en,"Action, Adventure"
16-08-1973,14 and Under,16.34,25.00,5.60,de,"Comedy, Romance"
25-10-1957,Paths of Glory,16.34,2124.00,8.30,en,"Drama, War"
21-10-2014,The Taking of Deborah Logan,16.34,850.00,6.40,en,"Horror, Mystery, Thriller"
05-02-2008,Snow Buddies,16.34,209.00,6.10,en,"Family, Adventure"
16-01-2009,Hotel for Dogs,16.33,718.00,6.00,en,"Comedy, Family"
10-12-2002,Chicago,16.33,2104.00,7.10,en,"Comedy, Crime, Drama"
13-12-1972,The Poseidon Adventure,16.33,631.00,7.20,en,"Action, Adventure, Drama, Thriller"
25-11-2018,LEGO Jurassic World: The Secret Exhibit,16.33,34.00,5.80,en,"Family, Animation, Comedy"
12-11-2020,Come Away,16.33,200.00,6.00,en,"Fantasy, Adventure"
19-05-2010,StreetDance 3D,16.33,346.00,6.40,en,"Music, Romance, Drama"
19-01-2007,Manual of Love 2,16.33,253.00,5.40,it,"Romance, Comedy, Drama"
23-08-2012,Erased,16.32,573.00,6.00,en,"Action, Thriller"
16-12-2010,Blue Valentine,16.32,2581.00,6.90,en,"Drama, Romance"
22-09-2017,Stronger,16.32,1227.00,7.00,en,Drama
20-10-2005,Election,16.32,157.00,7.00,cn,"Crime, Drama"
26-05-2021,Baggio: The Divine Ponytail,16.31,330.00,6.50,it,Drama
13-07-1966,How to Steal a Million,16.31,442.00,7.50,en,"Comedy, Crime"
18-07-1985,The Man with One Red Shoe,16.31,197.00,5.80,en,"Action, Comedy"
15-08-2019,Angel of Mine,16.31,197.00,6.30,en,"Drama, Thriller, Mystery"
27-07-2006,John Tucker Must Die,16.30,1147.00,6.20,en,"Comedy, Romance"
20-10-2017,Same Kind of Different as Me,16.29,205.00,6.90,en,Drama
06-09-2013,Hell Baby,16.29,169.00,5.10,en,"Comedy, Horror"
17-09-1993,Striking Distance,16.29,619.00,5.80,en,"Crime, Action, Mystery, Thriller"
09-10-2010,My Babysitter's a Vampire,16.29,312.00,7.00,en,"Adventure, Comedy, Family, Fantasy, TV Movie, Horror"
25-05-2015,Embrace of the Serpent,16.29,361.00,7.70,es,"Drama, Adventure"
16-09-1999,Jakob the Liar,16.29,269.00,6.50,en,"Comedy, Drama, History"
22-07-2005,The Devil's Rejects,16.28,1076.00,6.80,en,"Drama, Horror, Crime"
12-03-2016,Hush,16.28,3741.00,6.80,en,"Horror, Thriller"
06-09-2003,21 Grams,16.28,2499.00,7.40,en,"Drama, Crime, Thriller"
17-03-2015,The Flintstones & WWE: Stone Age SmackDown!,16.27,78.00,7.20,en,"Animation, Comedy, Family, Adventure"
24-10-1991,Curly Sue,16.27,429.00,6.40,en,"Comedy, Drama, Family, Romance"
10-02-1985,My Lucky Stars,16.27,108.00,6.40,cn,"Action, Comedy"
01-02-2017,R.A.I.D. Special Unit,16.27,785.00,5.80,fr,"Action, Comedy"
13-12-1973,My Name Is Nobody,16.27,725.00,7.30,it,"Comedy, Western"
19-09-2012,Tower Block,16.27,144.00,5.90,en,Thriller
21-10-2016,In a Valley of Violence,16.27,424.00,6.00,en,"Crime, Thriller, Western, Action"
03-05-2019,Tell It to the Bees,16.26,307.00,7.50,en,"Romance, Drama"
27-11-2020,Identifying Features,16.26,35.00,6.80,es,Drama
13-02-2002,Amen.,16.26,249.00,7.00,fr,"Drama, History"
29-10-1999,House on Haunted Hill,16.26,653.00,5.60,en,"Horror, Mystery, Thriller"
01-06-2005,The Sisterhood of the Traveling Pants,16.26,1113.00,6.50,en,"Drama, Comedy"
16-08-2015,Macbeth,16.26,1248.00,6.50,en,"War, Drama, Adventure"
25-02-2010,And Soon the Darkness,16.25,289.00,5.20,en,"Horror, Thriller, Crime, Mystery"
03-05-2018,Sobibor,16.25,223.00,6.60,ru,"War, Drama"
21-07-2017,Monster Island,16.25,43.00,5.50,en,"Animation, Adventure, Family, Comedy"
14-01-2013,30 Nights of Paranormal Activity With the Devil Inside the Girl With the Dragon Tattoo,16.25,87.00,4.10,en,Comedy
24-10-2014,Phantom Halo,16.25,39.00,6.10,en,"Thriller, Crime, Drama"
11-01-2005,The Land Before Time XI: Invasion of the Tinysauruses,16.25,152.00,6.20,en,"Animation, Family, Fantasy, Science Fiction"
03-10-2016,LEGO Jurassic World: The Indominus Escape,16.24,71.00,5.60,en,"Family, Animation, Comedy"
11-06-2011,Jiro Dreams of Sushi,16.24,562.00,7.80,en,Documentary
29-09-2011,Dream House,16.24,1132.00,6.10,en,"Drama, Thriller, Mystery"
28-09-1951,The Day the Earth Stood Still,16.24,792.00,7.50,en,"Drama, Science Fiction"
24-04-1981,Ms .45,16.24,213.00,6.60,en,"Crime, Thriller"
22-06-1967,Cool Hand Luke,16.24,1046.00,7.80,en,"Crime, Drama"
24-07-2013,The To Do List,16.24,855.00,5.70,en,"Comedy, Romance"
05-04-1995,Crayon Shin-chan: Unkokusai's Ambition,16.24,12.00,5.80,ja,Animation
04-07-1996,Courage Under Fire,16.24,682.00,6.40,en,"Drama, Thriller, Mystery, War"
27-07-2014,Tom and Jerry: The Lost Dragon,16.23,40.00,5.80,en,"Family, Animation, Comedy"
29-08-2014,Cantinflas,16.23,87.00,6.40,en,Drama
11-03-2010,Green Zone,16.23,1788.00,6.50,en,"War, Action, Adventure, Drama, Thriller"
20-12-1976,The Enforcer,16.23,636.00,6.80,en,"Action, Crime, Thriller"
12-10-2010,The Search for Santa Paws,16.23,165.00,6.30,en,"Family, Adventure"
20-11-1959,The Human Condition II: Road to Eternity,16.23,123.00,8.40,ja,"War, Drama, History"
16-09-2014,Marvel Knights: Eternals,16.23,19.00,7.60,en,Animation
10-05-2002,The New Guy,16.23,444.00,5.90,en,"Comedy, Family"
08-06-2017,The Hunter's Prayer,16.22,305.00,5.70,en,"Action, Thriller"
02-10-2014,The Absent One,16.22,473.00,7.10,da,Thriller
03-08-2016,Nine Lives,16.21,882.00,5.70,en,"Fantasy, Comedy, Family"
29-08-2015,All American Bikini Car Wash,16.21,41.00,4.40,en,Comedy
29-09-2004,2046,16.21,622.00,7.20,zh,"Fantasy, Drama, Science Fiction, Romance"
01-03-2014,Kiki's Delivery Service,16.21,38.00,6.70,ja,"Adventure, Comedy, Fantasy, Mystery"
15-12-1990,Days of Being Wild,16.21,303.00,7.30,cn,"Crime, Drama, Romance"
10-10-2008,Quarantine,16.21,1001.00,5.80,en,"Horror, Science Fiction"
12-10-2022,The Wasteland,16.21,0.00,0.00,es,"Drama, Horror, Thriller"
20-10-2016,American Pastoral,16.21,567.00,6.10,en,"Crime, Drama"
31-05-2019,Above the Shadows,16.20,99.00,6.90,en,"Fantasy, Romance"
01-03-1991,The Doors,16.20,1055.00,7.10,en,"Music, Drama"
23-02-2009,Futurama: Into the Wild Green Yonder,16.20,389.00,7.10,en,"Animation, Comedy, Science Fiction, TV Movie"
23-01-2018,Little Bitches,16.20,44.00,5.60,en,"Comedy, Romance, Drama"
27-09-2004,El padrino: The Latin Godfather,16.20,21.00,6.10,en,"Action, Crime, Drama"
09-05-2002,The Eye,16.20,301.00,6.50,cn,Horror
03-11-2021,"Paris, 13th District",16.19,73.00,7.20,fr,"Drama, Romance"
07-07-2000,The Kid,16.19,747.00,6.50,en,"Fantasy, Comedy, Family"
01-07-1992,A League of Their Own,16.19,1048.00,7.20,en,"Comedy, Drama, Family"
17-05-2007,Water Lilies,16.19,271.00,6.40,fr,"Drama, Romance"
11-06-1947,Miracle on 34th Street,16.19,517.00,7.40,en,"Comedy, Drama, Family"
27-09-2011,Ronal the Barbarian,16.18,204.00,6.00,da,"Animation, Adventure, Fantasy"
11-09-2010,Made in Dagenham,16.18,227.00,6.70,en,"Comedy, Drama, History"
18-10-2016,The Limehouse Golem,16.18,504.00,6.20,en,"Horror, Mystery, Thriller"
01-01-1990,Cyrano de Bergerac,16.18,564.00,7.30,fr,"Drama, Comedy, History, Romance"
05-12-1959,Operation Petticoat,16.18,254.00,7.10,en,"Action, Comedy, Romance"
09-02-2022,ASSEMBLED: The Making of Hawkeye,16.18,9.00,6.10,en,Documentary
19-11-1982,The Last Unicorn,16.17,357.00,7.20,en,"Fantasy, Animation, Family, Adventure"
05-06-1929,Un Chien Andalou,16.17,964.00,7.50,fr,"Fantasy, Horror"
17-09-1999,The Hurricane,16.17,1111.00,7.40,en,Drama
30-09-2005,The Greatest Game Ever Played,16.17,342.00,7.20,en,Drama
03-06-2014,Joy Ride 3,16.17,150.00,5.40,en,Thriller
11-01-2001,Antitrust,16.17,390.00,6.00,en,"Action, Crime, Drama"
06-02-2008,Chocolate,16.17,356.00,7.40,th,"Action, Comedy, Crime"
05-10-2001,The Royal Tenenbaums,16.17,3625.00,7.50,en,"Comedy, Drama"
11-05-2004,Van Helsing: The London Assignment,16.17,114.00,6.30,en,"Action, Animation, Fantasy, Horror"
14-04-2016,Norman: The Moderate Rise and Tragic Fall of a New York Fixer,16.16,143.00,5.50,en,"Comedy, Thriller, Drama"
08-06-2018,Franco Escamilla: Por La Anécdota,16.16,92.00,9.20,es,Comedy
26-06-1968,The Thomas Crown Affair,16.16,336.00,6.90,en,"Crime, Drama, Romance, Thriller"
24-05-1996,Spy Hard,16.16,461.00,5.30,en,"Comedy, Action"
21-04-2013,Lovestruck: The Musical,16.16,134.00,6.50,en,"Comedy, Fantasy, Romance, Music, TV Movie"
06-10-2010,Kaboom,16.16,245.00,5.70,en,"Comedy, Mystery, Romance, Science Fiction, Thriller"
07-08-1987,Masters of the Universe,16.15,656.00,5.70,en,"Action, Fantasy, Science Fiction, Adventure, Thriller"
11-03-2016,Sing Street,16.15,1851.00,7.90,en,"Comedy, Romance, Drama, Music"
03-03-2017,The Last Word,16.15,297.00,6.60,en,"Comedy, Drama"
11-07-1985,The Protector,16.15,132.00,6.10,en,"Action, Adventure, Comedy, Crime, Drama"
25-09-1961,The Hustler,16.15,704.00,7.80,en,Drama
20-03-1981,Omen III: The Final Conflict,16.15,397.00,5.80,en,Horror
24-12-1931,Dr. Jekyll and Mr. Hyde,16.15,190.00,7.30,en,"Horror, Science Fiction"
10-09-2013,How I Live Now,16.14,730.00,6.60,en,"Drama, Action, Thriller, War"
10-03-2007,Hellboy Animated: Blood and Iron,16.14,82.00,6.20,en,"TV Movie, Fantasy, Animation, Horror, Action, Thriller, Science Fiction"
17-07-2001,Mimic 2,16.14,156.00,5.20,en,"Horror, Science Fiction, Thriller"
11-05-2010,The Switch,16.14,1520.00,6.20,en,"Comedy, Romance, Drama"
31-03-2000,The Miracle Maker,16.14,30.00,5.80,en,"Animation, Family, History"
01-11-2006,The Santa Clause 3: The Escape Clause,16.14,807.00,5.40,en,"Comedy, Family, Adventure"
12-12-2002,Infernal Affairs,16.14,1148.00,7.80,cn,"Drama, Action, Thriller, Crime, Mystery"
20-10-2014,Day of the Mummy,16.14,28.00,5.00,en,"Adventure, Horror, Action"
25-10-1967,Le Samouraï,16.14,722.00,7.90,fr,"Crime, Thriller"
19-09-2016,The Siege of Jadotville,16.14,681.00,7.20,en,"War, Drama, Thriller"
12-03-2020,My Partner 2.0,16.14,1.00,2.00,es,"Comedy, Adventure"
13-01-2017,The Book of Love,16.14,171.00,6.40,en,Drama
12-04-2002,The Sweetest Thing,16.14,852.00,5.50,en,"Romance, Comedy"
05-05-2016,The Curse of Sleeping Beauty,16.14,166.00,4.90,en,"Fantasy, Horror"
21-05-2003,Swimming Pool,16.14,511.00,6.50,en,"Crime, Thriller"
07-02-1992,Final Analysis,16.13,193.00,5.60,en,"Drama, Thriller, Romance"
10-10-2004,Cube Zero,16.13,783.00,5.70,en,"Mystery, Science Fiction, Thriller"
20-03-2019,Jo Pil-ho: The Dawning Rage,16.13,70.00,6.10,ko,"Action, Crime, Drama"
10-09-2016,Girl in the Box,16.13,88.00,6.90,en,Drama
09-09-2013,Third Person,16.13,499.00,5.90,en,"Drama, Romance"
09-08-2012,The Campaign,16.13,1397.00,5.80,en,Comedy
26-10-2010,Barney's Version,16.13,350.00,7.10,en,"Comedy, Drama"
07-08-1992,3 Ninjas,16.12,347.00,5.80,en,"Family, Action, Adventure, Comedy"
26-03-1953,Ugetsu,16.12,392.00,8.10,ja,"Fantasy, Drama, Mystery"
10-07-2015,The Gallows,16.12,808.00,5.00,en,"Horror, Thriller"
15-09-2016,The Beatles: Eight Days a Week - The Touring Years,16.12,282.00,7.60,en,Documentary
01-01-2006,The Painted Veil,16.12,920.00,7.30,en,"Romance, Drama"
21-09-2012,Blancanieves,16.12,188.00,7.30,es,"Drama, Fantasy"
24-08-1990,Darkman,16.11,971.00,6.40,en,"Action, Science Fiction, Crime"
19-08-1987,Project A: Part II,16.11,178.00,7.10,cn,"Action, Comedy"
29-08-2008,Disaster Movie,16.11,809.00,3.30,en,Comedy
19-12-2007,Charlie Wilson's War,16.11,1135.00,6.60,en,"Comedy, Drama, History"
05-04-1990,Cry-Baby,16.11,1237.00,6.60,en,"Comedy, Music, Romance"
05-11-2008,Milk,16.11,1766.00,7.30,en,"History, Drama"
28-12-2017,Like a Cat on a Highway,16.11,781.00,6.50,it,"Family, Comedy"
11-02-2011,The Devil's Double,16.10,442.00,6.70,en,"Drama, Action, Thriller, Crime, War"
16-05-2019,The Sun Is Also a Star,16.10,524.00,7.00,en,"Romance, Drama"
15-04-1994,White Fang 2: Myth of the White Wolf,16.10,93.00,6.60,en,"Adventure, Family"
06-05-2010,Survival of the Dead,16.10,350.00,4.90,en,"Comedy, Horror, Thriller"
11-01-1991,Not Without My Daughter,16.10,225.00,6.50,en,"Drama, Thriller"
16-08-1989,Uncle Buck,16.10,887.00,6.80,en,"Comedy, Drama, Family"
04-02-1983,Videodrome,16.10,1574.00,7.30,en,"Horror, Mystery, Science Fiction"
30-10-1998,Vampires,16.10,923.00,6.30,en,"Action, Fantasy, Horror"
21-11-1995,Money Train,16.10,595.00,5.80,en,"Action, Comedy, Crime"
22-01-1999,Gloria,16.09,80.00,5.90,en,"Drama, Action, Thriller, Crime"
08-04-2011,Your Highness,16.09,1057.00,5.30,en,"Comedy, Fantasy"
01-10-1993,For Love or Money,16.09,275.00,6.20,en,"Comedy, Romance"
15-12-1996,Beavis and Butt-Head Do America,16.09,488.00,6.60,en,"Animation, Comedy"
01-11-2013,Philomena,16.09,1321.00,7.40,en,Drama
15-09-1992,Glengarry Glen Ross,16.09,954.00,7.40,en,"Crime, Drama, Mystery"
30-10-2020,My Sex Doll,16.09,4.00,9.00,th,"Comedy, Romance"
22-04-1994,Bad Girls,16.09,172.00,5.40,en,"Romance, Western"
07-04-2004,The Whole Ten Yards,16.09,742.00,5.70,en,"Comedy, Thriller, Crime"
28-08-1981,The French Lieutenant's Woman,16.09,155.00,6.40,en,"Drama, Romance"
02-08-2017,A Taxi Driver,16.08,626.00,8.10,ko,"Action, Drama, History"
25-04-2012,Gambit,16.08,533.00,5.40,en,"Comedy, Crime"
16-12-1987,Overboard,16.08,637.00,6.80,en,"Comedy, Romance"
14-03-2013,The Incredible Burt Wonderstone,16.08,1199.00,5.60,en,Comedy
07-04-1939,Wuthering Heights,16.08,189.00,7.30,en,"Drama, Romance"
03-09-1964,El Padrecito,16.07,118.00,7.90,es,Comedy
22-04-2016,Holidays,16.07,398.00,5.00,en,"Comedy, Horror"
31-05-1996,The Arrival,16.07,564.00,6.00,en,"Science Fiction, Thriller"
22-04-2009,Coco Before Chanel,16.07,759.00,6.90,fr,"Drama, History"
10-11-2010,Morning Glory,16.07,1217.00,6.30,en,"Comedy, Drama, Romance"
02-08-1967,In the Heat of the Night,16.07,734.00,7.70,en,"Crime, Drama, Mystery, Thriller"
18-12-1957,Sissi: The Fateful Years of an Empress,16.06,265.00,7.30,de,"Romance, Drama, History"
20-08-1975,Cookies,16.06,50.00,6.40,fr,"Romance, Drama, Comedy"
17-09-2004,Sky Captain and the World of Tomorrow,16.06,986.00,5.80,en,"Mystery, Action, Thriller, Science Fiction, Adventure"
24-03-1965,The Sucker,16.06,488.00,7.40,fr,"Comedy, Crime"
19-10-2007,Appleseed: Ex Machina,16.06,157.00,6.50,ja,"Animation, Action, Thriller, Science Fiction"
29-09-2016,Masterminds,16.05,1470.00,5.70,en,"Action, Comedy, Crime"
20-09-2012,Amour,16.05,1272.00,7.80,fr,"Drama, Romance"
24-10-2008,"Synecdoche, New York",16.05,1053.00,7.60,en,Drama
29-04-1994,When a Man Loves a Woman,16.05,260.00,6.50,en,"Drama, Romance"
13-12-1995,Sense and Sensibility,16.05,1297.00,7.50,en,"Drama, Romance"
30-09-2018,Marvel Rising: Secret Warriors,16.05,69.00,7.00,en,"Family, Animation, Action, Comedy, Science Fiction, TV Movie, Adventure"
02-07-2014,Premature,16.05,376.00,5.50,en,Comedy
11-09-2007,Cleaner,16.05,576.00,6.10,en,"Crime, Thriller, Mystery"
04-07-1996,Kingpin,16.05,650.00,6.50,en,Comedy
18-05-2017,A Family Man,16.04,416.00,6.70,en,Drama
04-10-1996,The Glimmer Man,16.04,288.00,5.40,en,"Action, Crime"
17-04-1998,Paulie,16.04,355.00,6.80,en,"Comedy, Family"
27-03-1974,The Great Gatsby,16.04,370.00,6.30,en,"Drama, Romance"
04-05-1984,The Bounty,16.04,382.00,6.70,en,"Action, Drama, History"
06-12-2013,Out of the Furnace,16.04,1584.00,6.60,en,"Thriller, Drama, Crime"
15-11-1991,Cape Fear,16.04,2548.00,7.20,en,"Thriller, Crime"
20-02-2018,Purpose of Reunion 3,16.04,0.00,0.00,ko,"Drama, Romance"
22-07-1983,Class,16.04,121.00,5.90,en,"Comedy, Drama"
17-08-1989,Blind Fury,16.04,339.00,6.60,en,"Action, Thriller"
04-09-1992,El Mariachi,16.04,851.00,6.70,es,"Action, Crime, Thriller"
13-09-2016,Five Nights at Freddy's: The Fan Film,16.03,1.00,2.00,en,"Animation, Horror"
22-04-2005,Beauty Shop,16.03,387.00,6.10,en,"Comedy, Romance"
13-10-2021,Found,16.03,25.00,7.60,en,Documentary
12-02-2021,Land,16.03,143.00,6.90,en,Drama
10-09-1954,Sabrina,16.03,964.00,7.50,en,"Comedy, Drama, Romance"
13-01-1991,Sleeping with the Enemy,16.03,802.00,6.40,en,"Drama, Crime, Thriller"
14-06-1985,Secret Admirer,16.03,130.00,7.10,en,"Comedy, Romance"
13-12-2018,Malevolent,16.02,307.00,5.00,en,Horror
13-03-1992,American Me,16.02,250.00,7.40,en,"Crime, Drama"
25-12-2014,Selma,16.02,1906.00,7.40,en,"History, Drama"
15-02-1964,Woman in the Dunes,16.02,269.00,8.30,ja,"Drama, Thriller"
26-05-1994,To Live,16.02,185.00,7.90,zh,"Drama, Romance, War"
22-04-2009,City of Life and Death,16.02,160.00,7.50,zh,"Drama, History, War"
08-03-2003,The Twins Effect,16.02,115.00,5.90,cn,"Action, Comedy, Horror"
07-04-2002,Changing Lanes,16.02,823.00,6.20,en,"Crime, Thriller"
03-07-2020,Relic,16.02,510.00,6.00,en,"Horror, Drama, Mystery, Thriller"
08-09-2006,Babel,16.02,2985.00,7.20,en,Drama
15-08-2019,Heroic Losers,16.02,429.00,7.70,es,"Comedy, Thriller"
01-03-2019,Apollo 11,16.02,468.00,7.90,en,"Documentary, History"
01-05-1992,Split Second,16.02,199.00,6.00,en,"Horror, Science Fiction"
10-03-2006,Failure to Launch,16.01,1337.00,5.80,en,Comedy
06-01-2005,Racing Stripes,16.01,475.00,5.80,en,"Comedy, Family"
17-12-1980,Any Which Way You Can,16.01,244.00,5.90,en,"Action, Adventure, Comedy"
24-06-1983,Yellowbeard,16.01,104.00,5.50,en,"Comedy, Adventure"
10-06-2011,Martha Marcy May Marlene,16.01,588.00,6.70,en,"Drama, Thriller"
20-03-1981,The Postman Always Rings Twice,16.01,355.00,6.50,en,"Romance, Crime, Drama"
08-06-1978,The Driver,16.01,276.00,7.20,en,"Action, Crime, Drama, Thriller"
27-11-2020,The Call,16.00,462.00,7.60,ko,"Thriller, Mystery, Science Fiction"
04-09-2019,The Banana Splits Movie,16.00,183.00,6.90,en,"Comedy, Horror, Science Fiction, Thriller"
28-08-2018,Scooby-Doo! and the Gourmet Ghost,16.00,118.00,8.30,en,"Animation, Adventure, Crime, Family, Comedy"
18-04-2014,Poseidon Rex,16.00,42.00,3.90,en,"Action, Science Fiction, Horror"
10-11-2010,London Boulevard,16.00,563.00,5.90,en,"Drama, Crime"
24-06-1993,Crime Story,15.99,112.00,6.60,cn,"Action, Crime"
10-08-2021,Untold: Malice at the Palace,15.99,49.00,7.10,en,"Documentary, Crime"
04-03-2009,The Young Victoria,15.99,852.00,7.20,en,"Drama, History, Romance"
26-12-2012,Maniac,15.99,705.00,6.00,en,Horror
09-11-1957,Night of the Demon,15.99,182.00,7.10,en,"Fantasy, Horror, Mystery, Thriller"
07-06-2013,Blackfish,15.99,910.00,7.90,en,Documentary
10-04-2015,The Marine 4: Moving Target,15.98,188.00,6.40,en,Action
07-03-2018,The Night Eats the World,15.98,484.00,6.00,fr,"Drama, Horror, Thriller"
13-09-2017,Victoria & Abdul,15.98,1005.00,7.00,en,"Drama, History"
12-01-2006,The Last King of Scotland,15.98,1619.00,7.50,en,Drama
24-12-2013,Pinocchio,15.97,13.00,4.80,de,"Animation, Drama, Fantasy"
11-06-2003,The Triplets of Belleville,15.97,712.00,7.40,fr,"Animation, Drama, Comedy"
22-05-2009,Dance Flick,15.97,192.00,4.70,en,"Action, Comedy, Music"
20-07-2015,Zombie Shark,15.97,43.00,4.20,en,"Horror, Science Fiction, TV Movie"
25-07-1986,Maximum Overdrive,15.97,522.00,5.70,en,"Horror, Action, Science Fiction"
01-07-2018,Big Legend,15.97,113.00,6.50,en,"Horror, Action, Thriller"
01-02-2019,Then Came You,15.97,370.00,7.50,en,"Comedy, Drama"
21-09-1988,The Lair of the White Worm,15.96,151.00,5.90,en,"Horror, Comedy, Fantasy"
12-01-2001,Save the Last Dance,15.96,1062.00,6.60,en,"Drama, Family, Romance, Music"
04-03-1995,Marmalade Boy,15.96,13.00,5.50,ja,"Animation, Romance"
26-03-2010,Hot Tub Time Machine,15.96,1969.00,6.00,en,"Science Fiction, Comedy, Adventure"
12-07-1985,Explorers,15.95,343.00,6.30,en,"Family, Science Fiction"
25-12-2005,The New World,15.95,907.00,6.50,en,"Drama, History, Romance"
09-06-2007,Evening,15.95,140.00,5.80,en,"Drama, Romance"
01-05-2020,Good Omens: Lockdown,15.95,10.00,8.50,en,"Comedy, Fantasy"
21-10-1977,Emanuelle and the Last Cannibals,15.95,67.00,4.70,it,"Adventure, Horror"
21-06-2006,"Paris, Je T'Aime",15.95,565.00,6.80,fr,"Drama, Romance"
23-03-2007,Once,15.95,1022.00,7.40,en,"Drama, Music, Romance"
14-09-2018,Patient Zero,15.94,275.00,5.30,en,"Horror, Thriller, Action, Drama"
12-05-1989,"See No Evil, Hear No Evil",15.94,747.00,6.70,en,"Crime, Comedy"
01-01-1991,Scream Queen Hot Tub Party,15.94,10.00,6.60,en,Horror
17-10-2004,Finding Neverland,15.94,3069.00,7.30,en,Drama
26-09-2019,DeadTectives,15.94,52.00,6.10,en,"Comedy, Horror"
06-10-1995,Macross Plus: Movie Edition,15.94,40.00,7.00,ja,"Action, Adventure, Animation, Science Fiction"
30-01-1998,Great Expectations,15.94,448.00,6.60,en,"Comedy, Drama, Romance"
20-02-2020,My Salinger Year,15.93,86.00,6.40,en,Drama
25-11-2020,Folklore: The Long Pond Studio Sessions,15.93,82.00,8.60,en,"Music, Documentary"
21-11-2015,Digimon Adventure tri. Part 1: Reunion,15.92,68.00,6.60,ja,"Animation, Adventure, Science Fiction"
02-11-2012,The Man with the Iron Fists,15.92,907.00,5.50,en,Action
09-02-2009,Mary and Max,15.92,1494.00,7.90,en,"Animation, Comedy, Drama"
16-06-2016,The Fundamentals of Caring,15.92,1858.00,7.30,en,"Comedy, Drama"
31-01-2003,The Sleeping Dictionary,15.92,117.00,6.60,en,"Drama, Romance"
25-10-2008,The Librarian: The Curse of the Judas Chalice,15.92,375.00,6.20,en,"Fantasy, Action, Adventure, Comedy"
26-08-2009,Taking Woodstock,15.92,335.00,6.20,en,"Music, Comedy, Drama"
17-03-2005,Ice Princess,15.92,768.00,6.40,en,"Family, Drama, Comedy"
02-08-2016,The Apostle Peter: Redemption,15.91,13.00,7.30,en,Drama
24-05-2014,Time Lapse,15.91,975.00,6.50,en,"Thriller, Science Fiction, Mystery"
23-11-2005,"Yours, Mine & Ours",15.91,688.00,6.10,en,"Comedy, Family, Romance"
14-12-1974,The Towering Inferno,15.91,668.00,7.00,en,"Action, Thriller, Drama"
09-10-2008,Bronson,15.91,2006.00,7.00,en,"Drama, Action, Crime"
08-05-1992,Poison Ivy,15.91,258.00,5.30,en,"Thriller, Drama"
18-01-2009,I Love You Phillip Morris,15.91,1279.00,6.40,en,"Comedy, Drama, Romance"
08-08-1986,The Transformers: The Movie,15.91,375.00,7.20,en,"Animation, Science Fiction, Action, Adventure, Family"
30-09-2015,The Walk,15.91,2710.00,7.00,en,"Adventure, Drama, Thriller"
16-07-2020,Fatal Affair,15.90,235.00,5.80,en,Thriller
31-03-1971,The Beguiled,15.90,318.00,7.00,en,"Drama, Thriller, War"
15-11-1985,Runaway Train,15.90,385.00,7.00,en,"Action, Thriller, Drama, Adventure"
10-12-1998,Jack Frost,15.90,901.00,5.90,en,"Comedy, Family, Drama, Fantasy"
17-12-1966,El Dorado,15.90,367.00,7.40,en,"Western, Adventure, Action, Romance"
03-01-2019,Giant Little Ones,15.90,185.00,7.40,en,Drama
22-05-1958,Dracula,15.89,414.00,7.30,en,Horror
17-05-1987,Wings of Desire,15.89,938.00,7.80,de,"Drama, Fantasy, Romance"
08-04-2005,Kim Possible: So the Drama,15.89,139.00,6.90,en,"Animation, Adventure, Family, Action"
28-09-1994,Asterix Conquers America,15.89,459.00,6.20,fr,"Family, Animation, Adventure, Comedy"
21-11-1986,An American Tail,15.89,1071.00,6.70,en,"Drama, Family, Animation, Adventure, Music"
10-03-2000,Mission to Mars,15.89,1089.00,6.00,en,"Science Fiction, Thriller"
27-09-2015,Female War: A Nasty Deal,15.89,9.00,3.50,ko,"Drama, Romance"
11-05-2000,Brother 2,15.89,174.00,7.50,ru,"Action, Crime, Drama"
17-08-1979,Life of Brian,15.89,3423.00,7.80,en,Comedy
26-11-2003,The Missing,15.89,452.00,6.30,en,"Thriller, Western, Adventure"
09-03-2018,Utøya: July 22,15.89,255.00,7.30,no,"History, Drama"
18-12-2014,The Invisible Boy,15.89,873.00,6.20,it,"Comedy, Adventure, Science Fiction, Fantasy"
15-03-1996,Executive Decision,15.89,688.00,6.20,en,"Action, Adventure, Drama, Thriller"
22-11-1994,Junior,15.88,1143.00,5.10,en,"Comedy, Family, Romance"
27-04-2001,Driven,15.88,557.00,5.10,en,Action
27-11-2002,Solaris,15.88,1021.00,5.90,en,"Drama, Science Fiction, Mystery, Romance"
13-09-2000,Sexy Beast,15.88,545.00,7.00,en,"Crime, Drama, Thriller"
16-12-1987,Moonstruck,15.88,646.00,6.80,en,"Comedy, Drama, Romance"
14-06-1944,Double Indemnity,15.87,1314.00,8.20,en,"Crime, Drama, Mystery, Thriller"
10-11-2017,The Chinese Widow,15.87,110.00,7.40,zh,"Drama, Romance, History, War"
22-10-2010,Hereafter,15.87,1323.00,6.00,en,"Drama, Fantasy"
27-02-2004,Club Dread,15.87,273.00,5.20,en,"Comedy, Horror"
18-11-1997,Jack Frost,15.87,165.00,5.20,en,"Fantasy, Horror, Comedy"
20-12-1996,One Fine Day,15.87,511.00,6.40,en,"Romance, Comedy"
15-05-2020,Proximity,15.86,120.00,6.20,en,"Science Fiction, Drama"
18-06-2021,Jagame Thandhiram,15.86,21.00,6.30,ta,"Crime, Comedy"
27-02-2020,Anastasia: Once Upon a Time,15.86,64.00,6.20,en,"Family, Adventure, Fantasy"
11-10-2019,Her Blue Sky,15.86,76.00,7.10,ja,"Animation, Romance"
20-10-1983,Rumble Fish,15.86,478.00,7.00,en,"Action, Crime, Drama"
05-06-2014,Jersey Boys,15.86,571.00,6.80,en,"Music, Drama"
26-05-1977,Smokey and the Bandit,15.86,523.00,6.90,en,"Action, Adventure, Comedy"
14-11-1990,Europa Europa,15.86,168.00,7.30,de,"History, Drama, War"
14-02-2014,Get Married If You Can,15.85,157.00,7.40,es,"Comedy, Romance"
30-06-2013,A Common Man,15.85,57.00,6.10,en,"Action, Thriller"
27-03-2009,Lupin the Third vs. Detective Conan,15.85,87.00,7.00,ja,"Action, Animation, Comedy, Crime, TV Movie"
06-06-2018,Bombshell: The Hedy Lamarr Story,15.84,76.00,7.00,en,Documentary
27-11-2020,A Go! Go! Cory Carson Christmas,15.84,16.00,6.90,en,"Animation, Family"
17-12-1987,A Better Tomorrow II,15.84,165.00,7.10,zh,"Action, Crime, Thriller"
09-03-2018,The Skin of the Wolf,15.84,104.00,5.20,es,"Romance, Drama"
07-02-2013,Safe Haven,15.84,2040.00,7.20,en,"Romance, Thriller"
13-04-2018,The Miracle Season,15.84,247.00,7.30,en,Drama
12-09-2019,The Room,15.84,683.00,6.40,en,"Horror, Drama, Mystery, Science Fiction"
13-05-2010,The Housemaid,15.83,216.00,6.40,ko,"Thriller, Drama"
06-02-2020,A Night of Horror: Nightmare Radio,15.83,65.00,5.60,en,Horror
20-07-2015,3-Headed Shark Attack,15.83,128.00,4.10,en,"Science Fiction, Action, Horror"
26-02-2016,Eddie the Eagle,15.83,1752.00,7.20,en,"Comedy, Drama, History, Adventure"
02-08-1992,Ranma ½: The Movie 2 — The Battle of Togenkyo: Rescue the Brides!,15.83,75.00,8.00,ja,"Action, Comedy, Animation"
12-02-2010,The Ghost Writer,15.83,1741.00,6.80,en,"Thriller, Mystery"
21-06-2019,The Influence,15.82,214.00,4.80,es,Horror
17-09-2019,Ad Astra,15.82,5292.00,6.10,en,"Science Fiction, Drama"
02-02-2009,Space Buddies,15.82,149.00,5.80,en,"Comedy, Adventure, Drama, Family"
31-10-2003,Fan-Fan the Tulip,15.82,174.00,5.40,fr,"Adventure, Comedy"
19-04-1997,Detective Conan: The Time Bombed Skyscraper,15.82,153.00,7.10,ja,"Adventure, Mystery, Animation"
07-08-1985,Real Genius,15.82,296.00,6.60,en,"Comedy, Romance, Science Fiction"
17-03-2000,High Fidelity,15.81,1528.00,7.20,en,"Comedy, Drama, Romance, Music"
15-03-2018,7 Days in Entebbe,15.81,333.00,5.80,en,"Thriller, Drama, Crime"
22-08-2015,Date A Live: Mayuri Judgment,15.81,37.00,7.90,ja,"Animation, Romance, Science Fiction"
01-05-1998,Black Dog,15.81,176.00,6.20,en,Action
15-04-2011,Water for Elephants,15.81,2208.00,6.90,en,"Drama, Romance"
27-05-1994,Three Colors: Red,15.81,984.00,8.00,fr,"Drama, Mystery, Romance"
15-05-1981,Chariots of Fire,15.81,658.00,6.90,en,"Drama, History"
09-10-2014,Monsters: Dark Continent,15.81,266.00,4.70,en,"Thriller, Drama, Science Fiction"
26-06-1998,Out of Sight,15.81,955.00,6.60,en,"Romance, Comedy, Crime"
09-04-1999,Never Been Kissed,15.80,1208.00,6.20,en,"Romance, Comedy, Drama"
17-03-2002,Clockstoppers,15.80,233.00,5.20,en,"Adventure, Family, Science Fiction, Thriller"
14-10-2005,The Fog,15.80,562.00,4.40,en,"Horror, Thriller"
28-07-2020,Legacy of Lies,15.80,179.00,5.60,en,Thriller
04-08-1998,The Swan Princess: The Mystery of the Enchanted Kingdom,15.80,220.00,6.00,en,"Family, Fantasy, Animation, Mystery"
21-09-2017,Destruction: Los Angeles,15.80,60.00,5.50,en,"Action, Adventure"
10-05-2002,Dog Soldiers,15.80,623.00,6.70,en,"Horror, Action, Thriller"
14-06-2019,Plus One,15.79,221.00,7.10,en,"Romance, Comedy, Drama"
16-06-1965,Those Magnificent Men in Their Flying Machines or How I Flew from London to Paris in 25 hours 11 minutes,15.79,123.00,6.80,en,Comedy
04-04-2021,Color of Love,15.79,3.00,5.80,en,"Drama, TV Movie"
25-05-2006,Candy,15.79,488.00,7.10,en,"Drama, Romance"
28-09-1999,Alvin and the Chipmunks Meet Frankenstein,15.79,116.00,7.00,en,"Animation, Comedy"
01-11-2001,Citizen Toxie: The Toxic Avenger IV,15.79,94.00,6.50,en,"Comedy, Horror"
28-06-1985,Pale Rider,15.78,781.00,7.20,en,Western
24-01-2001,Sugar & Spice,15.78,199.00,6.40,en,"Crime, Comedy, Drama"
17-06-2009,Enter the Void,15.78,1364.00,7.40,en,"Fantasy, Drama"
12-10-2001,Bandits,15.78,781.00,6.30,en,"Comedy, Crime"
24-10-2018,Sink or Swim,15.78,1257.00,6.90,fr,"Drama, Comedy"
09-09-2017,Mom and Dad,15.78,744.00,5.20,en,"Thriller, Horror, Comedy"
16-01-1996,Poison Ivy 2: Lily,15.78,90.00,4.80,en,"Drama, Romance, Thriller"
01-11-2018,Christmas with a View,15.78,260.00,5.80,en,"Romance, Family, TV Movie"
17-09-1993,The Pelican Brief,15.78,1151.00,6.50,en,"Mystery, Drama, Thriller, Crime"
28-08-2020,I Am Woman,15.78,19.00,7.00,en,"Music, Drama"
22-05-2011,Family Guy Presents: It's a Trap!,15.77,344.00,6.80,en,"Animation, Fantasy, Comedy, Science Fiction, Adventure"
23-02-2006,Forbidden Quest,15.77,14.00,5.60,ko,"Romance, Comedy"
20-07-2006,My Super Ex-Girlfriend,15.77,1161.00,5.00,en,"Comedy, Science Fiction, Romance"
12-06-2020,Infamous,15.77,129.00,5.90,en,Crime
10-07-1998,The Patriot,15.77,237.00,5.50,en,"Action, Thriller"
19-06-2009,Exam,15.77,1577.00,6.70,en,"Thriller, Mystery"
30-04-2002,Femme Fatale,15.77,430.00,6.20,en,"Thriller, Crime, Romance"
07-08-1987,Hamburger Hill,15.77,304.00,6.50,en,"War, Action, Drama"
30-03-2001,The Tailor of Panama,15.76,355.00,6.10,en,"Drama, Thriller"
23-09-2016,Queen of Katwe,15.76,350.00,7.20,en,Drama
24-06-1994,Wyatt Earp,15.76,631.00,6.70,en,"Western, Drama, Action, Adventure"
10-12-1977,Capricorn One,15.76,326.00,6.80,en,"Drama, Action, Thriller, Science Fiction"
30-10-2015,Top Cat Begins,15.76,119.00,6.60,es,"Comedy, Animation, Family"
22-02-2017,If I Were a Boy,15.76,317.00,5.30,fr,Comedy
26-07-2018,Hot Summer Nights,15.76,534.00,6.70,en,"Drama, Comedy"
14-09-2005,The Notorious Bettie Page,15.76,113.00,6.30,en,"Comedy, Drama"
09-03-1989,Police Academy 6: City Under Siege,15.76,630.00,5.10,en,"Comedy, Crime"
19-02-1999,October Sky,15.76,904.00,7.60,en,"Family, Drama"
17-08-1995,The City of Lost Children,15.75,788.00,7.40,fr,"Fantasy, Science Fiction, Adventure"
28-11-2011,The Best Exotic Marigold Hotel,15.75,1091.00,6.90,en,"Drama, Comedy"
03-04-2008,Nim's Island,15.75,965.00,5.90,en,"Adventure, Comedy, Family, Fantasy"
12-07-2018,Occupation,15.75,146.00,4.40,en,"Action, Science Fiction, Drama"
24-11-2003,Honey,15.75,982.00,6.30,en,"Music, Drama, Romance, Family"
21-12-1960,Swiss Family Robinson,15.75,245.00,6.90,en,"Adventure, Family"
02-12-1981,The Cabbage Soup,15.75,682.00,6.40,fr,"Comedy, Science Fiction"
10-05-1984,Women in Fury,15.75,13.00,3.90,it,"Action, Drama"
11-07-2017,LEGO Scooby-Doo! Blowout Beach Bash,15.74,136.00,7.40,en,"Animation, Comedy, Family, Mystery"
26-12-2013,August: Osage County,15.74,1198.00,6.90,en,"Comedy, Drama"
29-07-1983,Krull,15.74,380.00,6.00,en,"Action, Adventure, Fantasy, Science Fiction"
30-08-2018,A Fortunate Man,15.74,112.00,6.80,da,Drama
10-06-2016,Be Somebody,15.74,239.00,6.60,en,"Drama, Comedy, Romance"
16-09-2019,3 from Hell,15.74,295.00,5.80,en,Horror
12-12-2008,What Doesn't Kill You,15.73,129.00,6.10,en,"Action, Crime, Drama"
27-06-2003,The Room,15.73,1108.00,4.10,en,"Drama, Romance"
12-09-2012,Aftershock,15.73,248.00,5.10,es,"Horror, Thriller"
25-11-2009,According to Greta,15.73,166.00,6.10,en,"Drama, Romance"
17-09-2013,Shrek the Musical,15.73,84.00,7.30,en,"Music, Comedy, Fantasy"
20-12-1981,Sexo Profundo,15.73,2.00,8.00,pt,"Drama, Crime, Horror"
11-11-2011,40858,15.73,183.00,4.60,en,"Horror, Thriller"
23-03-2013,Rape Zombie: Lust of the Dead 3,15.72,18.00,5.90,ja,"Horror, Comedy"
10-04-2020,Corona Zombies,15.72,29.00,4.70,en,"Horror, Comedy"
12-03-1980,Emmanuelle: Queen of Sados,15.72,16.00,4.80,el,"Crime, Drama"
22-10-2003,Ruby & Quentin,15.72,625.00,6.70,fr,"Comedy, Crime"
24-11-2009,The Boondock Saints II: All Saints Day,15.72,573.00,6.00,en,"Action, Thriller, Crime"
14-10-2016,Trespass Against Us,15.72,261.00,5.80,en,"Action, Crime, Drama"
19-11-2020,Aline,15.72,133.00,7.10,fr,"Drama, Comedy, Music"
26-04-2011,Sniper: Reloaded,15.72,141.00,6.10,en,"War, Action, Thriller, Drama"
06-06-2007,Gone Baby Gone,15.71,2919.00,7.30,en,"Crime, Drama, Mystery"
31-07-1989,Parenthood,15.71,476.00,6.70,en,"Comedy, Family"
11-05-2017,The Wizard of Lies,15.71,438.00,6.60,en,"Crime, Drama, History, Thriller, TV Movie"
16-10-2014,The Perfect Dictatorship,15.71,130.00,7.30,es,"Drama, Comedy"
29-08-2013,Getaway,15.71,526.00,5.10,en,"Action, Crime"
26-11-2003,Bad Santa,15.71,1670.00,6.50,en,"Drama, Comedy, Crime"
04-10-2019,Rogue Warfare,15.71,106.00,5.60,en,"Action, War"
19-11-2017,Manhunt,15.71,89.00,5.60,zh,"Action, Thriller, Crime"
08-08-2010,"Tomorrow, When the War Began",15.71,417.00,6.20,en,"Action, Adventure, Drama"
17-08-2011,The Awakening,15.71,1149.00,6.40,en,"Horror, Thriller, Mystery"
02-02-2012,Celebrity Sex Tape,15.71,40.00,4.00,en,Comedy
15-10-2021,Occupation: Rainfall,15.70,22.00,5.80,en,"Science Fiction, Action"
28-04-2006,United 93,15.70,1111.00,7.10,en,"Drama, History, Crime, Thriller, Action"
25-10-2002,Punch-Drunk Love,15.70,1714.00,7.10,en,"Comedy, Drama, Romance"
18-10-1987,Scooby-Doo! Meets the Boo Brothers,15.70,170.00,7.40,en,"Animation, Adventure, Comedy, Family, TV Movie"
16-10-1998,Kuch Kuch Hota Hai,15.70,299.00,7.70,hi,"Drama, Romance"
24-05-2019,Elisa & Marcela,15.70,302.00,7.40,es,"Drama, Romance"
09-02-2007,Music and Lyrics,15.70,1394.00,6.40,en,"Comedy, Music, Romance"
09-12-1995,Four Rooms,15.70,2122.00,5.70,en,"Crime, Comedy"
24-07-1981,Blow Out,15.70,987.00,7.30,en,"Thriller, Crime, Mystery"
11-11-2016,The Monster,15.70,457.00,5.50,en,"Horror, Drama"
24-10-1961,El Cid,15.70,193.00,6.90,en,"Action, Drama, History, Romance, War"
05-12-2019,A Christmas Prince: The Royal Baby,15.69,435.00,6.40,en,"Romance, Family"
28-01-2011,Avalon High,15.69,480.00,6.20,en,"Fantasy, Family, Drama, TV Movie"
12-10-2016,Planetarium,15.69,166.00,4.60,fr,"Drama, Fantasy, Mystery"
20-12-2015,Taylor Swift: The 1989 World Tour - Live,15.69,99.00,8.40,en,"Music, Documentary"
14-12-2001,Kabhi Khushi Kabhie Gham,15.69,410.00,7.80,hi,"Comedy, Drama"
20-02-2009,Fired Up!,15.69,485.00,6.10,en,Comedy
30-08-2011,Adventures of Bailey: The Lost Puppy,15.69,8.00,5.70,en,Family
11-06-2004,The Chronicles of Riddick,15.69,3255.00,6.50,en,"Action, Science Fiction"
19-04-1998,Detective Conan: The Fourteenth Target,15.68,141.00,7.10,ja,"Crime, Thriller, Animation"
09-05-2018,Everybody Knows,15.68,773.00,6.50,es,Drama
04-09-1991,La Belle Noiseuse,15.68,125.00,7.30,fr,Drama
19-10-2009,A Single Man,15.68,1259.00,7.30,en,"Romance, Drama"
06-07-2012,Savages,15.68,1822.00,6.30,en,"Crime, Drama, Thriller"
18-07-1996,The Frighteners,15.67,1139.00,6.90,en,"Horror, Comedy"
29-07-1997,One Eight Seven,15.67,443.00,6.60,en,"Drama, Thriller"
04-10-2019,Semper Fi,15.67,98.00,6.00,en,"Drama, Action"
24-09-2004,First Daughter,15.66,682.00,6.20,en,"Comedy, Drama, Family, Romance"
15-02-2007,Bordertown,15.66,254.00,6.30,en,"Crime, Drama, Mystery, Thriller"
22-09-2000,Urban Legends: Final Cut,15.66,353.00,4.80,en,"Horror, Mystery, Thriller"
15-07-2010,Womb,15.65,275.00,6.10,en,"Romance, Science Fiction"
21-01-2017,Walking Out,15.65,113.00,5.70,en,"Adventure, Drama, Thriller"
05-10-1991,Riki-Oh: The Story of Ricky,15.65,200.00,6.70,cn,"Comedy, Action, Thriller"
08-02-1978,Little Lips,15.65,18.00,5.30,it,Drama
10-03-2011,Kill the Irishman,15.64,474.00,6.80,en,"Action, Crime, Thriller, Drama"
26-06-1982,The Last American Virgin,15.64,162.00,6.50,en,Comedy
18-06-1986,Legal Eagles,15.64,164.00,6.00,en,"Comedy, Crime, Romance, Thriller"
27-06-2011,2012: Ice Age,15.63,228.00,4.40,en,"Action, Adventure, Science Fiction"
25-12-1993,Grumpy Old Men,15.63,481.00,6.60,en,Comedy
17-06-1994,Wolf,15.63,685.00,6.10,en,"Fantasy, Drama, Horror"
18-06-1993,3 Ninjas Knuckle Up,15.63,153.00,5.20,en,"Family, Adventure, Action, Comedy"
10-12-1992,The Muppet Christmas Carol,15.63,680.00,7.40,en,"Music, Comedy, Family, Fantasy, Drama"
29-03-2021,Bram Stoker's Van Helsing,15.62,60.00,5.90,en,Horror
10-01-1975,The Count of Monte-Cristo,15.62,99.00,6.70,en,"Adventure, Action, Drama, History, TV Movie"
12-08-2021,Coming Home in the Dark,15.62,61.00,6.00,en,"Thriller, Horror"
18-10-2011,Pirates of the Caribbean: Tales of the Code – Wedlocked,15.62,49.00,6.90,en,"Adventure, Action, Fantasy"
24-04-2010,Gintama: The Movie,15.62,48.00,7.50,ja,"Action, Comedy, Science Fiction, Animation"
07-02-2008,Kung Fu Dunk,15.62,159.00,5.80,zh,"Action, Adventure, Comedy"
31-12-2014,Manny,15.62,57.00,6.30,en,"Documentary, Drama"
01-03-2019,Doraemon: Nobita's Chronicle of the Moon Exploration,15.61,36.00,7.60,ja,"Animation, Adventure"
14-02-2020,"Veinteañera, Divorciada y Fantástica",15.61,350.00,8.10,es,Comedy
01-02-2018,The Little Witch,15.61,101.00,6.90,de,"Family, Comedy, Drama"
29-10-2004,Birth,15.61,482.00,5.90,en,"Mystery, Drama, Romance"
15-11-2018,At Eternity's Gate,15.61,1175.00,6.90,en,Drama
14-07-1953,Gentlemen Prefer Blondes,15.61,651.00,7.30,en,"Music, Comedy, Romance"
21-07-2016,Mi Prima La Sexóloga,15.60,209.00,7.00,es,Comedy
23-09-2005,Oliver Twist,15.60,981.00,6.70,en,"Crime, Drama, Family"
17-01-1986,Iron Eagle,15.60,215.00,5.40,en,Action
27-02-2009,Echelon Conspiracy,15.60,354.00,6.30,en,"Action, Thriller"
17-05-2018,The Professor,15.60,819.00,6.80,en,"Comedy, Drama"
08-02-1985,Witness,15.59,1216.00,7.10,en,"Crime, Drama, Romance, Thriller"
23-11-2001,Diary of a Sex Addict,15.59,21.00,5.40,en,Drama
01-10-2010,Robot,15.59,152.00,6.50,ta,"Action, Science Fiction, Fantasy"
16-02-2012,Thale,15.59,111.00,5.40,no,"Horror, Fantasy"
12-06-1963,Donovan's Reef,15.59,98.00,6.20,en,"Adventure, Comedy, Romance"
12-04-2001,Crocodile Dundee in Los Angeles,15.59,474.00,5.20,en,"Adventure, Comedy"
16-12-1999,Any Given Sunday,15.59,1306.00,6.80,en,Drama
10-05-1999,Pirates of Silicon Valley,15.59,409.00,7.10,en,Drama
26-07-1996,The Adventures of Pinocchio,15.59,183.00,5.30,en,"Family, Fantasy, Adventure, Drama, Music"
30-01-2019,Serial (Bad) Weddings 2,15.58,1048.00,5.90,fr,Comedy
09-09-1982,Violence in a Women's Prison,15.58,21.00,4.70,it,"Action, Thriller"
24-03-2009,Ace Ventura Jr: Pet Detective,15.58,135.00,3.40,en,"Comedy, Family, Adventure, Crime"
18-12-1992,Leap of Faith,15.58,157.00,5.70,en,"Comedy, Drama, Romance"
03-03-1939,Stagecoach,15.58,808.00,7.70,en,"Western, Adventure, Action"
28-09-2017,Satan's Slaves,15.57,174.00,6.70,id,"Horror, Drama, Mystery"
20-11-2012,Santa Paws 2: The Santa Pups,15.57,83.00,6.20,en,"Family, Fantasy, Adventure"
20-11-1987,Flowers in the Attic,15.57,155.00,6.30,en,"Drama, Mystery, Thriller"
06-08-1999,Mystery Men,15.57,636.00,5.70,en,"Adventure, Fantasy, Action, Comedy, Science Fiction"
15-09-2000,Bait,15.57,146.00,5.70,en,"Action, Thriller, Crime"
01-11-1985,Death Wish 3,15.56,289.00,6.20,en,Action
29-05-1998,Almost Heroes,15.56,135.00,5.60,en,"Adventure, Comedy, Western"
01-11-2019,Drive,15.56,38.00,5.60,hi,"Action, Thriller"
21-12-1977,The Gauntlet,15.56,380.00,6.60,en,"Drama, Action, Crime, Thriller"
13-08-2015,Our Times,15.56,112.00,7.30,zh,"Romance, Comedy"
10-09-2020,Persecuted,15.56,2.00,6.50,es,"Thriller, Mystery"
25-10-2005,My Little Pony: A Very Minty Christmas,15.56,11.00,4.80,en,"Animation, Fantasy"
17-05-1991,Mannequin Two: On the Move,15.56,115.00,5.90,en,"Fantasy, Comedy, Science Fiction, Romance"
10-10-1961,Splendor in the Grass,15.55,193.00,7.60,en,"Drama, Romance"
30-12-2020,Pieces of a Woman,15.55,909.00,7.10,en,Drama
19-12-2008,Nothing But the Truth,15.55,355.00,6.90,en,"Drama, Thriller"
23-12-1994,The Jungle Book,15.55,366.00,5.90,en,"Family, Adventure, Drama"
06-11-2012,Amazing Love,15.55,14.00,6.90,en,Drama
30-09-1992,Fortress,15.55,473.00,6.10,en,"Action, Thriller, Science Fiction"
04-07-2019,Dream Factory,15.55,62.00,7.30,de,"Drama, Comedy, Romance"
02-12-2017,Angela's Christmas,15.55,187.00,6.80,en,"Animation, Family"
25-02-2014,The Swan Princess: A Royal Family Tale,15.55,32.00,6.10,en,"Family, Animation, Fantasy"
21-04-2016,Keanu,15.55,859.00,6.00,en,"Action, Comedy, Crime"
15-12-2019,Agatha and the Curse of Ishtar,15.54,32.00,5.90,en,Crime
17-09-2017,Five Nights at Freddy's: Forgotten Memories,15.54,2.00,2.50,en,"Horror, Mystery, Thriller"
21-02-1973,Lolly-Madonna XXX,15.53,8.00,4.80,en,Drama
21-04-1999,Three Kings,15.53,1605.00,6.60,en,"Action, Comedy, War"
08-10-1996,Children of the Corn IV: The Gathering,15.53,100.00,4.50,en,Horror
21-08-1963,The Haunting,15.53,445.00,7.20,en,Horror
24-09-2010,Buried,15.53,2247.00,6.60,en,"Drama, Thriller, Mystery"
28-04-1989,K-9,15.53,747.00,6.00,en,"Action, Comedy, Crime"
22-02-1999,Message in a Bottle,15.53,631.00,6.10,en,"Romance, Drama"
01-09-1989,Erik the Viking,15.53,158.00,5.90,en,"Adventure, Fantasy, Comedy"
14-08-2020,Tesla,15.53,197.00,5.90,en,"Drama, History"
31-12-2008,Defiance,15.52,1414.00,6.80,en,"Action, Drama, History, War"
14-09-2001,Millennium Actress,15.52,527.00,7.90,ja,"Animation, Drama, Romance"
07-05-1987,Red Scorpion,15.52,183.00,6.00,en,"Adventure, Action, War"
15-08-2003,Cabin Fever,15.52,955.00,5.70,en,Horror
15-08-1984,The Adventures of Buckaroo Banzai Across the 8th Dimension,15.52,282.00,6.00,en,"Science Fiction, Comedy, Adventure, Romance"
28-03-2018,Dolphin Reef,15.52,67.00,6.90,en,"Documentary, Family"
25-03-2016,Assassination Classroom: Graduation,15.52,63.00,7.20,ja,"Science Fiction, Comedy, Action"
05-02-2004,Tae Guk Gi: The Brotherhood of War,15.52,503.00,8.00,ko,"Action, Adventure, Drama, History, War"
22-06-2012,Lay the Favorite,15.52,192.00,5.30,en,"Drama, Comedy"
10-12-1982,Airplane II: The Sequel,15.52,790.00,6.10,en,Comedy
01-10-2017,Return To Zootopia,15.52,19.00,6.00,en,"Animation, Action, Adventure, Comedy, Drama, Romance"
06-05-1938,Mickey's Trailer,15.52,111.00,7.30,en,"Animation, Comedy"
16-09-1977,Emanuelle Around the World,15.51,35.00,5.60,it,"Adventure, Drama, Horror"
30-04-1999,Idle Hands,15.51,481.00,6.10,en,"Comedy, Horror, Fantasy"
28-02-1999,Alice in Wonderland,15.51,290.00,6.30,en,"Fantasy, Family"
07-04-1988,Fright Night Part 2,15.51,273.00,6.40,en,"Comedy, Horror"
18-12-2015,Bajirao Mastani,15.51,210.00,7.30,hi,"War, History, Romance"
20-07-2016,Double D Dude Ranch,15.51,9.00,3.90,en,"Western, Comedy"
09-04-2015,Good Kill,15.51,436.00,6.00,en,Drama
01-12-2017,Perfect Strangers,15.50,535.00,6.70,es,"Drama, Comedy"
16-04-1999,Life,15.50,592.00,6.60,en,"Comedy, Crime"
21-06-1991,The Rocketeer,15.50,687.00,6.40,en,"Action, Adventure, Science Fiction, Family"
29-05-1954,Dial M for Murder,15.50,1952.00,8.00,en,"Crime, Thriller"
09-07-2020,Survive the Night,15.49,161.00,5.10,en,"Action, Thriller"
23-03-2009,Green Street Hooligans 2,15.49,186.00,5.00,en,"Crime, Drama"
17-10-2008,Boogeyman 3,15.49,173.00,5.20,en,Horror
06-09-2018,City of Lies,15.49,387.00,6.40,en,"Crime, Thriller, Drama"
06-09-2015,Lady Chatterley's Lover,15.49,90.00,6.40,en,"Romance, Drama"
17-03-2017,Goon: Last of the Enforcers,15.49,237.00,5.70,en,Comedy
29-10-2001,Suicide Club,15.49,339.00,6.60,ja,"Drama, Horror, Thriller"
03-02-1989,Who's Harry Crumb?,15.49,222.00,5.70,en,"Comedy, Crime, Mystery"
18-07-1990,King of New York,15.48,445.00,6.70,en,"Thriller, Crime"
11-12-2019,Black Christmas,15.48,389.00,4.70,en,"Horror, Mystery, Thriller"
18-05-2018,First Reformed,15.48,1039.00,7.00,en,Drama
10-12-1991,Bugsy,15.48,283.00,6.40,en,"Crime, Drama, Mystery"
22-01-1988,Braddock: Missing in Action III,15.48,179.00,5.70,en,"Action, War"
04-11-2015,Cro Minion,15.47,166.00,7.10,en,"Animation, Family"
01-11-2005,Grave of the Fireflies,15.47,70.00,8.00,ja,Drama
22-11-2010,The Way Back,15.47,1181.00,7.00,en,"Drama, Adventure, History"
26-08-2021,Yakuza Princess,15.47,63.00,6.30,pt,Action
14-10-2020,Asphalt Burning,15.47,95.00,5.40,no,"Action, Comedy"
05-05-2018,Breaking In,15.46,558.00,5.90,en,"Thriller, Crime, Action, Horror"
10-02-2011,Foster,15.46,88.00,6.80,en,"Comedy, Drama, Family"
22-04-2000,Detective Conan: Captured in Her Eyes,15.46,116.00,7.30,ja,"Animation, Crime, Thriller"
21-03-2014,50 to 1,15.46,57.00,6.70,en,"Comedy, Drama"
16-03-2000,The Gift,15.46,879.00,6.40,en,"Horror, Drama, Thriller, Mystery"
30-08-2013,Wolf Creek 2,15.46,443.00,6.30,en,"Horror, Thriller"
23-12-1999,Galaxy Quest,15.46,1704.00,7.10,en,"Comedy, Family, Science Fiction, Adventure"
26-02-2011,Macross Frontier: The Wings of Goodbye,15.45,8.00,6.60,ja,"Action, Animation, Romance"
07-11-2001,Gosford Park,15.45,822.00,6.90,en,"Drama, Mystery, Thriller"
01-12-1973,The Wicker Man,15.45,941.00,7.40,en,Horror
19-12-1965,Invasion of Astro-Monster,15.45,133.00,6.90,ja,"Action, Adventure, Science Fiction"
27-03-1992,The Cutting Edge,15.45,247.00,7.20,en,"Comedy, Drama, Romance"
24-08-2001,Bubble Boy,15.45,454.00,5.70,en,"Comedy, Adventure, Romance"
09-09-2007,The Jane Austen Book Club,15.45,306.00,6.60,en,"Comedy, Romance"
21-08-2019,American Factory,15.45,347.00,7.20,en,Documentary
20-05-2005,The Muppets' Wizard of Oz,15.45,102.00,5.20,en,"Family, Adventure, Comedy, Music, Fantasy, TV Movie"
13-02-1998,Sphere,15.45,1240.00,6.10,en,"Science Fiction, Mystery, Thriller"
19-07-2002,K-19: The Widowmaker,15.45,738.00,6.40,en,"Drama, History, War, Thriller, Mystery"
13-02-2007,Irina Palm,15.45,117.00,6.90,en,Drama
14-06-2013,Un Dios prohibido,15.45,13.00,6.10,es,"Drama, War"
06-12-1989,Family Business,15.45,172.00,5.60,en,"Crime, Action, Comedy, Drama, Thriller"
27-12-2002,Julius Caesar,15.44,40.00,6.70,en,"War, Drama, History"
06-08-2008,The Sisterhood of the Traveling Pants 2,15.44,693.00,6.20,en,"Adventure, Comedy, Drama, Family"
04-10-1970,The Vampire Lovers,15.44,126.00,6.50,en,Horror
21-09-2012,The Collection,15.44,774.00,6.30,en,"Horror, Thriller"
12-01-2013,The Last Stand,15.44,2281.00,6.00,en,"Action, Crime, Thriller"
10-03-2022,Before I Met You,15.43,0.00,0.00,id,Drama
24-02-2012,Act of Valor,15.43,894.00,6.50,en,"Action, Thriller, War"
12-06-2013,The Bling Ring,15.43,2710.00,5.40,en,"Drama, Crime"
02-09-2010,Wall Street: Money Never Sleeps,15.43,1218.00,6.10,en,"Drama, Crime"
31-05-2002,Undercover Brother,15.43,292.00,5.80,en,"Action, Comedy"
17-03-2014,Exists,15.43,239.00,5.50,en,Horror
07-10-2011,SeaFood,15.43,41.00,4.90,th,"Animation, Comedy, Family, Adventure"
26-09-2008,Nights in Rodanthe,15.43,503.00,6.20,en,"Drama, Romance"
28-08-1975,The Story of O,15.43,97.00,5.60,fr,Drama
10-10-1976,Shaolin Wooden Men,15.42,86.00,6.70,zh,Action
10-09-1972,Jeremiah Johnson,15.42,436.00,7.30,en,"Adventure, Western, History"
28-03-1980,City of Women,15.42,184.00,7.00,it,"Comedy, Drama, Adventure, Fantasy"
19-12-1997,Open Your Eyes,15.42,741.00,7.50,es,"Drama, Thriller, Science Fiction"
06-09-1948,The Red Shoes,15.42,440.00,8.10,en,"Drama, Romance"
17-09-2005,Shinobi: Heart Under Blade,15.42,122.00,6.50,ja,Action
10-09-2014,Gemma Bovery,15.42,257.00,6.10,fr,"Romance, Drama, Comedy"
21-05-2013,The Great Beauty,15.42,2583.00,7.50,it,Drama
30-09-2021,The Battle at Lake Changjin,15.42,23.00,7.20,zh,"Drama, War"
09-04-1993,This Boy's Life,15.42,744.00,7.10,en,Drama
21-10-2011,Anonymous,15.41,604.00,6.40,en,"Drama, History, Thriller"
18-09-1987,The Principal,15.41,200.00,6.50,en,"Action, Adventure, Crime, Drama"
02-04-2021,Madame Claude,15.41,159.00,5.80,fr,"Crime, Drama, Romance"
24-12-2003,Monster,15.41,1755.00,7.20,en,"Crime, Drama"
14-02-2019,Break,15.41,125.00,5.30,ru,Thriller
10-11-2021,Happiness Ever After,15.41,23.00,7.70,en,"Romance, Drama"
14-12-1989,God of Gamblers,15.41,92.00,7.00,cn,"Action, Comedy, Drama"
09-06-1978,Damien: Omen II,15.40,499.00,6.40,en,Horror
01-07-2020,The F**k-It List,15.40,382.00,6.20,en,Comedy
14-10-2017,The Sandman,15.40,62.00,5.30,en,Horror
31-01-1969,The Swimming Pool,15.40,307.00,7.10,fr,"Crime, Drama"
23-02-2018,Mute,15.40,859.00,5.60,en,"Science Fiction, Mystery, Thriller"
02-04-2017,3 Idiotas,15.40,92.00,7.40,es,"Family, Comedy"
12-09-1995,Children of the Corn III: Urban Harvest,15.40,122.00,4.80,en,"Thriller, Horror"
25-02-2016,The Other Side of the Door,15.40,684.00,5.50,en,"Thriller, Horror"
01-09-2005,Dungeons & Dragons: Wrath of the Dragon God,15.40,79.00,4.50,en,"Action, Adventure, Fantasy"
14-11-2019,Les Misérables,15.39,1146.00,7.70,fr,"Crime, Drama, Thriller"
08-09-1998,Casper Meets Wendy,15.39,313.00,6.00,en,"Family, Fantasy, TV Movie"
06-07-1988,Short Circuit 2,15.39,442.00,6.00,en,"Comedy, Family, Science Fiction, Drama"
05-06-1991,Begotten,15.39,222.00,6.00,en,"Fantasy, Horror"
22-09-2016,Riphagen the Untouchable,15.39,134.00,6.50,nl,"Drama, History, Thriller"
25-12-1926,The General,15.39,846.00,8.10,en,"Action, Adventure, Comedy, Drama, War"
28-04-2016,Mother's Day,15.39,1111.00,6.00,en,"Comedy, Drama, Romance"
29-04-2016,Baaghi,15.38,85.00,6.30,hi,"Action, Thriller, Romance"
24-12-1994,God of Gamblers' Return,15.38,39.00,5.70,cn,"Action, Comedy"
01-08-2018,Blue Summer,15.38,5.00,7.10,ja,Romance
30-03-2006,Peaceful Warrior,15.38,302.00,7.40,en,Drama
04-12-2020,Wander,15.38,208.00,5.40,en,"Thriller, Crime, Mystery"
11-12-1973,The Three Musketeers,15.37,203.00,6.90,en,"Adventure, Comedy, History"
18-08-2011,The Innkeepers,15.37,492.00,5.40,en,"Horror, Thriller"
14-02-2010,Little Big Soldier,15.37,212.00,6.90,zh,"Action, Comedy, Adventure"
17-12-1993,The Wrong Trousers,15.37,715.00,7.70,en,"Animation, Comedy, Family"
01-01-1921,The Phantom Carriage,15.37,213.00,7.90,sv,"Drama, Fantasy, Horror"
14-09-2018,Freaky Friday,15.37,94.00,5.50,en,"Music, Family, Fantasy, TV Movie, Comedy"
05-08-2012,Truth or Dare,15.37,273.00,5.50,en,"Horror, Thriller, Mystery"
27-04-2018,The Week Of,15.37,636.00,5.40,en,Comedy
01-09-2017,Toc Toc,15.36,987.00,7.10,es,Comedy
27-09-2000,The Crimson Rivers,15.36,1162.00,6.90,fr,"Crime, Mystery, Thriller"
16-04-2021,Monday,15.36,108.00,7.20,en,Drama
23-05-2014,Seal Team Eight: Behind Enemy Lines,15.36,122.00,6.00,en,"Action, War, Drama"
13-04-1995,Rob Roy,15.36,482.00,6.70,en,"Adventure, History, War, Drama"
07-02-1974,Blazing Saddles,15.36,1397.00,7.30,en,"Western, Comedy"
01-05-1988,Black Eagle,15.36,174.00,5.00,en,"Action, Drama"
21-08-2009,Love and Beans,15.36,3.00,5.20,es,"Drama, Comedy"
09-09-2006,The Librarian: Return to King Solomon's Mines,15.35,422.00,6.10,en,"Fantasy, Action, Adventure"
15-10-2021,The Good Boss,15.35,81.00,7.20,es,Comedy
27-09-1998,Universal Soldier II: Brothers in Arms,15.35,30.00,4.60,en,"Action, Science Fiction"
27-11-1975,Black Emanuelle,15.35,45.00,4.50,it,"Drama, Romance, Adventure"
18-10-2019,Sleeping With My Student,15.35,15.00,5.90,en,"Thriller, TV Movie"
17-11-2016,Paterson,15.35,1455.00,7.10,en,"Comedy, Drama, Romance"
03-10-1997,U Turn,15.35,531.00,6.60,en,Thriller
18-10-1985,Re-Animator,15.35,954.00,7.10,en,"Science Fiction, Comedy, Horror"
30-03-2001,Tomcats,15.35,197.00,5.10,en,"Comedy, Romance"
30-03-1984,"Greystoke: The Legend of Tarzan, Lord of the Apes",15.34,363.00,6.30,en,"Adventure, Drama, Action, Romance"
29-10-2020,Last Moment of Clarity,15.34,20.00,5.50,en,Thriller
19-09-2003,Pornography,15.34,15.00,5.70,pl,"War, Drama, Romance"
02-12-2003,The Land Before Time X: The Great Longneck Migration,15.34,187.00,6.30,en,"Animation, Adventure, Family"
19-08-1988,Married to the Mob,15.34,184.00,5.90,en,"Comedy, Crime, Romance"
17-09-1998,Pleasantville,15.34,1347.00,7.30,en,"Fantasy, Comedy, Drama"
04-09-2009,Valhalla Rising,15.33,944.00,6.10,en,"Adventure, Drama, Action, Fantasy"
16-04-2019,How High 2,15.33,77.00,6.50,en,"Comedy, TV Movie"
04-04-2017,Monster High: Electrified,15.33,62.00,7.20,en,"Family, Animation"
18-06-1982,Annie,15.33,543.00,6.50,en,"Comedy, Drama, Family"
25-09-2009,I Hope They Serve Beer in Hell,15.33,61.00,5.00,en,Comedy
12-09-1994,Heavenly Creatures,15.33,692.00,7.00,en,"Drama, Fantasy"
01-01-2002,Crocodile 2: Death Swamp,15.33,65.00,5.10,en,Horror
23-11-1973,The Magnificent One,15.33,259.00,7.10,fr,"Action, Comedy, Romance"
01-12-1973,Lady Snowblood,15.33,242.00,7.60,ja,"Action, Drama, Thriller"
20-04-2002,Beyond the Ultimate Spin: The Making of 'Spider-Man',15.33,2.00,3.50,en,Documentary
20-10-2010,Little White Lies,15.33,1273.00,7.10,fr,"Comedy, Drama"
16-01-2003,Runaway Jury,15.32,957.00,6.90,en,"Drama, Thriller"
21-03-2003,Carandiru,15.32,391.00,7.50,pt,Drama
17-09-1994,Ashes of Time,15.32,206.00,7.00,cn,"Drama, Action"
11-10-2012,The Snow Queen,15.32,123.00,5.70,ru,"Animation, Fantasy, Family"
17-02-1988,Young Guns,15.32,690.00,6.70,en,"Western, Crime, Action, Adventure, Drama"
04-04-1997,Double Team,15.32,582.00,5.10,en,"Action, Science Fiction"
12-02-2022,New Kung Fu Cult Master 2,15.32,2.00,2.00,cn,"Action, Fantasy, Drama"
25-12-1998,Stepmom,15.32,1136.00,7.10,en,"Drama, Romance, Comedy"
21-10-1993,Supercop 2,15.31,49.00,5.80,cn,"Action, Adventure, Crime"
09-10-2012,Werewolf: The Beast Among Us,15.31,178.00,5.90,en,"Drama, Horror, Thriller"
03-07-2008,The Wackness,15.31,219.00,6.30,en,Drama
27-09-2019,The Laundromat,15.31,952.00,6.00,en,"Drama, Crime, Comedy"
10-11-2001,Holiday in the Sun,15.31,153.00,6.00,en,"Adventure, Comedy, Family"
04-10-1985,Jagged Edge,15.31,177.00,6.40,en,Thriller
08-11-2019,The Silence of the Marsh,15.31,195.00,5.30,es,Thriller
28-05-2021,Growing Fangs,15.31,11.00,6.80,en,Drama
18-03-1969,Mackenna's Gold,15.30,127.00,6.60,en,"Adventure, Action, Western"
25-12-2003,Paycheck,15.30,1421.00,6.20,en,"Action, Adventure, Mystery, Science Fiction, Thriller"
02-09-2011,A Good Old Fashioned Orgy,15.30,241.00,5.90,en,Comedy
05-12-1973,Serpico,15.30,1438.00,7.60,en,"Crime, History"
15-02-2017,Alibi.com,15.30,1398.00,6.50,fr,Comedy
23-08-2012,Compliance,15.30,519.00,6.40,en,"Drama, Thriller"
27-09-2019,Judy,15.29,914.00,6.80,en,"Drama, History, Music"
17-08-1963,Black Sabbath,15.29,260.00,7.10,it,Horror
11-05-2007,I Could Never Be Your Woman,15.29,323.00,5.90,en,"Comedy, Drama, Romance"
24-06-2016,The Salesman,15.29,674.00,7.30,fa,"Drama, Thriller"
04-05-1984,This Is Spinal Tap,15.29,1069.00,7.50,en,"Music, Comedy"
25-10-2012,Maximum Conviction,15.28,95.00,5.10,en,"Action, Adventure, Thriller"
16-03-2015,The Diabolical,15.28,163.00,5.00,en,"Horror, Science Fiction, Thriller"
06-02-2007,Highlander: The Source,15.28,137.00,4.10,en,"Action, Fantasy"
01-11-1993,Necronomicon,15.28,102.00,6.00,en,Horror
25-04-2008,From Within,15.28,117.00,5.60,en,"Horror, Mystery, Thriller"
11-03-2017,The Archer,15.28,67.00,5.60,en,Action
18-06-1993,Boxing Helena,15.28,176.00,5.30,en,"Drama, Romance, Thriller"
24-04-2009,Fighting,15.27,548.00,5.90,en,Action
08-11-1996,Ransom,15.27,1396.00,6.70,en,"Action, Thriller"
12-02-2008,2012 Doomsday,15.27,93.00,2.90,en,"Action, Adventure, Fantasy, Horror, Science Fiction, Thriller"
27-10-2009,Battlestar Galactica: The Plan,15.27,309.00,6.80,en,"Science Fiction, Action, Drama"
03-12-1986,Asterix in Britain,15.27,501.00,6.70,fr,"Family, Animation, Adventure, Comedy"
05-12-2017,F*&% the Prom,15.26,361.00,6.00,en,"Comedy, Drama"
06-05-2016,Florence Foster Jenkins,15.26,1245.00,6.70,en,"Comedy, Drama"
07-03-2009,Doraemon: The New Record of Nobita's Spaceblazer,15.26,25.00,6.40,ja,"Animation, Adventure, Family"
27-05-2016,The Do-Over,15.26,1231.00,5.70,en,"Action, Adventure, Comedy"
14-09-1990,Hardware,15.26,211.00,5.90,en,"Science Fiction, Thriller, Horror"
09-07-2004,Sleepover,15.26,390.00,6.00,en,"Family, Comedy"
22-02-2002,My Big Fat Greek Wedding,15.26,1726.00,6.50,en,"Comedy, Drama, Romance"
06-11-2019,Holiday in the Wild,15.26,434.00,6.50,en,"Romance, Comedy"
21-02-2013,New World,15.26,299.00,7.40,ko,"Thriller, Crime, Drama"
27-09-2013,Young Detective Dee: Rise of the Sea Dragon,15.26,200.00,6.30,zh,"Action, Crime, Fantasy, Adventure"
06-12-1985,Spies Like Us,15.25,460.00,6.20,en,"Comedy, Adventure"
05-04-2019,The Best of Enemies,15.25,292.00,7.40,en,"Drama, History"
10-05-1991,Switch,15.25,151.00,5.90,en,"Fantasy, Comedy"
14-05-2019,Mosul,15.25,97.00,7.30,en,Documentary
06-02-1987,Black Widow,15.25,142.00,6.10,en,"Mystery, Thriller"
03-08-2007,Hot Rod,15.25,749.00,6.30,en,"Comedy, Action"
19-11-2021,Black Friday,15.25,94.00,5.00,en,"Horror, Comedy, Science Fiction"
16-12-1999,Anna and the King,15.25,612.00,6.70,en,"Drama, Romance, History"
19-09-1980,Ordinary People,15.24,455.00,7.50,en,Drama
25-03-2014,Enchanted Kingdom,15.24,24.00,6.00,en,Documentary
21-07-2006,Stormbreaker,15.24,547.00,5.20,en,"Adventure, Action, Family"
03-06-2021,The Perfect Wedding,15.24,1.00,2.00,en,"Thriller, TV Movie"
25-04-2011,Blood Out,15.24,72.00,5.40,en,"Action, Adventure, Thriller, Drama"
14-08-2020,Octonauts and the Caves of Sac Actun,15.24,26.00,6.70,en,"Family, Animation"
27-10-2017,Ayla: The Daughter of War,15.24,258.00,8.20,tr,"Drama, War"
14-09-2018,Hibiki,15.23,14.00,7.00,ja,"Action, Comedy"
10-06-2021,Sisters on Track,15.23,7.00,7.30,en,Documentary
16-03-1990,Lord of the Flies,15.23,418.00,6.40,en,"Adventure, Drama, Thriller"
09-09-2016,The Fury of a Patient Man,15.23,367.00,6.60,es,Thriller
16-12-1981,Quest for Fire,15.23,366.00,7.10,fr,"Adventure, Drama"
17-05-2021,High Flying Romance,15.23,11.00,7.80,en,"Romance, Drama"
01-11-1966,The Professionals,15.23,194.00,7.10,en,"Western, Action, Adventure"
19-12-1961,Mysterious Island,15.23,115.00,6.40,en,"Adventure, Family, Fantasy"
06-12-2019,Lupin III: The First,15.23,209.00,7.40,ja,"Adventure, Action, Animation"
03-10-2017,Rip Tide,15.22,413.00,6.20,en,"Family, Drama"
06-10-1979,Tess,15.22,233.00,7.00,en,"Drama, Romance"
10-07-1993,Crazy Hong Kong,15.22,13.00,4.80,cn,"Adventure, Comedy"
01-04-1999,Beowulf,15.22,167.00,4.30,en,"Adventure, Fantasy"
28-09-1997,The Assignment,15.22,100.00,6.30,en,"Thriller, Action, Crime"
10-07-1998,Pi,15.22,1703.00,7.10,en,"Mystery, Drama, Thriller"
23-01-2010,Yu-Gi-Oh! 3D: Bonds Beyond Time,15.22,71.00,6.10,ja,"Animation, Fantasy"
22-09-1995,Empire Records,15.22,535.00,6.70,en,"Music, Comedy, Drama"
17-07-1964,Marnie,15.22,806.00,7.20,en,"Crime, Drama, Mystery, Romance, Thriller"
02-09-2004,A Love Song for Bobby Long,15.22,276.00,6.80,en,Drama
12-03-1972,Pink Flamingos,15.22,349.00,6.30,en,"Comedy, Crime"
20-10-2017,Wheelman,15.21,492.00,6.10,en,"Action, Crime, Thriller"
03-12-2004,This Girl's Life,15.21,35.00,4.60,en,Drama
30-10-2020,Rogue City,15.21,459.00,5.90,fr,"Crime, Thriller, Action, Drama"
09-10-2015,The Final Girls,15.21,992.00,6.40,en,"Comedy, Horror"
20-02-2019,Svaha: The Sixth Finger,15.21,102.00,6.60,ko,"Mystery, Thriller"
02-04-2021,Every Breath You Take,15.21,135.00,6.00,en,Thriller
19-03-1999,True Crime,15.21,543.00,6.60,en,"Crime, Drama, Thriller, Mystery"
01-01-2011,Recoil,15.21,123.00,6.10,en,"Action, Crime"
25-08-1979,Zombie Flesh Eaters,15.20,435.00,6.60,it,Horror
26-01-2018,Please Stand By,15.20,363.00,6.90,en,"Comedy, Drama"
12-10-2001,Dagon,15.20,258.00,6.30,en,"Fantasy, Horror, Thriller"
31-10-2019,Tailgate,15.20,160.00,6.30,nl,"Thriller, Horror"
17-09-2008,The Secret Life of Bees,15.20,415.00,7.40,en,"Family, Adventure, Drama"
13-09-2006,Starter for 10,15.20,307.00,6.40,en,"Drama, Comedy, Romance"
18-11-2016,The Warriors Gate,15.20,278.00,6.70,en,"Action, Adventure"
16-09-2011,Straw Dogs,15.19,406.00,5.80,en,"Drama, Thriller"
18-02-1966,The Chase,15.19,206.00,7.10,en,"Crime, Drama, Thriller"
16-12-1992,Forever Young,15.19,690.00,6.40,en,"Adventure, Fantasy, Drama, Science Fiction, Romance"
20-12-2018,Dumplin',15.19,1218.00,6.80,en,"Comedy, Drama"
13-10-1989,"The Cook, the Thief, His Wife & Her Lover",15.19,436.00,7.40,en,"Crime, Drama"
20-05-2004,Mysterious Skin,15.19,691.00,7.50,en,Drama
01-01-2011,"Sex, Lies and Death",15.19,44.00,6.70,es,"Drama, Thriller, Crime, Romance"
08-07-1993,In the Line of Fire,15.18,1164.00,7.00,en,"Action, Drama, Thriller, Crime, Mystery"
02-08-1996,X: The Movie,15.18,39.00,5.60,ja,"Action, Animation, Fantasy"
01-01-1989,Clownhouse,15.18,131.00,6.10,en,Horror
14-12-1984,Runaway,15.18,171.00,5.40,en,"Thriller, Crime, Science Fiction"
31-08-1977,The Duellists,15.18,370.00,7.30,en,"Drama, War"
19-10-1993,The House of the Spirits,15.18,530.00,6.90,en,"Romance, Drama"
25-12-2019,The Tunnel,15.17,175.00,6.20,no,"Thriller, Drama"
24-03-2022,Everything Everywhere All at Once,15.17,0.00,0.00,en,"Action, Comedy, Science Fiction"
29-02-2020,I Am Vengeance: Retaliation,15.17,50.00,6.10,en,Action
10-11-2017,Mayhem,15.17,481.00,6.50,en,"Action, Comedy, Horror"
20-12-1988,Working Girl,15.17,706.00,6.60,en,"Comedy, Romance, Drama"
08-10-2021,The Manor,15.17,152.00,5.60,en,Horror
06-09-2008,Gurren Lagann the Movie: Childhood's End,15.17,72.00,7.50,ja,"Action, Comedy, Animation"
25-10-2014,Last Shift,15.17,404.00,6.10,en,"Horror, Thriller"
15-02-2017,The Bar,15.16,1085.00,6.30,es,"Horror, Thriller, Comedy"
18-09-1922,Häxan,15.16,241.00,7.60,sv,"Documentary, Horror, History"
16-04-2003,Chasing Papi,15.16,87.00,7.20,en,"Comedy, Romance"
17-04-2014,Bears,15.16,127.00,7.40,en,Documentary
13-01-2012,Frenemies,15.16,373.00,5.90,en,"Drama, Family, TV Movie, Comedy"
12-12-1986,¡Three Amigos!,15.16,723.00,6.40,en,"Comedy, Western, Adventure"
08-10-2004,Halloweentown High,15.15,243.00,6.60,en,"Adventure, Comedy, Family, Fantasy, TV Movie"
27-11-2019,The Two Popes,15.15,2337.00,7.50,en,"Drama, Comedy, History"
19-02-2013,Hansel and Gretel Get Baked,15.15,166.00,5.00,en,"Horror, Comedy"
08-02-2014,Buddha 2: The Endless Journey,15.15,18.00,6.30,ja,"Animation, Drama, History"
10-01-2011,Passion Play,15.15,83.00,5.10,en,"Drama, Romance, Fantasy"
16-03-1961,The Absent-Minded Professor,15.15,122.00,6.40,en,"Comedy, Family, Science Fiction"
07-12-1988,The Adventures of Baron Munchausen,15.15,637.00,7.00,en,"Action, Adventure, Comedy, Fantasy, Family"
17-02-1989,The 'Burbs,15.15,913.00,6.70,en,"Comedy, Horror, Thriller"
19-08-2005,The Proud Family Movie,15.14,58.00,5.90,en,"TV Movie, Animation, Comedy, Family"
18-10-2011,The Howling: Reborn,15.14,76.00,4.70,en,Horror
24-10-2007,Northanger Abbey,15.14,247.00,6.80,en,"Romance, Drama, TV Movie"
12-11-2021,Mahjong Nights,15.14,3.00,4.70,tl,Thriller
13-03-2017,M.F.A.,15.14,120.00,6.30,en,Thriller
17-11-1999,Jin-Roh: The Wolf Brigade,15.14,321.00,7.40,ja,"Animation, Science Fiction, Thriller, Drama"
04-10-2018,46225,15.14,936.00,7.20,en,"History, Drama, Thriller, Crime"
05-07-2003,Battle Royale II: Requiem,15.14,336.00,4.90,ja,"Action, Thriller"
12-04-1991,Out for Justice,15.14,322.00,6.10,en,"Action, Crime"
13-12-2016,Realive,15.13,165.00,6.00,es,Science Fiction
09-03-2017,Larceny,15.13,47.00,3.90,en,"Action, Thriller"
13-03-1991,Paris Is Burning,15.13,370.00,8.20,en,Documentary
12-12-2011,Kung Fu Panda: Secrets of the Masters,15.13,177.00,6.30,en,"Animation, Action"
06-08-2015,Purpose of Reunion,15.12,11.00,4.80,ko,"Romance, Drama"
03-09-2009,Extract,15.12,439.00,5.80,en,Comedy
07-01-2017,Our Meal for Tomorrow,15.12,5.00,6.30,ja,"Drama, Romance"
19-04-2018,The Guernsey Literary & Potato Peel Pie Society,15.12,1103.00,7.50,en,"Romance, Drama, History"
14-04-2021,Why Did You Kill Me?,15.12,104.00,6.30,en,"Documentary, Crime"
01-01-1998,Slayers Gorgeous,15.12,11.00,6.70,ja,"Animation, Adventure, Comedy, Fantasy"
15-08-2003,Grind,15.12,102.00,6.20,en,"Action, Comedy, Adventure"
03-05-1985,Private Resort,15.12,166.00,5.60,en,Comedy
15-04-1992,Indochine,15.12,152.00,7.00,fr,"Drama, Romance"
02-02-2014,Barefoot,15.12,502.00,6.50,en,"Comedy, Drama, Romance"
29-11-1997,The Love Bug,15.12,100.00,5.40,en,"Fantasy, Adventure, Comedy, Family"
18-07-1997,Nothing to Lose,15.12,450.00,6.40,en,"Action, Adventure, Comedy"
14-07-2020,Summer of 85,15.11,468.00,7.40,fr,"Romance, Drama"
19-06-1941,The Reluctant Dragon,15.11,99.00,6.60,en,"Fantasy, Animation, Family, Comedy"
03-09-2021,Rise of the Footsoldier: Origins,15.11,10.00,6.50,en,"Crime, Drama, Action"
04-12-2013,Enemies Closer,15.11,124.00,5.30,en,"Thriller, Action"
01-02-1996,Black Sheep,15.11,303.00,6.00,en,Comedy
28-03-2012,Dark Tide,15.11,163.00,4.90,en,"Thriller, Adventure, Drama"
10-03-2018,Don’t Leave Home,15.10,38.00,4.80,en,"Thriller, Mystery"
05-09-2002,Dolls,15.10,217.00,7.60,ja,"Drama, Romance"
11-11-1980,Shogun Assassin,15.10,118.00,6.80,ja,Action
14-04-2016,I Am Wrath,15.10,529.00,5.50,en,"Action, Crime, Drama, Thriller"
15-03-2014,The Signal,15.10,1342.00,6.00,en,"Thriller, Science Fiction"
01-09-2004,Vanity Fair,15.10,282.00,5.70,pt,"Drama, Romance"
06-09-1997,Orgazmo,15.10,306.00,6.20,en,Comedy
02-02-2011,Chalet Girl,15.10,552.00,6.40,en,"Comedy, Romance"
26-09-2007,Before the Devil Knows You're Dead,15.10,1131.00,7.10,en,"Crime, Drama, Thriller"
21-02-2006,The Prince & Me 2: The Royal Wedding,15.09,201.00,5.70,en,"Romance, Comedy, Family"
20-08-2020,Charlatan,15.09,61.00,6.60,cs,Drama
12-11-2015,Buddy's Mom,15.09,5.00,5.20,ko,"Drama, Romance"
13-12-2019,Richard Jewell,15.09,1860.00,7.50,en,"Drama, History, Crime"
30-09-2018,Shadow,15.09,232.00,6.80,zh,"Action, Drama"
10-09-1969,Hibernatus,15.08,349.00,6.80,fr,"Comedy, Science Fiction"
20-02-1979,Pleasure Shop on the Avenue,15.08,9.00,4.90,it,Thriller
07-04-2004,Two Brothers,15.08,698.00,7.10,en,"Adventure, Drama, Family"
27-01-1989,Three Fugitives,15.08,205.00,6.70,en,Comedy
09-09-2019,Wasp Network,15.08,268.00,6.10,en,"Drama, History, Thriller"
06-11-2015,The Hallow,15.08,496.00,5.60,en,"Fantasy, Horror"
19-11-2004,Ring of the Nibelungs,15.08,100.00,6.30,en,Action
18-05-2007,Savage Grace,15.08,144.00,5.70,en,Drama
08-10-1993,Gettysburg,15.07,221.00,6.90,en,"Drama, History, War"
05-06-1999,Kikujiro,15.07,331.00,7.50,ja,"Comedy, Drama, Family"
15-09-2006,The Black Dahlia,15.07,851.00,5.60,en,"Drama, Crime, Thriller"
12-03-2015,Suite Française,15.07,974.00,7.30,en,"Drama, Romance, War"
14-10-2011,Texas Killing Fields,15.07,375.00,5.80,en,"Drama, Thriller, Crime, Mystery"
17-12-1966,"Ebirah, Horror of the Deep",15.07,120.00,6.30,ja,"Science Fiction, Action, Fantasy"
16-08-2021,Ted Bundy: American Boogeyman,15.07,28.00,6.10,en,"Thriller, Crime"
29-03-2019,A Vigilante,15.07,279.00,5.50,en,"Thriller, Drama"
26-10-1977,Office Romance,15.07,170.00,8.10,ru,"Comedy, Romance, TV Movie"
09-12-2011,The Sitter,15.07,738.00,5.60,en,Comedy
11-03-2022,All My Friends Hate Me,15.06,0.00,0.00,en,"Horror, Comedy"
23-06-1987,Dragnet,15.06,348.00,5.90,en,"Action, Comedy, Crime"
18-07-2019,1BR,15.06,271.00,6.20,en,"Thriller, Drama, Horror"
13-08-2014,Burnout,15.06,62.00,6.70,no,"Action, Comedy"
07-10-2016,Middle School: The Worst Years of My Life,15.06,342.00,6.90,en,"Family, Comedy"
10-11-2000,Red Planet,15.06,788.00,5.60,en,"Thriller, Action, Science Fiction"
01-12-2017,Gangster Land,15.06,51.00,5.60,en,"Thriller, Crime, Action, Drama, History"
08-02-2008,The Ramen Girl,15.06,268.00,6.40,en,"Romance, Comedy, Drama"
20-02-2015,Hot Tub Time Machine 2,15.06,726.00,5.20,en,Comedy
11-09-2014,Dolphin Tale 2,15.05,299.00,7.00,en,"Family, Drama"
22-04-2005,Enron: The Smartest Guys in the Room,15.05,206.00,7.30,en,Documentary
14-04-2012,Detective Conan: The Eleventh Striker,15.05,84.00,6.90,ja,"Mystery, Action, Animation"
12-06-1997,Another 9 1/2 Weeks,15.05,66.00,4.70,en,"Drama, Romance"
14-05-2015,Tale of Tales,15.05,1383.00,6.30,it,"Romance, Fantasy, Horror"
01-06-2018,Action Point,15.04,270.00,5.40,en,"Comedy, Drama"
07-11-2014,A Merry Friggin' Christmas,15.04,176.00,5.20,en,Comedy
21-11-2019,The Blackout,15.04,299.00,6.40,ru,"Thriller, Science Fiction, Action"
01-02-2008,War of the Worlds 2: The Next Wave,15.04,45.00,4.00,en,"Action, Science Fiction, Adventure"
15-09-1994,Timecop,15.04,868.00,6.00,en,"Thriller, Science Fiction, Action, Crime"
27-10-1976,The Wing or the Thigh?,15.04,657.00,7.20,fr,Comedy
14-03-2017,Picture of Beauty,15.03,25.00,4.20,en,"Drama, Romance"
20-02-2008,Welcome to the Sticks,15.03,2050.00,6.70,fr,"Comedy, Drama, Romance"
28-08-2019,An Easy Girl,15.03,266.00,5.60,fr,"Comedy, Drama"
17-08-2017,Madame,15.03,233.00,6.00,en,"Drama, Comedy"
01-10-1999,"Mystery, Alaska",15.03,186.00,6.20,en,"Drama, Comedy"
20-12-1989,Born on the Fourth of July,15.03,1295.00,7.00,en,"Drama, War"
29-03-1985,Desperately Seeking Susan,15.03,326.00,6.10,en,"Comedy, Drama"
15-01-2004,Once Upon a Time in High School,15.02,55.00,7.20,ko,"Romance, Drama, Action"
17-12-1982,The Dark Crystal,15.02,850.00,7.20,en,"Fantasy, Adventure, Family, Animation"
30-10-2004,Be with You,15.02,63.00,7.60,ja,"Drama, Fantasy, Romance"
08-03-1985,Mask,15.02,309.00,7.10,en,Drama
19-04-1987,Wicked City,15.02,125.00,6.70,ja,"Animation, Action, Fantasy, Horror"
25-03-1983,Bad Boys,15.02,190.00,7.00,en,"Crime, Drama, Thriller"
17-12-1980,The Party,15.02,912.00,6.50,fr,"Drama, Romance, Comedy"
01-01-2013,The Best Offer,15.02,2381.00,7.90,it,"Drama, Romance, Crime"
10-09-2019,Curious George: Royal Monkey,15.01,78.00,7.50,fr,"Animation, Adventure, Comedy, Family"
23-07-2004,Thunderbirds,15.01,235.00,4.90,en,"Action, Adventure, Comedy, Family, Fantasy, Science Fiction"
21-12-1972,Cries and Whispers,15.01,510.00,8.00,sv,Drama
14-12-2017,Christmas Wedding Planner,15.01,365.00,5.50,en,"Romance, Family, TV Movie"
07-10-1987,Au Revoir les Enfants,15.01,488.00,7.50,fr,"Drama, War"
30-05-2017,Cinderella's Hot Night,15.01,61.00,5.80,en,"Fantasy, Comedy"
21-04-2009,Into the Blue 2: The Reef,15.01,111.00,5.30,en,Action
04-10-2007,Love in the Time of Cholera,15.01,290.00,6.60,en,"Drama, Romance"
09-04-1986,Betty Blue,15.00,285.00,7.30,fr,"Drama, Romance"
05-12-2014,Still Alice,15.00,2605.00,7.50,en,Drama
15-06-2012,Foodfight!,15.00,95.00,1.80,en,"Animation, Action, Comedy, Family"
05-10-2015,Blunt Force Trauma,15.00,68.00,5.10,en,Action
27-07-1996,Kids Return,15.00,111.00,7.20,ja,"Drama, Crime"
26-04-1985,Just One of the Guys,15.00,219.00,6.40,en,"Comedy, Romance"
11-03-2016,Beware the Slenderman,15.00,185.00,6.40,en,"Crime, Documentary"
10-09-1992,Sex and Curse,15.00,0.00,0.00,cn,"Drama, Horror"
13-02-1998,The Wedding Singer,14.99,1359.00,6.80,en,"Romance, Comedy"
28-10-2017,The Fixies: Top Secret,14.99,21.00,6.60,ru,"Comedy, Family, Animation, Adventure"
14-12-1988,Dirty Rotten Scoundrels,14.99,614.00,7.20,en,"Crime, Comedy"
19-08-2011,The Inbetweeners Movie,14.99,727.00,6.10,en,Comedy
02-07-1992,"Justice, My Foot!",14.99,63.00,6.50,cn,"Comedy, Action"
22-09-2017,Submergence,14.98,234.00,5.40,en,"Drama, Thriller, Romance"
06-08-1999,The Thomas Crown Affair,14.98,897.00,6.70,en,"Drama, Crime, Romance"
13-12-1989,Driving Miss Daisy,14.98,1199.00,7.30,en,Drama
22-03-1985,Porky's 3: Revenge,14.98,177.00,5.50,en,Comedy
15-08-1985,"Twinkle, Twinkle, Lucky Stars",14.98,80.00,6.70,cn,"Action, Comedy"
22-06-2018,"Ruben Brandt, Collector",14.98,95.00,7.50,hu,"Animation, Action, Thriller, Crime"
29-08-2019,Bacurau,14.98,825.00,7.80,pt,"Mystery, Western, Thriller"
03-06-1955,The Seven Year Itch,14.98,644.00,7.10,en,"Comedy, Romance"
20-07-2022,Nope,14.98,0.00,0.00,en,"Horror, Mystery, Science Fiction, Thriller"
03-12-2021,The Scary of Sixty-First,14.98,52.00,5.90,en,"Horror, Mystery, Thriller, Comedy"
06-06-1975,Mandingo,14.98,85.00,6.70,en,"History, Action, Romance, Drama"
27-08-1952,The Crimson Pirate,14.98,91.00,6.90,en,"Action, Adventure, Comedy, Drama"
01-08-1978,Fairy Tales,14.98,33.00,6.50,en,"Adventure, Comedy, Romance"
07-06-2001,Monster's Ball,14.98,737.00,6.80,en,"Drama, Romance"
01-10-2018,Cam,14.98,1218.00,5.80,en,"Mystery, Thriller, Horror"
21-12-1963,"Yesterday, Today and Tomorrow",14.98,319.00,7.60,it,"Drama, Comedy, Romance"
09-10-2001,Children of the Corn: Revelation,14.98,75.00,4.10,en,Horror
17-05-2017,The Merciless,14.97,90.00,7.20,ko,"Action, Crime, Mystery"
26-11-1938,Angels with Dirty Faces,14.97,217.00,7.70,en,"Crime, Drama, Thriller"
12-03-2021,Dark Web: Cicada 3301,14.97,70.00,6.40,en,"Thriller, Action, Comedy"
29-08-2000,Alvin and the Chipmunks Meet the Wolfman,14.97,146.00,6.90,en,"Animation, Family, Fantasy, Music, Horror, Comedy"
27-04-2006,Hatchet,14.97,481.00,5.90,en,"Comedy, Horror"
10-02-2002,Turn A Gundam II: Moonlight Butterfly,14.97,6.00,5.30,ja,"Animation, Science Fiction"
29-03-1970,Tristana,14.97,175.00,7.30,es,Drama
02-08-1996,Chain Reaction,14.97,786.00,5.60,en,"Science Fiction, Action, Drama, Thriller"
26-07-1990,Presumed Innocent,14.97,496.00,6.80,en,"Thriller, Crime, Mystery"
26-06-1975,Flatfoot in Hong Kong,14.97,104.00,6.20,it,"Action, Comedy, Thriller, Drama"
08-09-1993,Three Colors: Blue,14.97,1202.00,7.70,fr,Drama
01-01-2007,Swingers Sex Party,14.97,4.00,3.50,en,Drama
23-06-1965,Von Ryan's Express,14.97,150.00,7.00,en,"War, Action, Drama, History, Thriller"
01-11-1991,The People Under the Stairs,14.97,476.00,6.60,en,"Comedy, Drama, Horror, Mystery, Thriller"
01-03-1996,Up Close & Personal,14.96,169.00,6.40,en,"Drama, Romance"
14-08-1999,Revolutionary Girl Utena: The Adolescence of Utena,14.96,47.00,7.20,ja,"Animation, Fantasy, Action, Romance"
12-01-2017,Bunyan and Babe,14.96,17.00,6.30,en,"Adventure, Animation, Comedy, Family, Fantasy"
09-01-2015,Bound,14.96,59.00,3.70,en,Thriller
17-07-2005,A Cock and Bull Story,14.96,103.00,6.40,en,Comedy
15-05-1981,Happy Birthday to Me,14.96,119.00,6.00,en,"Drama, Horror, Thriller, Mystery"
05-03-1954,Creature from the Black Lagoon,14.96,531.00,6.90,en,"Adventure, Horror, Science Fiction"
10-11-2017,The Bookshop,14.96,333.00,6.50,en,Drama
10-02-1970,The Party at Kitty and Stud's,14.96,46.00,3.20,en,"Comedy, Drama"
29-08-1965,Pierrot le Fou,14.95,617.00,7.50,fr,"Drama, Thriller"
01-06-2007,Catacombs,14.95,150.00,4.50,en,"Horror, Thriller"
08-03-2002,All About the Benjamins,14.95,125.00,5.90,en,"Action, Adventure, Comedy"
29-08-1958,Cat on a Hot Tin Roof,14.95,568.00,7.70,en,"Drama, Romance"
13-09-1996,Fly Away Home,14.95,357.00,6.90,en,"Action, Adventure, Drama, Family"
29-10-1953,How to Marry a Millionaire,14.95,382.00,6.90,en,"Comedy, Romance"
26-08-2022,Tad the Lost Explorer and the Mummy's Curse,14.95,0.00,0.00,es,"Adventure, Animation, Comedy, Family"
18-04-2015,Crayon Shin-chan: My Moving Story! Cactus Large Attack!,14.95,32.00,7.40,ja,"Adventure, Animation, Comedy"
06-05-2017,Batman & Bill,14.94,53.00,7.60,en,Documentary
31-07-2005,The Zodiac,14.94,98.00,5.60,en,"Crime, Drama, Thriller"
22-08-2020,Memories of My Father,14.94,93.00,7.80,es,Drama
12-03-1993,Fire in the Sky,14.94,390.00,6.50,en,"Science Fiction, Drama, Mystery"
29-03-1974,"Watch Out, We're Mad",14.93,603.00,7.50,it,"Action, Comedy"
25-07-2012,The Thieves,14.93,219.00,6.70,ko,"Action, Crime"
16-10-1992,Consenting Adults,14.93,99.00,5.40,en,"Crime, Drama, Mystery"
11-03-2003,The Hunted,14.93,557.00,6.10,en,"Drama, Action, Thriller, Crime"
27-12-2002,Nicholas Nickleby,14.93,134.00,6.90,en,"Adventure, Drama, Action, Family"
03-10-2008,Tokyo Gore Police,14.93,219.00,5.90,ja,"Adventure, Horror, Action, Science Fiction"
18-11-2008,Australia,14.93,1897.00,6.60,en,"Adventure, Drama, Romance"
05-10-2017,The Lodgers,14.92,402.00,5.00,en,"Drama, Horror, Romance, Thriller"
17-09-2009,The Box,14.92,1445.00,5.60,en,"Thriller, Science Fiction"
15-11-1999,Bartok the Magnificent,14.92,171.00,6.10,en,"Animation, Comedy, Family"
24-08-2010,Tom and Jerry Meet Sherlock Holmes,14.92,52.00,6.50,en,"Family, Animation, Adventure, Comedy"
07-10-1985,Guinea Pig 2: Flower of Flesh and Blood,14.91,80.00,4.60,ja,Horror
08-03-1967,The Young Girls of Rochefort,14.91,427.00,7.70,fr,"Romance, Comedy, Drama"
25-02-2016,In My Father's Garden,14.91,13.00,6.40,nl,Drama
17-05-2014,The Incident,14.91,114.00,6.90,es,"Thriller, Science Fiction, Horror"
15-11-2019,Go! The Unforgettable Party,14.91,68.00,7.60,es,"Music, Family"
13-01-1982,El día de los albañiles: Los maistros del amor,14.91,11.00,6.00,es,Comedy
02-07-2021,Supercool,14.91,4.00,5.50,en,"Comedy, Action"
17-12-2014,The Bélier Family,14.91,2024.00,6.90,fr,"Comedy, Music"
23-04-1998,Sliding Doors,14.91,1032.00,6.60,en,"Comedy, Drama, Fantasy, Romance"
17-01-2014,Cloud 9,14.91,446.00,6.90,en,"Family, Action, Drama, Romance, TV Movie"
27-11-2015,"Hello, My Name Is Doris",14.90,398.00,6.40,en,"Comedy, Drama, Romance"
25-03-2004,Jersey Girl,14.90,812.00,6.10,en,"Comedy, Romance, Drama"
14-09-2018,Where Hands Touch,14.90,420.00,8.10,en,"War, Drama, Romance"
19-12-1956,The Hunchback of Notre Dame,14.90,71.00,6.50,fr,"Drama, History"
11-10-2016,Sister's Younger Husband,14.90,8.00,6.10,ko,"Comedy, Drama, Romance"
29-09-1994,Muriel's Wedding,14.90,324.00,7.00,en,"Comedy, Drama, Romance"
09-06-2003,Hollywood Homicide,14.90,484.00,5.20,en,"Action, Adventure, Comedy, Thriller"
20-03-2014,A Long Way Down,14.90,739.00,6.20,en,"Comedy, Drama"
11-09-2012,My Awkward Sexual Adventure,14.90,281.00,7.00,en,"Comedy, Romance"
12-03-1982,Paradise,14.90,84.00,6.30,en,"Romance, Adventure"
21-10-2006,Tekkonkinkreet,14.89,263.00,7.40,ja,"Action, Adventure, Animation"
03-04-1991,Madame Bovary,14.89,95.00,6.30,fr,"Romance, Drama"
27-06-1951,Strangers on a Train,14.89,1204.00,7.70,en,"Crime, Thriller, Mystery"
24-10-1986,Soul Man,14.89,115.00,5.40,en,Comedy
09-02-2021,Ride or Die,14.89,3.00,5.70,en,"Crime, Drama, Romance"
14-06-2019,Daughter of the Wolf,14.89,148.00,5.30,en,"Action, Thriller"
11-05-1989,Going Overboard,14.89,102.00,2.40,en,Comedy
21-08-1946,Notorious,14.89,1162.00,7.80,en,"Thriller, Romance, Mystery"
11-02-2005,Inside Deep Throat,14.89,96.00,6.70,en,"History, Documentary"
15-11-2013,The Best Man Holiday,14.89,212.00,6.50,en,Comedy
19-09-1997,Wishmaster,14.89,415.00,5.90,en,"Horror, Science Fiction"
06-02-2008,Shipp?! Konoha Gakuen Den!,14.88,4.00,6.00,ja,Animation
17-10-1946,My Darling Clementine,14.88,283.00,7.50,en,Western
17-01-2006,Half Light,14.88,223.00,5.90,en,"Thriller, Horror"
23-02-2022,Three Months,14.88,5.00,5.80,en,"Drama, Comedy"
25-08-2000,Cherry Falls,14.88,206.00,5.20,en,"Horror, Mystery, Thriller"
12-05-1997,Robinson Crusoe,14.88,165.00,5.80,en,"Action, Adventure, Drama"
01-10-2004,The Life and Death of Peter Sellers,14.88,134.00,6.60,en,"Drama, Comedy, Romance"
11-12-1967,Guess Who's Coming to Dinner,14.88,615.00,7.70,en,Drama
18-06-2015,SPL II: A Time for Consequences,14.87,172.00,6.80,cn,"Action, Crime, Thriller"
07-10-2000,102 Dalmatians,14.87,1106.00,5.50,en,"Family, Comedy"
25-11-2020,Ma Rainey's Black Bottom,14.87,864.00,6.70,en,"Drama, Music"
09-10-2020,Saint Maud,14.87,391.00,6.80,en,"Drama, Horror, Mystery"
24-12-2011,Extremely Loud & Incredibly Close,14.87,1716.00,7.00,en,Drama
21-07-2020,The Legend of Halloween Jack,14.87,11.00,5.60,en,Horror
14-02-2020,The Wedding Unplanner,14.87,133.00,6.80,es,"Comedy, Romance"
19-08-2005,xxxHOLiC The Movie: A Midsummer Night's Dream,14.87,21.00,6.40,ja,"Animation, Comedy, Drama, Mystery, Fantasy"
02-05-2017,The Shadow Effect,14.87,110.00,5.00,en,"Science Fiction, Action, Thriller"
16-09-2015,Pay the Ghost,14.87,623.00,5.40,en,Horror
09-09-2009,Sorority Row,14.87,449.00,5.50,en,"Horror, Mystery"
10-09-2007,Normal,14.87,14.00,5.20,en,Drama
27-01-2017,T2 Trainspotting,14.87,2611.00,6.90,en,"Crime, Drama"
16-08-2013,Jobs,14.87,2099.00,6.10,en,"Drama, History"
13-08-1993,The Secret Garden,14.86,719.00,7.40,en,"Drama, Family, Fantasy"
15-08-1996,The Fan,14.86,600.00,5.90,en,"Thriller, Action"
13-01-2011,The Dilemma,14.86,686.00,5.30,en,"Comedy, Drama"
31-07-2016,Edge of Winter,14.86,136.00,5.90,en,"Drama, Thriller"
10-06-1988,Big Business,14.86,193.00,6.40,en,Comedy
24-11-2019,Son of a Rich,14.86,98.00,7.10,ru,Comedy
27-06-2014,Zapped,14.85,511.00,6.20,en,"TV Movie, Comedy, Family"
01-06-1985,Ran,14.85,1092.00,8.10,ja,"Action, Drama, History"
25-06-2008,Space Chimps,14.85,341.00,4.90,en,"Animation, Family, Adventure, Comedy, Science Fiction"
06-09-1991,Little Man Tate,14.85,191.00,6.50,en,"Drama, Family"
28-09-2013,"Like Father, Like Son",14.85,472.00,7.60,ja,Drama
06-08-1965,"Faster, Pussycat! Kill! Kill!",14.85,221.00,6.50,en,"Action, Crime, Comedy"
16-01-1998,Fallen,14.84,1027.00,6.70,en,"Crime, Drama, Action, Thriller, Horror"
28-08-2019,School Life,14.84,570.00,7.00,fr,"Drama, Comedy"
05-12-2007,Donkey X,14.84,56.00,5.50,es,"Family, Adventure, Animation"
03-11-1998,Richie Rich's Christmas Wish,14.84,79.00,4.90,en,"Family, Comedy"
24-09-2009,Lebanon,14.84,148.00,6.40,he,"Drama, War"
19-09-2008,Lakeview Terrace,14.83,801.00,5.90,en,"Drama, Crime, Thriller"
17-06-2005,The Perfect Man,14.83,667.00,6.10,en,"Comedy, Drama, Family, Romance"
06-12-1972,The Tall Blond Man with One Black Shoe,14.83,315.00,7.00,fr,"Comedy, Mystery"
29-04-1994,No Escape,14.83,301.00,6.30,en,"Action, Drama, Science Fiction, Thriller"
11-11-2008,The Clique,14.83,135.00,5.80,en,"Comedy, Drama, Family"
20-08-2015,The Beauty Inside,14.83,200.00,7.60,ko,"Fantasy, Romance"
11-09-2015,Beasts of No Nation,14.83,1382.00,7.60,en,"Drama, War"
28-08-1953,From Here to Eternity,14.83,470.00,7.30,en,"War, Romance, Drama"
02-12-2011,"Good Luck Charlie, It's Christmas!",14.83,349.00,6.60,en,"TV Movie, Comedy, Family"
07-03-1975,Mirror,14.83,642.00,8.10,ru,"Drama, History"
30-11-2018,Blood Brother,14.83,49.00,5.80,en,"Action, Crime, Drama, Thriller"
28-01-2010,Edge of Darkness,14.83,1171.00,6.30,en,"Crime, Drama, Mystery, Thriller"
07-09-2017,"Mektoub, My Love: Canto Uno",14.82,250.00,6.80,fr,"Romance, Drama"
13-10-1969,The Damned,14.82,134.00,7.20,it,"War, Drama"
25-12-2006,Dreamgirls,14.82,802.00,6.80,en,"Drama, Music"
14-10-1994,Little Giants,14.82,333.00,6.40,en,"Comedy, Family"
11-03-2003,Inspector Gadget 2,14.82,303.00,4.10,en,"Action, Adventure, Comedy, Family"
23-05-2019,The Traitor,14.82,1073.00,7.80,it,"Drama, Crime, Thriller"
26-11-2011,Power Rangers Samurai: Clash of the Red Rangers - The Movie,14.82,66.00,7.70,en,"Action, Comedy, Science Fiction"
07-09-2001,All About Lily Chou-Chou,14.82,121.00,7.20,ja,"Drama, Crime"
24-10-1986,From Beyond,14.82,365.00,6.60,en,"Horror, Science Fiction"
10-02-2011,The Resident,14.82,497.00,5.70,en,"Thriller, Mystery"
03-10-2017,Palm Swings,14.82,35.00,6.40,en,"Comedy, Drama, Romance"
02-03-2018,Sex School: Student Bodies,14.81,6.00,8.10,en,Comedy
13-08-1963,Lord of the Flies,14.81,414.00,6.70,en,"Thriller, Adventure, Drama"
20-08-2003,Thirteen,14.81,1225.00,6.50,en,Drama
30-07-2009,Lake Mungo,14.81,355.00,6.30,en,"Horror, Thriller"
13-03-2020,Never Rarely Sometimes Always,14.81,338.00,7.20,en,Drama
18-11-1994,Miracle on 34th Street,14.81,797.00,6.70,en,"Fantasy, Drama, Family"
19-11-2016,Compulsion,14.80,45.00,4.70,en,"Thriller, Horror, Fantasy"
10-01-1997,The Relic,14.80,381.00,5.90,en,"Horror, Mystery, Thriller"
15-02-2002,Hart's War,14.80,731.00,6.30,en,"Drama, War"
14-03-1986,Gung Ho,14.80,150.00,6.10,en,"Comedy, Drama"
12-10-2016,Dark Crimes,14.80,314.00,4.50,en,"Drama, Thriller"
21-04-2015,Sam,14.80,49.00,5.20,en,"Comedy, Fantasy, Romance"
24-12-1993,Heaven & Earth,14.79,188.00,6.70,en,"History, War, Action, Drama"
04-04-2001,Yamakasi,14.79,452.00,6.00,fr,"Action, Crime, Drama"
29-11-1945,The Lost Weekend,14.79,415.00,7.70,en,Drama
26-12-1982,The Snowman,14.79,217.00,7.60,en,"Adventure, Animation, Family, Fantasy"
13-09-1985,After Hours,14.79,1015.00,7.50,en,"Comedy, Thriller, Drama"
01-01-1932,The Mummy,14.79,416.00,6.90,en,Horror
14-01-2021,Bloody Hell,14.79,102.00,6.50,en,"Horror, Comedy"
08-03-2019,The Kid,14.79,205.00,5.80,en,"Western, Drama"
22-06-2010,Avatar Spirits,14.79,10.00,8.80,en,Documentary
24-11-1948,Bicycle Thieves,14.79,1785.00,8.30,it,Drama
17-04-2021,Seven Deadly Sins: Envy,14.79,4.00,7.30,en,Drama
30-03-2007,Blades of Glory,14.79,1375.00,6.10,en,Comedy
04-10-1996,That Thing You Do!,14.79,634.00,6.90,en,"Comedy, Drama, Romance, Music"
20-08-2019,Hoax,14.78,27.00,4.60,en,Horror
05-07-2018,Whitney,14.78,147.00,7.50,en,"Music, Documentary"
11-05-2016,Café Society,14.78,2342.00,6.50,en,"Comedy, Drama, Romance"
14-10-2015,Suburra,14.78,1086.00,7.30,it,"Crime, Drama, Thriller"
14-02-2018,My Perfect Romance,14.78,173.00,5.60,en,"Romance, TV Movie"
14-10-2017,Creep 2,14.78,554.00,6.30,en,"Horror, Thriller"
22-12-1960,Two Women,14.78,400.00,7.90,it,"Drama, War"
27-07-2006,Scoop,14.78,1320.00,6.60,en,"Comedy, Mystery"
31-03-2000,Whatever It Takes,14.78,214.00,5.90,en,"Drama, Comedy, Romance"
04-08-2020,The Swamp,14.78,35.00,6.70,en,Documentary
02-10-1968,Ace High,14.78,142.00,6.50,it,"Western, Action, Comedy"
29-09-2017,Goodbye Christopher Robin,14.78,672.00,7.10,en,"Family, History, Drama"
24-11-2017,The Cured,14.77,287.00,5.50,en,"Horror, Drama, Science Fiction"
14-03-2010,The Cutting Edge: Fire & Ice,14.77,124.00,6.40,en,"Drama, Romance"
13-01-2012,The Divide,14.77,493.00,5.90,en,"Horror, Science Fiction"
26-03-2006,The Secret,14.77,279.00,6.60,en,Documentary
16-12-1967,PlayTime,14.77,384.00,7.80,fr,Comedy
12-04-2019,Radio Silence,14.77,61.00,5.40,en,"Thriller, TV Movie"
05-10-2012,Butter,14.77,313.00,5.90,en,Comedy
11-07-1980,Used Cars,14.77,171.00,6.40,en,Comedy
15-09-2016,Spin Out,14.77,63.00,5.90,en,"Comedy, Romance"
15-12-1975,Emmanuelle: The Joys of a Woman,14.77,74.00,5.30,fr,"Drama, Romance"
17-05-2009,Agora,14.77,1131.00,7.00,en,"Adventure, Drama, History"
27-09-2018,Balloon,14.76,319.00,7.50,de,"Drama, History, Thriller"
02-12-2015,Babysitting 2,14.76,1136.00,6.30,fr,Comedy
11-04-1997,Grosse Pointe Blank,14.76,658.00,6.90,en,"Action, Comedy, Thriller, Romance"
08-12-2020,Bobbleheads: The Movie,14.76,16.00,5.80,en,"Family, Animation, Adventure, Comedy"
09-03-2018,Take Your Pills,14.76,116.00,6.60,en,Documentary
20-12-1971,Harold and Maude,14.76,798.00,7.70,en,"Comedy, Drama, Romance"
03-06-2016,Popstar: Never Stop Never Stopping,14.76,989.00,6.60,en,"Comedy, Music"
11-08-2000,Bless the Child,14.76,223.00,5.30,en,"Drama, Horror, Thriller, Crime"
18-07-2004,The Door in the Floor,14.76,151.00,6.10,en,Drama
25-08-2017,The Square,14.75,1101.00,6.70,en,Drama
18-12-1982,The King of Comedy,14.75,1652.00,7.80,en,"Drama, Comedy"
18-02-2017,First They Killed My Father,14.75,531.00,7.40,en,"War, Drama, History"
07-03-2003,My Life Without Me,14.75,360.00,5.80,en,"Drama, Romance"
11-12-1997,For Richer or Poorer,14.75,173.00,5.80,en,Comedy
01-11-2012,Lotoman 2.0,14.75,11.00,7.00,es,"Family, Comedy"
21-01-2019,Bixler High Private Eye,14.75,30.00,8.00,en,"Adventure, Family, TV Movie"
15-03-2018,The Matchmaker's Playbook,14.75,38.00,6.90,en,Romance
09-09-2000,Il Mare,14.75,112.00,7.50,ko,"Fantasy, Drama, Romance, Science Fiction"
25-01-1985,Phenomena,14.75,569.00,6.80,en,"Horror, Thriller"
29-04-1994,With Honors,14.75,147.00,6.80,en,"Comedy, Drama"
13-01-1991,Highlander II: The Quickening,14.75,636.00,4.80,en,"Fantasy, Science Fiction"
21-09-1990,Miller's Crossing,14.74,1236.00,7.50,en,"Drama, Thriller, Crime"
01-07-1994,The Shadow,14.74,390.00,6.00,en,"Adventure, Fantasy, Action, Thriller, Science Fiction"
06-10-1999,Audition,14.74,1066.00,7.10,ja,"Horror, Mystery, Drama, Thriller"
13-07-1990,Quick Change,14.74,259.00,6.70,en,"Comedy, Crime"
20-12-1964,"Ghidorah, the Three-Headed Monster",14.74,163.00,7.20,ja,"Action, Adventure, Science Fiction"
14-01-2000,Supernova,14.74,274.00,4.90,en,"Science Fiction, Horror, Fantasy, Thriller"
16-02-1962,La Jetée,14.74,635.00,7.90,fr,"Romance, Science Fiction"
28-01-2020,Chaco,14.74,42.00,7.80,es,"War, Drama"
31-12-2010,Dead Space: Aftermath,14.74,105.00,5.90,en,"Animation, Horror, Science Fiction"
26-03-2008,Frozen River,14.73,232.00,6.70,en,Drama
30-04-2014,The Target,14.73,87.00,6.90,ko,"Thriller, Action"
27-04-2018,Modern Life Is Rubbish,14.73,47.00,7.20,en,"Romance, Music"
17-10-2006,Hammy's Boomerang Adventure,14.73,32.00,5.90,en,"Comedy, Family, Animation"
18-06-2021,Mighty Flash,14.73,10.00,5.90,es,Drama
11-04-2019,Spy Cat,14.73,60.00,7.00,de,"Animation, Adventure, Comedy, Family"
16-10-1998,Rudolph the Red-Nosed Reindeer: The Movie,14.73,138.00,6.10,en,"Animation, Family, Music"
10-06-2007,The Man from Earth,14.73,1772.00,7.60,en,"Science Fiction, Drama"
11-06-1987,Death Wish 4: The Crackdown,14.73,204.00,5.70,en,Action
04-12-2020,Half Brothers,14.73,152.00,7.70,en,"Comedy, Drama"
07-10-2008,Joy Ride 2: Dead Ahead,14.73,176.00,5.50,en,"Crime, Thriller"
28-05-2020,Dead Water,14.72,22.00,6.20,en,Thriller
19-06-2019,Beats,14.72,204.00,6.80,en,"Drama, Music"
13-12-2019,Seberg,14.72,160.00,5.90,en,"Thriller, Drama"
31-03-2016,Compadres,14.72,104.00,6.80,es,"Action, Comedy"
22-04-2006,Mammoth,14.72,43.00,4.80,en,"Action, Comedy, Science Fiction, Horror"
23-10-2014,V/H/S: Viral,14.72,461.00,4.90,en,"Horror, Thriller"
02-02-2009,Thawing Out,14.71,22.00,5.80,fr,"Comedy, Drama"
09-10-2009,Blood Creek,14.71,194.00,5.40,en,"Horror, Thriller"
25-12-1981,Angel Guts: Red Porno,14.71,25.00,5.30,ja,Drama
28-07-1982,An Officer and a Gentleman,14.71,848.00,7.00,en,"Drama, Romance"
05-08-2005,Broken Flowers,14.71,998.00,6.90,en,"Comedy, Drama, Mystery, Romance"
15-01-1943,Shadow of a Doubt,14.70,710.00,7.60,en,"Crime, Thriller"
17-03-1995,Candyman: Farewell to the Flesh,14.70,245.00,5.40,en,"Horror, Thriller"
26-05-1954,Johnny Guitar,14.70,281.00,7.50,en,"Drama, Western, Romance"
09-11-2012,Lincoln,14.70,3159.00,6.90,en,"History, Drama"
07-10-2016,The Late Bloomer,14.70,293.00,5.40,en,"Comedy, Drama, Romance"
10-10-2018,Galveston,14.70,398.00,6.10,en,Thriller
06-08-2014,The Hundred-Foot Journey,14.70,1172.00,7.30,en,"Drama, Comedy"
21-06-2013,The House at the End of Time,14.70,237.00,6.70,es,"Horror, Drama, Fantasy"
22-01-2010,Hesher,14.70,509.00,6.80,en,Drama
04-12-2009,Cracks,14.70,304.00,6.60,en,"Drama, Mystery, Thriller"
30-10-1990,American Ninja 4: The Annihilation,14.70,111.00,5.30,en,"Action, Thriller"
01-01-2006,Day Watch,14.70,402.00,6.10,ru,"Fantasy, Science Fiction"
20-12-1962,To Kill a Mockingbird,14.70,2025.00,8.00,en,"Crime, Drama"
08-05-2020,The Nest,14.69,208.00,6.20,en,"Drama, Romance"
16-12-1965,Battle of the Bulge,14.69,180.00,6.90,en,"Drama, History, War"
23-08-1984,"Paris, Texas",14.69,1228.00,8.10,en,Drama
19-01-2018,Robin Williams: Come Inside My Mind,14.69,167.00,8.00,en,"Documentary, Comedy"
02-05-1997,Breakdown,14.69,641.00,6.80,en,"Crime, Drama, Mystery, Thriller"
24-08-2022,Puss in Boots: The Last Wish,14.69,0.00,0.00,en,"Animation, Adventure, Comedy, Family"
01-02-2008,Pablo Escobar: Angel or Demon?,14.69,14.00,6.60,es,Documentary
14-01-1999,Virus,14.68,442.00,5.30,en,"Horror, Action, Science Fiction"
06-11-2008,Another Gay Sequel: Gays Gone Wild!,14.68,101.00,5.90,en,"Comedy, Romance"
24-09-2016,Pet,14.68,543.00,5.80,en,"Horror, Thriller"
08-05-1986,Pirates,14.68,173.00,6.20,en,"Adventure, Comedy"
17-08-2019,Zombie Tidal Wave,14.68,29.00,4.30,en,"Action, Adventure, Comedy, Horror, Science Fiction, Thriller"
25-08-2006,Beerfest,14.68,408.00,5.90,en,Comedy
16-05-1973,La Grande Bouffe,14.67,339.00,7.10,fr,"Drama, Comedy"
17-05-2013,Frances Ha,14.67,1160.00,7.40,en,"Comedy, Drama"
18-03-2010,Never Let Me Go,14.67,1860.00,6.80,en,"Drama, Romance, Science Fiction"
07-03-1998,Revival of Evangelion,14.67,24.00,7.30,ja,"Action, Animation, Drama, Science Fiction"
15-12-1974,Young Frankenstein,14.67,2515.00,7.90,en,Comedy
16-04-2018,Alex Strangelove,14.67,1401.00,6.60,en,"Comedy, Drama"
28-10-2009,Micmacs,14.67,431.00,6.60,fr,"Action, Comedy, Crime"
29-03-2007,Black Sheep,14.67,555.00,5.70,en,"Horror, Comedy"
27-10-1989,Shocker,14.66,299.00,5.50,en,Horror
09-12-2016,Frank & Lola,14.66,140.00,5.60,en,"Drama, Mystery, Romance"
13-03-2020,Big Time Adolescence,14.66,223.00,7.50,en,Comedy
21-03-2013,Windstorm,14.66,220.00,7.40,de,"Adventure, Family"
04-08-2000,Space Cowboys,14.66,1052.00,6.40,en,"Action, Adventure, Thriller"
21-12-2018,LEGO DC Super Heroes - Aquaman: Rage Of Atlantis,14.66,73.00,6.80,en,"Animation, Family, Action, Comedy"
23-01-2013,Miracle in Cell No. 7,14.66,319.00,8.20,ko,"Drama, Comedy, Family"
24-03-1995,Dolores Claiborne,14.66,549.00,7.20,en,"Crime, Drama, Mystery"
16-08-2013,The Butler,14.66,2511.00,7.40,en,Drama
22-10-2003,In the Cut,14.66,302.00,5.10,en,"Drama, Mystery, Thriller"
26-07-2016,Ice Sharks,14.65,83.00,5.00,en,"TV Movie, Adventure, Action, Science Fiction, Horror"
20-12-1991,Father of the Bride,14.65,1032.00,6.40,en,"Comedy, Romance"
25-12-2005,Casanova,14.65,734.00,6.50,en,"Adventure, Comedy, Drama, Romance"
06-05-2011,The Ledge,14.65,270.00,6.10,en,"Drama, Thriller"
06-09-2008,Deadgirl,14.65,269.00,5.30,en,"Horror, Thriller"
07-04-1981,Hot Bubblegum,14.65,44.00,6.00,he,"Comedy, Romance"
30-12-1966,Daisies,14.65,222.00,7.50,cs,"Comedy, Fantasy"
19-07-1991,Bill & Ted's Bogus Journey,14.65,911.00,6.30,en,"Adventure, Comedy, Science Fiction"
04-04-2019,P Storm,14.64,44.00,6.50,cn,"Action, Crime"
01-01-2008,Blade: House of Chthon,14.64,56.00,5.80,en,"Action, Horror, TV Movie"
28-09-2018,Free Solo,14.64,959.00,7.90,en,"Documentary, Adventure"
15-05-2015,Slow West,14.64,802.00,6.70,en,"Western, Action, Thriller, Drama"
30-06-2000,Dancer in the Dark,14.64,1362.00,7.90,en,"Drama, Crime"
12-08-2004,Fighter in the Wind,14.63,124.00,7.20,ko,"Action, Drama"
06-04-2018,Amateur,14.63,235.00,6.50,en,Drama
06-06-2012,The Concubine,14.63,61.00,5.90,ko,Drama
01-04-2005,Anthony Zimmer,14.63,160.00,6.20,fr,"Drama, Thriller, Crime, Romance"
24-05-1967,Belle de Jour,14.63,604.00,7.40,fr,"Drama, Romance"
16-12-2016,A Kind of Murder,14.63,189.00,5.30,en,"Drama, Thriller"
30-01-2004,You Got Served,14.63,315.00,6.30,en,"Music, Drama"
01-09-2017,Ana & Bruno,14.63,73.00,7.70,es,"Animation, Adventure, Family"
11-10-2002,Tuck Everlasting,14.63,382.00,6.60,en,"Drama, Family, Fantasy, Romance"
20-06-2018,The Work Wife,14.63,19.00,7.40,en,Drama
27-10-2016,3 Generations,14.63,394.00,6.40,en,"Comedy, Drama"
31-05-2008,Cyborg She,14.62,107.00,7.30,ja,"Action, Comedy, Science Fiction, Romance, Drama"
11-04-2002,Bend It Like Beckham,14.62,1557.00,6.30,en,"Comedy, Drama, Romance"
20-03-2014,Backcountry,14.62,449.00,5.70,en,"Thriller, Drama, Horror"
05-10-2013,Pulling Strings,14.62,80.00,7.10,es,"Comedy, Romance"
22-11-2017,Le Brio,14.62,719.00,7.10,fr,"Drama, Comedy"
29-11-2007,Sex and Breakfast,14.62,35.00,5.10,en,"Comedy, Drama, Romance"
22-02-1973,Turkish Delight,14.62,111.00,7.00,nl,"Drama, Romance"
25-12-2007,Arn: The Knight Templar,14.62,208.00,6.20,sv,"Action, Adventure, Drama, Romance"
13-10-2013,Anna,14.61,488.00,6.50,en,"Thriller, Drama"
17-02-2013,Möbius,14.61,172.00,5.70,fr,"Drama, Thriller"
25-10-2011,Towa no Quon 6: Eternal Quon,14.61,8.00,6.00,ja,"Animation, Action, Fantasy, Science Fiction"
27-08-2017,The Sex Trip,14.61,42.00,5.20,en,"Comedy, Fantasy"
08-12-1955,The Ladykillers,14.61,337.00,7.20,en,"Comedy, Crime"
13-09-2004,Wimbledon,14.61,799.00,6.20,en,"Comedy, Romance"
26-10-2018,The Convent,14.61,87.00,5.70,en,"History, Horror"
18-09-2017,The Music of Silence,14.61,70.00,7.20,it,Drama
29-09-2016,Los Modernos,14.61,4.00,4.80,es,Drama
01-04-1967,"Kidnapping, Caucasian Style",14.61,162.00,8.00,ru,"Comedy, Romance, Music"
10-10-2006,Save the Last Dance 2,14.61,194.00,5.50,en,"Drama, Family, Romance"
23-01-2019,Extreme Job,14.60,143.00,7.10,ko,"Action, Comedy, Crime"
29-05-2021,Oslo,14.60,51.00,6.80,en,"TV Movie, Drama, History"
21-10-2002,Gone Nutty,14.60,142.00,6.80,en,"Animation, Comedy"
07-04-2006,Tristan & Isolde,14.60,673.00,6.70,en,"Drama, Romance, Adventure, Action"
17-04-2004,Appleseed,14.60,269.00,6.70,ja,"Animation, Action, Science Fiction"
26-03-1969,Support Your Local Sheriff!,14.60,126.00,7.00,en,"Comedy, Western"
16-02-2018,Looking Glass,14.60,219.00,4.70,en,"Thriller, Mystery"
29-05-2012,Abraham Lincoln vs. Zombies,14.59,94.00,4.00,en,"Horror, Action, Thriller"
27-08-2014,Out of the Dark,14.59,125.00,4.90,en,"Thriller, Horror"
01-11-1973,Immoral Tales,14.59,159.00,5.90,fr,"Drama, Romance"
25-10-1996,Thinner,14.59,440.00,5.90,en,"Horror, Thriller"
11-03-1964,Becket,14.59,133.00,7.20,en,"Drama, History"
13-12-1984,Starman,14.59,604.00,6.80,en,"Science Fiction, Romance"
11-03-1999,The Rage: Carrie 2,14.59,297.00,5.60,en,"Horror, Thriller, Science Fiction"
14-07-1998,Dennis the Menace Strikes Again!,14.59,165.00,5.40,en,"Family, Comedy"
07-11-2019,Last Christmas,14.59,1837.00,7.30,en,"Comedy, Romance, Drama"
01-06-2010,The Stranger,14.59,54.00,4.90,en,"Action, Drama, Thriller, Mystery"
24-08-1963,Tom Jones,14.58,142.00,6.10,en,"Adventure, Comedy, Romance"
01-09-2010,Legend of the Fist: The Return of Chen Zhen,14.58,197.00,6.60,cn,"Drama, Action, History, Thriller"
01-02-1991,The Silence of the Lambs,14.58,13012.00,8.30,en,"Crime, Drama, Thriller"
08-08-2007,Daddy Day Camp,14.58,358.00,4.80,en,"Family, Comedy"
19-09-2003,Secondhand Lions,14.58,611.00,7.20,en,"Family, Comedy"
10-04-2020,Pizza Dare 1,14.57,2.00,8.50,ko,Romance
26-06-2009,The Stoning of Soraya M.,14.57,170.00,7.70,en,"Crime, Drama"
14-12-1964,Zorba the Greek,14.57,255.00,7.50,el,Drama
05-09-2007,Young People Fucking,14.57,159.00,5.70,en,"Comedy, Drama, Romance"
21-04-2021,Recalled,14.57,37.00,6.80,ko,"Mystery, Thriller"
28-08-2016,Team Thor: Part 1,14.57,398.00,7.50,en,"Comedy, Science Fiction"
13-09-2012,The Bay,14.57,556.00,5.70,en,"Horror, Science Fiction, Thriller"
09-09-2005,An Unfinished Life,14.57,472.00,6.70,en,Drama
03-11-1939,The Flying Deuces,14.56,108.00,6.40,en,"Comedy, War"
31-07-1952,Ivanhoe,14.56,126.00,6.90,en,"Adventure, Romance"
15-06-2000,Shaft,14.56,975.00,5.90,en,"Action, Adventure, Crime, Thriller"
01-05-2015,Flying Colors,14.55,77.00,7.40,ja,"Comedy, Drama"
23-12-2005,Munich,14.55,2012.00,7.10,en,"Drama, Action, History, Thriller"
13-05-1996,Breaking the Waves,14.55,714.00,7.50,da,"Drama, Romance"
11-02-1994,The Getaway,14.55,243.00,5.60,en,"Drama, Action, Thriller, Mystery"
26-02-2021,"Where are you going, Aida?",14.55,152.00,7.60,sr,"War, Drama"
09-06-2017,Skins,14.55,392.00,6.60,es,"Drama, Comedy"
28-01-2022,Dracula: The Original Living Vampire,14.55,5.00,5.00,en,"Horror, Thriller"
12-07-2000,Werckmeister Harmonies,14.55,225.00,7.90,hu,Drama
19-03-2010,The Runaways,14.55,650.00,6.40,en,"Music, Drama"
16-12-1989,Godzilla vs. Biollante,14.55,143.00,7.20,ja,"Action, Science Fiction"
01-01-2001,Voyage of the Unicorn,14.54,46.00,6.80,en,"Adventure, Fantasy, TV Movie"
21-01-1995,A Chinese Odyssey Part One: Pandora's Box,14.54,157.00,7.40,cn,"Fantasy, Adventure, Comedy"
01-05-1984,The Toxic Avenger,14.54,370.00,6.40,en,"Science Fiction, Action, Comedy, Horror"
14-06-2007,XXY,14.54,226.00,6.90,es,Drama
16-06-2010,71: Into the Fire,14.54,128.00,7.40,ko,War
24-11-2016,Panfilov's 28 Men,14.54,119.00,7.00,ru,"History, Action, Drama, War"
30-06-1973,Belladonna of Sadness,14.53,173.00,7.40,ja,"Animation, Drama, Fantasy"
10-11-1990,Psycho IV – The Beginning,14.53,171.00,5.60,en,"Horror, Mystery, Thriller, TV Movie"
13-02-2018,Hellraiser: Judgment,14.53,185.00,5.20,en,Horror
29-09-2014,Sniper: Legacy,14.53,150.00,6.00,en,"Thriller, Action"
16-03-2009,Lesbian Vampire Killers,14.53,290.00,5.30,en,"Horror, Comedy"
13-07-1984,The Last Starfighter,14.53,522.00,6.60,en,"Adventure, Science Fiction, Action"
22-11-2011,Carjacked,14.53,79.00,5.20,en,"Action, Thriller"
31-01-1991,Mediterraneo,14.53,780.00,7.60,it,"Comedy, Romance, War"
27-03-2015,Dead Rising: Watchtower,14.53,280.00,5.20,en,"Horror, Science Fiction, Action"
02-09-2015,Before We Go,14.53,1454.00,6.70,en,"Comedy, Drama, Romance"
03-04-2012,HOUBA! On the Trail of the Marsupilami,14.53,728.00,5.20,fr,"Adventure, Comedy, Family"
12-09-2012,Excision,14.53,423.00,6.20,en,"Drama, Horror"
25-02-2005,Man of the House,14.53,367.00,5.70,en,"Comedy, Action"
13-12-2006,Priceless,14.53,617.00,6.40,fr,"Drama, Comedy, Romance"
28-04-2009,X-Men Origins: Wolverine,14.53,8812.00,6.30,en,"Adventure, Action, Thriller, Science Fiction"
08-03-2018,Going for Gold,14.52,115.00,6.80,en,"Drama, Family"
21-04-2001,Crayon Shin-chan: Fierceness That Invites Storm! The Adult Empire Strikes Back,14.52,34.00,8.10,ja,"Animation, Comedy"
27-11-2011,Have a Little Faith,14.52,20.00,6.60,en,"Drama, TV Movie"
15-01-1993,Body of Evidence,14.52,220.00,4.90,en,"Drama, Thriller, Romance"
07-03-2019,Gloria Bell,14.52,233.00,5.90,en,"Drama, Romance"
13-02-2021,Death Saved My Life,14.52,14.00,7.00,en,"Thriller, TV Movie"
21-09-2012,House at the End of the Street,14.52,1515.00,5.80,en,"Horror, Thriller"
29-04-1930,All Quiet on the Western Front,14.52,515.00,7.80,en,"Drama, War"
26-10-2017,Suck Me Shakespeer 3,14.51,328.00,6.10,de,Comedy
15-07-2016,The Bodyguard,14.51,63.00,6.70,zh,Action
11-11-2016,Come and Find Me,14.51,212.00,5.60,en,"Drama, Thriller"
15-02-1980,Cruising,14.51,328.00,6.40,en,"Crime, Mystery, Thriller, Horror"
12-10-1989,Puppet Master,14.51,242.00,5.80,en,"Horror, Fantasy, Science Fiction"
22-10-2012,Big Top Scooby-Doo!,14.51,151.00,7.90,en,"Family, Animation, Comedy, Mystery"
31-08-1978,Midnight Express,14.51,1265.00,7.60,en,"Drama, Crime"
30-08-1985,Flesh + Blood,14.51,245.00,6.50,en,"Adventure, Drama"
17-04-1993,Crazy Love,14.51,10.00,5.10,cn,"Comedy, Romance"
30-08-2018,Boarding School,14.51,185.00,6.40,en,"Horror, Mystery"
28-03-2012,Girls Gone Dead,14.51,37.00,4.10,en,"Horror, Comedy"
05-09-2019,Blood Quantum,14.50,110.00,5.80,en,Horror
15-12-2001,"Godzilla, Mothra and King Ghidorah: Giant Monsters All-Out Attack",14.50,162.00,7.50,ja,"Action, Science Fiction, Fantasy"
27-11-2019,Queen & Slim,14.50,508.00,7.20,en,"Drama, Romance, Crime"
13-05-2016,The Darkness,14.50,526.00,4.80,en,"Horror, Thriller"
20-08-2008,The Rocker,14.50,467.00,6.00,en,"Comedy, Music"
01-03-1987,Raising Arizona,14.50,1578.00,7.00,en,"Comedy, Crime"
24-07-2016,Batman Unlimited: Mechs vs. Mutants,14.50,61.00,6.50,en,"Animation, Action, Science Fiction"
14-08-2014,Sapphire Blue,14.50,889.00,7.20,de,"Fantasy, Romance, Science Fiction, Drama, Adventure, Family"
05-08-2020,Deliver Us from Evil,14.50,100.00,6.80,ko,Action
03-02-2009,The International,14.50,950.00,6.20,en,"Action, Thriller, Drama, Crime"
18-01-2019,Fyre,14.49,749.00,6.90,en,"Documentary, TV Movie"
16-02-2000,Hanging Up,14.49,137.00,5.30,en,"Drama, Comedy"
23-01-1941,High Sierra,14.49,224.00,7.10,en,"Action, Adventure, Crime, Drama, Thriller"
05-12-2008,Cadillac Records,14.49,334.00,7.20,en,"Drama, History, Music"
31-08-2005,The Constant Gardener,14.49,1115.00,7.00,en,"Drama, Mystery, Thriller"
11-09-2015,Our Brand Is Crisis,14.49,413.00,5.90,en,"Comedy, Drama"
07-09-2018,When Angels Sleep,14.48,214.00,5.60,es,"Thriller, Crime"
01-03-2018,55 Steps,14.48,130.00,6.80,en,Drama
11-03-2022,Sideshow,14.48,0.00,0.00,en,"Comedy, Crime"
20-08-2018,Jurassic Galaxy,14.48,166.00,5.20,en,"Science Fiction, Action, Adventure"
20-11-2020,Noelle,14.48,231.00,6.70,en,"Family, Comedy, Fantasy"
30-08-2009,Night of the Demons,14.48,120.00,5.00,en,Horror
20-09-2018,Lords of Chaos,14.48,286.00,6.70,en,"Drama, Music, Horror, Thriller"
30-01-1998,Desperate Measures,14.48,191.00,5.90,en,"Action, Drama, Thriller"
12-12-2003,Something's Gotta Give,14.48,1273.00,6.60,en,"Drama, Comedy, Romance"
18-02-1970,M*A*S*H,14.48,746.00,7.00,en,"Comedy, Drama, War"
21-02-2018,Unsane,14.47,1240.00,6.30,en,"Horror, Thriller"
15-11-2018,Burn the Stage: The Movie,14.47,332.00,8.90,ko,"Documentary, Music"
14-02-1986,Wildcats,14.47,138.00,6.30,en,Comedy
12-09-2009,The Disappearance of Alice Creed,14.47,422.00,6.50,en,"Crime, Drama, Thriller"
08-10-2011,Eating Out: The Open Weekend,14.47,52.00,6.00,en,"Comedy, Romance"
22-04-1994,Chasers,14.47,106.00,5.20,en,"Comedy, Romance"
09-09-2006,Rescue Dawn,14.47,937.00,6.90,en,"Adventure, Drama, War"
25-09-2020,Kajillionaire,14.46,276.00,6.20,en,"Crime, Drama, Comedy"
09-05-2013,Saint?Young Men,14.46,48.00,7.90,ja,"Animation, Comedy"
16-03-1995,The Land Before Time III: The Time of the Great Giving,14.46,309.00,6.30,en,"Animation, Adventure, Family"
29-06-2018,Leave No Trace,14.46,907.00,6.70,en,Drama
01-07-2003,Air Bud: Spikes Back,14.46,105.00,5.10,en,"Comedy, Family"
01-11-2019,Dedicated to my ex,14.46,454.00,8.40,es,"Drama, Comedy"
17-03-2022,Panama,14.46,0.00,0.00,en,"Action, Thriller"
19-08-2008,Restraint,14.46,86.00,5.90,en,"Drama, Thriller"
08-08-2003,Le Divorce,14.46,112.00,4.90,en,"Comedy, Drama, Romance"
26-03-2021,The Toll,14.46,71.00,5.90,en,"Thriller, Horror"
23-11-2005,Syriana,14.46,1067.00,6.40,en,"Drama, Thriller"
10-04-1998,3 Ninjas: High Noon at Mega Mountain,14.46,153.00,4.90,en,"Family, Action, Comedy"
10-12-2003,Stuck on You,14.46,526.00,5.30,en,Comedy
11-05-1989,The Return of Swamp Thing,14.45,154.00,5.30,en,"Horror, Science Fiction"
09-11-2010,Rubber,14.45,731.00,5.90,en,"Comedy, Drama, Fantasy, Horror, Mystery"
02-04-2010,Furry Vengeance,14.45,481.00,4.90,en,"Family, Comedy, Fantasy"
30-09-1994,The River Wild,14.45,670.00,6.40,en,"Adventure, Action, Crime, Thriller"
12-03-2005,Azumi 2: Death or Love,14.45,132.00,6.50,ja,Action
01-11-1999,The Key to Sex,14.45,17.00,6.40,en,Comedy
26-07-2019,I Don't Like Younger Men 4,14.45,0.00,0.00,ko,Romance
12-08-1983,Curse of the Pink Panther,14.45,116.00,4.60,en,"Crime, Comedy"
06-10-2000,Requiem for a Dream,14.45,7920.00,8.00,en,"Crime, Drama"
19-01-2005,Assault on Precinct 13,14.45,813.00,6.10,en,"Action, Crime, Thriller, Drama"
11-04-2019,Back of the Net,14.44,82.00,6.90,en,"Drama, Family"
22-09-2017,Battle of the Sexes,14.44,1545.00,6.80,en,"Comedy, Drama, History"
14-05-2015,Windstorm 2,14.44,174.00,7.50,de,"Adventure, Drama, Family, Romance"
29-12-2007,The Garden of Sinners – Chapter 2: A Study in Murder (Part 1),14.44,54.00,7.10,ja,"Animation, Action, Crime"
27-06-2016,ClownTown,14.44,93.00,4.60,en,"Horror, Thriller"
19-07-1996,Multiplicity,14.44,407.00,5.70,en,"Comedy, Fantasy, Science Fiction"
10-09-2010,The Way,14.44,447.00,7.10,en,"Adventure, Comedy, Drama"
04-06-1963,The Nutty Professor,14.44,299.00,6.60,en,"Comedy, Family, Romance, Science Fiction"
20-11-2004,The Place Promised in Our Early Days,14.44,379.00,6.60,ja,"Animation, Adventure, Drama, Romance, Science Fiction"
01-09-1997,Wilde,14.44,213.00,6.50,en,"Drama, History"
24-09-1993,Dazed and Confused,14.44,1571.00,7.40,en,"Comedy, Drama"
26-10-2018,The Photographer of Mauthausen,14.44,566.00,7.00,es,"Drama, History, Thriller"
11-10-2013,CBGB,14.44,113.00,6.40,en,"Drama, Music"
29-01-1967,The Night of the Generals,14.44,108.00,6.80,en,"Action, Crime, Drama, Mystery, Thriller, War"
25-10-2018,Rampant,14.44,137.00,6.80,ko,"Action, Horror, Drama, Fantasy"
07-10-2011,Tyrannosaur,14.43,339.00,7.20,en,"Drama, Romance"
25-09-2013,Metallica: Through the Never,14.43,229.00,6.80,en,Music
07-10-2011,The Squad,14.43,57.00,5.90,es,"Drama, Horror, Thriller"
22-09-2016,The Void,14.43,908.00,5.90,en,"Mystery, Horror, Science Fiction"
20-03-1974,Going Places,14.43,307.00,6.80,fr,"Comedy, Drama"
03-04-1998,Contract Killer,14.43,131.00,6.90,cn,"Action, Comedy, Thriller"
27-10-2014,LEGO DC Comics Super Heroes Batman Be-Leaguered,14.42,99.00,6.90,en,"Action, Adventure, Animation, Family, Comedy"
03-11-2017,My Friend Dahmer,14.42,388.00,6.50,en,"Drama, History"
31-05-2018,Young Aunt,14.42,1.00,8.00,ko,Romance
24-03-2008,Leatherheads,14.42,361.00,5.80,en,"Comedy, Romance, Drama"
10-02-2004,Before Sunset,14.42,2572.00,7.80,en,"Drama, Romance"
14-12-2006,Dorm Daze 2,14.42,56.00,4.30,en,Comedy
23-06-2014,Creep,14.42,1001.00,6.40,en,Horror
25-10-2002,Paid in Full,14.41,152.00,6.90,en,"Action, Crime, Drama"
07-03-2008,Otis,14.41,61.00,5.50,en,"Comedy, Horror"
02-03-2002,Digimon Tamers: Runaway Locomon,14.41,11.00,6.70,ja,Animation
15-08-1984,Dreamscape,14.41,196.00,6.10,en,"Adventure, Science Fiction, Horror"
03-06-2016,Into the Forest,14.41,552.00,5.80,en,"Drama, Science Fiction"
21-04-2001,Case Closed: Countdown to Heaven,14.41,108.00,7.20,ja,"Crime, Animation, Action, Mystery, Drama"
13-02-1957,Funny Face,14.41,532.00,7.00,en,"Music, Comedy, Romance"
11-04-1953,Titanic,14.41,82.00,6.40,en,"Drama, Romance"
19-08-2017,"Eat, Play, Love",14.41,60.00,7.20,en,"Comedy, Romance, TV Movie"
20-04-2011,Fast Five,14.41,6589.00,7.20,en,"Action, Thriller, Crime"
30-05-2020,Dangerous Lies,14.41,366.00,6.40,en,Thriller
31-05-1979,The Muppet Movie,14.41,429.00,7.10,en,"Comedy, Adventure, Music, Family"
05-09-2003,Hajime no Ippo - Mashiba vs. Kimura,14.41,15.00,6.60,ja,"Animation, Comedy, Drama, Action"
26-08-2010,In a Better World,14.41,316.00,7.20,da,Drama
04-09-2001,Rock Star,14.41,580.00,6.70,en,"Music, Drama, Comedy"
09-12-1981,Who Finds a Friend Finds a Treasure,14.40,477.00,6.80,it,"Action, Adventure, Comedy"
13-12-2018,American Kamasutra,14.40,26.00,5.00,en,"Drama, Romance"
09-05-2013,Devil's Knot,14.40,529.00,6.10,en,"Crime, Drama, Thriller"
06-03-2010,Doraemon: Nobita's Great Battle of the Mermaid King,14.40,33.00,6.70,ja,"Adventure, Family, Animation"
03-11-2017,Conor McGregor: Notorious,14.40,136.00,7.10,en,Documentary
25-07-2014,A Most Wanted Man,14.40,1091.00,6.50,en,Thriller
29-09-2011,Perfect Sense,14.40,907.00,6.90,en,"Drama, Science Fiction, Romance"
22-07-2016,Beta Test,14.40,152.00,5.40,en,"Thriller, Action, Science Fiction"
23-03-2016,My Big Fat Greek Wedding 2,14.40,838.00,5.90,en,"Romance, Comedy"
01-10-2020,Jiang Ziya: The Legend of Deification,14.39,112.00,7.40,zh,"Animation, Action, Fantasy, Adventure"
11-04-2003,House of the Dead,14.39,287.00,3.20,en,"Horror, Action, Thriller"
15-05-2001,Angel Eyes,14.39,331.00,6.00,en,"Drama, Romance, Thriller"
08-02-1968,Blackbeard's Ghost,14.39,110.00,6.70,en,"Fantasy, Comedy, Family"
20-02-1997,Knockin' on Heaven's Door,14.39,365.00,7.60,de,"Comedy, Crime"
18-02-2021,Upon the Magic Roads,14.39,23.00,6.50,ru,"Adventure, Fantasy"
13-10-2011,Trespass,14.39,941.00,5.50,en,Thriller
01-02-1997,Once Upon a Time in China and America,14.39,69.00,5.80,cn,"Action, Western"
12-10-2014,Serena,14.39,886.00,5.60,en,Drama
21-10-2019,QT8: The First Eight,14.39,97.00,7.20,en,Documentary
24-10-1978,The Wiz,14.38,176.00,6.10,en,"Adventure, Family, Fantasy, Music"
24-06-1983,Twilight Zone: The Movie,14.38,531.00,6.50,en,"Fantasy, Horror, Science Fiction, Thriller"
31-03-1995,Tank Girl,14.38,353.00,5.40,en,"Action, Comedy, Fantasy, Science Fiction"
16-09-1992,Of Mice and Men,14.38,463.00,7.30,en,Drama
26-01-2016,Doraemon: Nobita and the Birth of Japan,14.38,40.00,6.60,ja,"Animation, Adventure, Fantasy"
14-10-2011,The Woman,14.38,403.00,6.10,en,"Drama, Horror"
08-09-1988,Earth Girls Are Easy,14.38,274.00,5.60,en,"Comedy, Science Fiction"
25-08-2014,Blood Moon,14.38,19.00,5.90,en,"Western, Horror"
02-03-2007,Becoming Jane,14.38,949.00,7.30,en,"Romance, Drama"
12-11-2015,By the Sea,14.38,491.00,5.60,en,"Drama, Romance"
02-08-2019,Father There Is Only One,14.38,250.00,7.10,es,Comedy
29-03-1996,All Dogs Go to Heaven 2,14.38,203.00,5.80,en,"Romance, Animation, Family, Adventure, Fantasy"
13-05-2018,Harry & Meghan: A Royal Romance,14.38,169.00,6.90,en,Romance
01-01-2006,The Fall,14.38,977.00,7.60,en,"Adventure, Fantasy, Drama"
13-09-2019,Extra Ordinary,14.38,154.00,6.40,en,"Fantasy, Comedy, Horror"
22-11-1965,The Heroes of Telemark,14.37,104.00,7.00,en,"War, Action"
07-08-2008,Mutant Chronicles,14.37,357.00,5.20,en,"Action, Adventure, Horror, Science Fiction"
14-01-2022,Sex Appeal,14.37,15.00,6.90,en,"Comedy, Romance"
01-06-1998,"Black Cat, White Cat",14.37,552.00,7.70,sr,"Comedy, Romance, Crime"
29-07-2008,Lost Boys: The Tribe,14.37,128.00,4.60,en,"Crime, Drama, Horror, Thriller, Comedy"
27-08-2010,Going the Distance,14.37,610.00,6.00,en,"Comedy, Drama, Romance"
23-11-1989,Knick Knack,14.37,413.00,7.10,en,"Animation, Family, Comedy"
24-04-1955,Godzilla Raids Again,14.37,170.00,6.10,ja,"Action, Adventure, Science Fiction"
08-09-2000,The Watcher,14.37,371.00,5.00,en,"Mystery, Thriller"
07-11-2013,Suck Me Shakespeer,14.37,1424.00,7.00,de,Comedy
08-09-2002,The Four Feathers,14.37,432.00,6.60,en,"War, Drama, Romance, Action, Adventure"
19-01-2016,DC Films Presents Dawn of the Justice League,14.36,60.00,5.90,en,Documentary
08-09-2009,Brooklyn's Finest,14.36,715.00,6.30,en,"Crime, Drama, Thriller"
26-11-2010,Super,14.36,1131.00,6.60,en,"Comedy, Action, Drama"
07-09-2001,The Warrior,14.36,100.00,7.00,ko,"History, Drama, Action"
13-12-1990,God of Gamblers II,14.36,48.00,6.40,cn,"Action, Comedy"
13-09-2018,The Accused,14.36,155.00,6.70,es,"Thriller, Drama"
30-09-2019,10 Minutes Gone,14.36,159.00,5.50,en,"Crime, Action, Thriller, Mystery"
23-12-2016,Railroad Tigers,14.36,99.00,6.00,zh,"Action, Comedy, War"
26-08-2013,Banshee Chapter,14.36,204.00,5.80,en,"Horror, Thriller"
18-06-2010,Monsters,14.35,1237.00,6.20,en,"Drama, Thriller, Science Fiction"
21-06-1998,Children of the Corn V: Fields of Terror,14.35,106.00,4.10,en,"Horror, Thriller"
31-07-2014,Frontera,14.35,139.00,6.50,en,"Western, Drama"
22-12-1972,All the Way Boys,14.35,296.00,6.80,it,"Adventure, Action, Comedy"
26-11-2015,Mutual Relations,14.35,5.00,6.40,ko,"Comedy, Romance"
14-12-1990,Mermaids,14.35,388.00,6.80,en,"Comedy, Drama, Romance"
09-10-1971,The French Connection,14.35,1322.00,7.60,en,"Action, Crime, Thriller"
02-03-1982,Fitzcarraldo,14.35,529.00,7.60,de,"Drama, Adventure"
10-03-2007,Elvis & Anabelle,14.35,76.00,6.80,en,"Drama, Romance"
01-12-2006,Turistas,14.35,629.00,5.50,en,"Horror, Thriller"
29-12-2016,The Snow Queen 3: Fire and Ice,14.35,50.00,7.40,ru,"Family, Animation, Fantasy, Comedy"
20-10-2007,Boogeyman 2,14.34,214.00,5.50,en,"Horror, Thriller"
11-09-2008,Righteous Kill,14.34,971.00,5.90,en,"Action, Crime, Drama, Thriller"
29-03-2008,The Red Baron,14.34,190.00,6.60,de,"Action, Adventure, Drama, History, War"
13-02-2004,Ae Fond Kiss...,14.34,81.00,6.60,en,Drama
28-08-2011,Page Eight,14.34,195.00,6.50,en,"Mystery, Thriller, Drama"
21-01-1921,The Kid,14.34,1528.00,8.20,en,"Comedy, Drama"
08-08-2002,Blue Crush,14.34,433.00,6.00,en,"Adventure, Romance, Drama"
17-01-2009,Grotesque,14.34,147.00,5.70,ja,"Horror, Thriller"
05-12-1967,Doctor Dolittle,14.34,130.00,6.30,en,"Comedy, Family, Fantasy"
18-04-2019,The Collini Case,14.34,225.00,7.40,de,"Thriller, Drama, Crime"
13-12-2003,Godzilla: Tokyo S.O.S.,14.33,115.00,7.00,ja,"Action, Science Fiction, Fantasy"
18-07-1967,Bonnie and Clyde,14.33,1191.00,7.50,en,"Crime, Drama"
01-12-2014,Dinosaur Island,14.33,115.00,5.50,en,"Adventure, Science Fiction, Family"
17-07-2007,Robot Chicken: Star Wars,14.33,200.00,7.30,en,"Animation, Comedy, Science Fiction"
30-09-2005,Torrente 3: The Protector,14.33,117.00,5.30,es,"Comedy, Crime"
18-01-1977,Pumping Iron,14.33,339.00,7.10,en,Documentary
07-07-1995,First Knight,14.33,926.00,6.00,en,"Action, Adventure, Drama, Romance"
22-10-2004,Alfie,14.33,668.00,5.70,en,"Comedy, Drama, Romance"
01-05-1993,Warlock: The Armageddon,14.32,105.00,5.20,en,"Fantasy, Horror, Science Fiction"
01-12-1974,The Front Page,14.32,250.00,7.30,en,Comedy
21-02-2020,Greed,14.32,82.00,5.50,en,"Comedy, Drama"
11-10-2018,Cut Off,14.32,158.00,6.60,de,"Thriller, Crime, Horror, Mystery"
11-09-2015,Eye in the Sky,14.32,1265.00,7.00,en,"Drama, Thriller, War"
20-10-2017,Beyond Skyline,14.32,812.00,5.20,en,"Action, Science Fiction, Adventure, Horror"
10-06-2020,The High Note,14.32,329.00,7.10,en,"Romance, Comedy, Music, Drama"
02-12-1965,That Darn Cat!,14.32,116.00,6.60,en,"Drama, Family, Comedy, Crime, Mystery"
31-05-2019,Domino,14.32,213.00,4.70,en,"Thriller, Action, Crime"
10-04-1985,Subway,14.32,309.00,6.60,fr,"Action, Thriller"
05-12-2008,"Merry Christmas, Drake & Josh",14.32,174.00,7.50,en,"Comedy, TV Movie"
10-11-2016,Center of My World,14.32,199.00,7.30,de,"Drama, Family, Romance"
11-04-2018,Beirut,14.32,428.00,6.30,en,"Action, Thriller, Drama"
19-12-1986,Terrorizers,14.31,80.00,7.30,zh,"Drama, Crime"
14-11-2003,Tupac: Resurrection,14.31,125.00,8.10,en,"Music, Documentary"
21-06-2014,Lupin the Third: Jigen's Gravestone,14.31,75.00,7.40,ja,"Animation, Adventure, Action, Comedy"
29-10-2021,13 Minutes,14.31,25.00,5.80,en,Drama
22-01-2016,The Bronze,14.31,306.00,6.00,en,"Drama, Comedy"
25-03-2009,Chloe,14.31,1374.00,6.00,en,"Drama, Thriller, Mystery"
21-11-2018,Arctic,14.31,896.00,6.40,en,Drama
01-03-1996,Space Truckers,14.31,112.00,5.50,en,"Comedy, Science Fiction, Thriller, Adventure"
10-09-2012,The Lords of Salem,14.31,667.00,5.40,en,"Horror, Thriller"
19-09-2019,System Crasher,14.31,213.00,7.70,de,Drama
01-04-2016,Meet the Blacks,14.30,229.00,4.80,en,"Comedy, Horror"
24-09-2013,Runner Runner,14.30,1032.00,5.70,en,"Crime, Thriller, Drama"
26-03-2002,Highway,14.30,104.00,5.70,en,"Action, Adventure, Drama"
02-03-1995,The Enforcer,14.30,95.00,6.50,cn,"Action, Thriller, Crime"
22-02-2017,Lucid Dream,14.30,146.00,6.30,ko,"Science Fiction, Thriller"
10-06-2011,Judy Moody and the Not Bummer Summer,14.30,69.00,6.00,en,"Comedy, Family"
10-06-2016,Genius,14.30,558.00,6.50,en,"Drama, History"
11-04-2008,Pathology,14.30,353.00,5.60,en,"Crime, Horror, Thriller"
13-10-2017,American Satan,14.30,198.00,7.40,en,"Thriller, Drama, Music"
09-02-2001,Saving Silverman,14.30,399.00,5.50,en,"Comedy, Crime, Romance"
28-09-1979,Six Swedish Girls in a Boarding School,14.29,13.00,5.00,de,Comedy
15-02-1990,The Handmaid's Tale,14.29,155.00,6.00,en,"Drama, Science Fiction"
23-01-2020,Enter the Fat Dragon,14.29,75.00,6.20,cn,"Action, Comedy, Crime"
09-08-2002,Blood Work,14.29,590.00,6.10,en,"Crime, Thriller"
16-12-1968,Asterix and Cleopatra,14.29,725.00,7.00,fr,"Family, Animation, Adventure, Comedy"
28-08-1998,54,14.29,368.00,5.80,en,"Drama, Music"
23-09-2011,Mardi Gras : Spring Break,14.29,106.00,5.40,en,Comedy
22-10-1949,She Wore a Yellow Ribbon,14.29,243.00,7.00,en,Western
01-07-2005,Rebound,14.29,269.00,5.50,en,"Comedy, Family"
15-01-1999,At First Sight,14.29,183.00,5.90,en,"Drama, Romance"
25-07-1997,Good Burger,14.29,371.00,5.90,en,"Family, Comedy"
16-09-2005,Wolf Creek,14.29,854.00,6.20,en,"Horror, Thriller"
16-02-1988,Frantic,14.29,743.00,6.70,en,Thriller
21-02-1992,Stop! Or My Mom Will Shoot,14.28,788.00,5.30,en,"Action, Comedy"
09-02-1996,Jane Eyre,14.28,173.00,7.00,en,"Drama, Romance"
10-07-1985,Silverado,14.28,513.00,7.00,en,Western
12-11-2015,Savva. Heart of the Warrior,14.28,24.00,5.90,ru,"Fantasy, Adventure, Animation"
12-12-2012,Ernest & Celestine,14.28,449.00,7.80,fr,"Animation, Comedy, Drama, Family, Adventure"
01-03-2022,After the Pandemic,14.28,0.00,0.00,en,"Science Fiction, Action"
16-04-1992,Like Water for Chocolate,14.28,358.00,7.20,es,"Drama, Romance"
04-08-2011,Air Mater,14.28,101.00,5.90,en,"Animation, Family"
06-12-2019,In the Arms of an Assassin,14.28,284.00,8.10,es,"Romance, Thriller"
01-07-2020,Irresistible,14.28,280.00,6.10,en,"Comedy, Drama"
24-08-2010,Group Sex,14.27,58.00,5.80,en,"Comedy, Romance"
25-02-1998,Kite,14.27,74.00,6.80,ja,"Animation, Crime, Action, Thriller"
05-09-2005,Kiss Kiss Bang Bang,14.27,2120.00,7.20,en,"Comedy, Crime, Mystery, Thriller"
07-06-1991,Don't Tell Mom the Babysitter's Dead,14.27,316.00,6.10,en,"Comedy, Family"
10-10-1984,Nineteen Eighty-Four,14.27,1060.00,6.90,en,"Drama, Science Fiction, Thriller"
01-01-1973,She Devils of the SS,14.27,21.00,3.90,de,"Drama, War"
31-01-2012,When the Lights Went Out,14.27,91.00,5.70,en,"Thriller, Drama, Horror"
24-11-2004,36th Precinct,14.27,417.00,6.80,fr,"Crime, Drama, Thriller"
21-09-2021,Night of the Animated Dead,14.27,78.00,6.40,en,"Animation, Horror"
14-02-2014,Cuban Fury,14.27,256.00,6.00,en,Comedy
12-02-2005,North Country,14.27,465.00,7.20,en,Drama
22-09-2010,Terror Trap,14.27,45.00,5.00,en,"Horror, Thriller"
12-09-1989,Johnny Handsome,14.27,184.00,6.20,en,"Crime, Drama"
11-10-2013,Grand Piano,14.26,412.00,6.00,en,"Thriller, Mystery"
06-08-2008,Dorothy Mills,14.26,190.00,6.10,en,"Drama, Thriller, Mystery, Horror"
12-11-1946,Song of the South,14.26,207.00,6.50,en,"Family, Music"
03-09-2007,Disney Princess Enchanted Tales: Follow Your Dreams,14.26,82.00,6.50,en,"Animation, Family, Fantasy"
14-09-1991,Roujin Z,14.26,66.00,6.40,ja,"Animation, Drama, Science Fiction"
11-05-2013,Age of Dinosaurs,14.26,69.00,4.10,en,"Action, Science Fiction"
27-05-1993,Raped by an Angel,14.26,13.00,4.70,cn,"Thriller, Crime"
16-08-1978,Force 10 From Navarone,14.26,214.00,6.30,en,"Drama, Adventure, War"
01-12-2017,Fullmetal Alchemist,14.25,423.00,5.30,ja,"Action, Fantasy, Science Fiction"
19-11-2016,Tom and Jerry: Back to Oz,14.25,35.00,5.60,en,"Family, Animation, Fantasy, Comedy"
05-07-2016,Joseph and Mary,14.25,6.00,5.00,en,Drama
09-07-1999,Candyman: Day of the Dead,14.25,156.00,4.70,en,"Horror, Thriller"
21-11-1964,Onibaba,14.25,255.00,7.80,ja,"Horror, Drama"
08-03-1986,Fist of the North Star,14.25,104.00,7.00,ja,"Action, Animation, Drama, Science Fiction, Thriller"
29-01-1958,Elevator to the Gallows,14.25,403.00,7.60,fr,"Crime, Drama, Thriller"
10-05-2019,Sweet Family,14.25,100.00,7.70,es,Comedy
08-03-1995,Victim of Desire,14.25,7.00,4.40,en,"Crime, Drama, Thriller"
27-04-2007,The Invisible,14.25,426.00,6.30,en,"Fantasy, Thriller"
22-06-2018,Calibre,14.25,491.00,6.50,en,"Horror, Thriller"
03-11-1995,Total Eclipse,14.25,402.00,6.50,en,"Romance, Drama"
14-06-1985,D.A.R.Y.L.,14.25,221.00,6.30,en,"Family, Science Fiction"
04-07-2018,Super Crazy,14.24,147.00,6.50,es,Comedy
29-03-2002,Sympathy for Mr. Vengeance,14.24,1003.00,7.50,ko,"Action, Drama, Thriller"
23-08-2012,The Apparition,14.24,341.00,4.40,en,"Horror, Thriller"
23-01-2004,If Only,14.24,441.00,6.90,en,"Fantasy, Drama, Romance"
25-09-1998,Urban Legend,14.24,983.00,5.70,en,"Horror, Thriller"
08-01-1978,Revenge of the Pink Panther,14.24,306.00,6.60,en,"Action, Comedy, Crime, Thriller"
18-11-1994,Star Trek: Generations,14.24,1001.00,6.50,en,"Science Fiction, Action, Adventure, Thriller"
13-09-1949,Late Spring,14.24,267.00,8.10,ja,Drama
07-12-2016,Salt and Fire,14.23,63.00,4.80,en,"Drama, Thriller"
10-09-2016,Tramps,14.23,182.00,6.10,en,"Comedy, Romance"
14-02-2016,Urge,14.23,188.00,4.30,en,"Thriller, Mystery"
19-06-1981,The Cannonball Run,14.23,457.00,6.10,en,"Action, Comedy"
01-12-2012,Inazuma Eleven Go vs. Danball Senki W,14.23,4.00,6.50,ja,"Action, Adventure, Animation, Science Fiction"
21-04-1995,The Cure,14.23,235.00,7.90,en,"Drama, Family"
20-11-2014,Rise of the Legend,14.23,125.00,6.20,zh,"Action, Drama"
27-11-2013,The Immigrant,14.22,669.00,6.30,en,"Drama, Romance"
02-11-2018,The Marine 6: Close Quarters,14.22,123.00,6.90,en,Action
04-02-2022,Moon Crash,14.22,2.00,3.50,en,Science Fiction
09-09-2013,Miss Violence,14.22,324.00,7.10,el,Drama
01-12-2016,Incarnate,14.22,460.00,5.40,en,"Horror, Thriller"
01-01-1962,Sanjuro,14.22,408.00,8.00,ja,"Drama, Action, Comedy"
01-08-1997,Air Bud,14.22,359.00,5.50,en,"Comedy, Family"
04-06-2021,Breaking Boundaries: The Science of Our Planet,14.22,34.00,7.50,en,Documentary
08-10-2021,"My Brother, My Sister",14.22,77.00,6.60,it,Drama
13-08-2013,Open Grave,14.22,571.00,6.00,en,"Horror, Thriller, Mystery"
23-02-2012,Gone,14.22,961.00,6.20,en,Thriller
13-05-2005,Kicking & Screaming,14.22,495.00,5.80,en,"Family, Comedy"
12-08-2016,Born in China,14.22,136.00,7.30,zh,Documentary
07-12-2010,Donkey's Christmas Shrektacular,14.22,128.00,5.70,en,"Fantasy, Animation, Drama, Comedy, Science Fiction, Family"
17-09-1973,Ivan Vasilyevich Changes His Profession,14.22,244.00,8.00,ru,"Comedy, Science Fiction"
19-07-1968,Inspector Clouseau,14.21,49.00,5.30,en,"Comedy, Crime"
18-12-1976,The Cassandra Crossing,14.21,143.00,6.20,en,"Action, Thriller"
16-08-1982,The Beastmaster,14.21,285.00,6.40,en,"Fantasy, Adventure, Action"
24-11-1966,One Million Years B.C.,14.21,145.00,6.10,en,"Adventure, Fantasy"
02-10-2007,The Wailer 2,14.21,24.00,6.70,es,Horror
05-11-2010,Last Night,14.21,625.00,6.10,en,"Drama, Romance"
05-10-1990,Marked for Death,14.21,375.00,6.00,en,"Action, Crime"
28-01-2004,Anatomy of Hell,14.21,83.00,4.80,fr,Drama
18-12-1996,Marvin's Room,14.21,487.00,6.70,en,Drama
28-05-1983,"Merry Christmas, Mr. Lawrence",14.20,313.00,7.40,ja,"Drama, History, War"
22-09-2016,The Silence of the Sky,14.20,59.00,6.40,es,"Drama, Thriller"
17-06-1965,The Collector,14.20,140.00,7.40,en,"Drama, Thriller"
14-12-1979,1941,14.20,444.00,5.80,en,"Action, Comedy, War"
06-06-1956,The Killing,14.20,1094.00,7.70,en,"Crime, Drama, Thriller"
12-09-1997,The Land Before Time V: The Mysterious Island,14.20,265.00,6.10,en,"Animation, Family, Adventure"
22-11-2002,Friday After Next,14.20,305.00,6.20,en,Comedy
12-01-1983,Danton,14.20,120.00,6.80,fr,"Drama, History"
14-02-2020,Isi & Ossi,14.20,740.00,7.00,de,"Romance, Comedy"
21-06-1985,Return to Oz,14.20,628.00,6.60,en,"Adventure, Family, Fantasy"
04-12-2015,The Letters,14.19,22.00,5.80,en,Drama
15-03-1940,The Grapes of Wrath,14.19,700.00,7.90,en,Drama
29-09-2017,Haikyuu!! Movie 4: Battle of Concepts,14.19,13.00,8.30,ja,"Animation, Comedy, Drama"
26-09-2003,Duplex,14.19,1407.00,6.10,en,Comedy
07-11-2007,Om Shanti Om,14.19,243.00,7.00,hi,"Comedy, Drama, Romance"
12-02-2021,The Yin Yang Master,14.19,41.00,6.80,zh,"Action, Adventure, Drama, Fantasy, Romance"
22-04-2002,American Psycho II: All American Girl,14.19,273.00,4.50,en,"Horror, Thriller"
09-10-1952,Ikiru,14.19,760.00,8.40,ja,Drama
07-07-2011,The Guard,14.19,881.00,7.00,en,"Action, Comedy, Thriller, Crime"
17-04-2020,Persian Lessons,14.18,175.00,7.50,de,"War, Drama"
14-03-2018,Rolling to You,14.18,645.00,6.60,fr,"Comedy, Romance"
29-04-2006,Pokémon: The Mastermind of Mirage Pokémon,14.18,42.00,6.70,ja,"Animation, Action, Adventure"
14-02-2020,Buffaloed,14.18,162.00,6.90,en,"Comedy, Drama, Romance"
12-02-1998,Affliction,14.18,188.00,6.40,en,"Drama, Mystery, Thriller"
08-05-2017,Vixen: The Movie,14.18,87.00,7.00,en,"Action, Animation"
01-01-2004,Chasing Liberty,14.18,516.00,6.20,en,"Comedy, Romance"
24-06-1965,Cat Ballou,14.18,177.00,6.50,en,"Comedy, Romance, Western"
31-12-2015,Baskin,14.17,215.00,5.80,tr,"Fantasy, Horror, Science Fiction"
19-05-1987,Anne of Green Gables: The Sequel,14.17,93.00,8.00,en,"Drama, Romance, Family"
09-02-2007,The Last Mimzy,14.17,375.00,6.30,en,"Drama, Science Fiction, Adventure"
16-05-2017,A Mermaid's Tale,14.17,37.00,5.40,en,Family
27-05-1948,Melody Time,14.17,202.00,6.20,en,"Music, Family, Animation, Comedy"
30-03-2001,Someone Like You...,14.17,297.00,5.90,en,"Comedy, Romance"
09-03-1962,Knife in the Water,14.17,283.00,7.20,pl,Drama
17-06-1969,The Wild Bunch,14.17,859.00,7.70,en,"Adventure, Western"
19-05-2017,Wakefield,14.17,325.00,6.10,en,Drama
17-08-1994,Raw Justice,14.17,21.00,4.50,en,"Thriller, Action"
12-02-1993,Untamed Heart,14.17,161.00,6.80,en,"Comedy, Drama, Romance"
22-11-2002,The Emperor's Club,14.17,295.00,7.00,en,"Drama, Romance"
11-08-2006,Pulse,14.17,393.00,5.00,en,"Horror, Thriller"
28-09-2001,Don't Say a Word,14.17,703.00,6.20,en,Thriller
02-02-2012,Nameless Gangster,14.16,117.00,6.90,ko,"Crime, Thriller"
28-12-2020,Meteor Moon,14.16,9.00,2.60,en,"Adventure, Science Fiction"
27-07-2007,Butterfly on a Wheel,14.16,395.00,6.40,en,"Crime, Drama, Thriller"
26-02-2010,Cop Out,14.16,1213.00,5.60,en,"Action, Comedy, Crime"
13-07-2008,Picture This,14.16,256.00,5.70,en,Comedy
11-05-2020,Have a Good Trip: Adventures in Psychedelics,14.16,122.00,6.80,en,Documentary
09-09-2011,Wuthering Heights,14.16,182.00,5.90,en,"Drama, Romance"
14-09-2001,The Glass House,14.16,750.00,5.90,en,"Drama, Thriller"
07-06-2005,Chucky's Vacation Slides,14.16,7.00,6.30,en,"Comedy, Horror"
04-12-2015,A Very Murray Christmas,14.16,338.00,5.30,en,"Comedy, Music"
07-11-2008,The Burning Plain,14.16,330.00,6.50,en,"Drama, Romance, Crime"
16-08-2005,Supercross,14.15,107.00,6.20,en,"Action, Adventure, Drama, Romance"
04-06-1982,Star Trek II: The Wrath of Khan,14.15,1466.00,7.50,en,"Action, Adventure, Science Fiction, Thriller"
07-03-2001,Fat Girl,14.15,144.00,6.20,fr,Drama
23-03-1940,Rebecca,14.15,1255.00,7.90,en,"Mystery, Drama, Thriller, Romance"
10-11-2019,"Turu, the Wacky Hen",14.15,85.00,7.30,es,"Family, Animation, Music, Adventure"
05-05-2017,The Dinner,14.15,236.00,4.40,en,"Drama, Thriller, Mystery"
05-02-1998,Blues Brothers 2000,14.15,511.00,5.40,en,"Music, Action, Comedy, Crime"
28-04-2011,The Lost Bladesman,14.15,79.00,6.30,zh,"History, Drama, Action, War"
18-08-2019,Ted Bundy: Mind of a Monster,14.15,35.00,7.60,en,"Crime, Documentary"
20-07-2018,Blindspotting,14.15,500.00,7.40,en,"Comedy, Drama"
04-10-2005,Bratz: Rock Angelz,14.15,37.00,6.10,en,"Animation, Family"
17-08-1990,Bullet in the Head,14.15,179.00,7.60,cn,"Thriller, Crime, Drama, Action, War"
25-08-2016,You're Killing Me Susana,14.14,87.00,6.50,es,"Romance, Drama, Comedy"
01-03-1996,Bloodsport II,14.14,85.00,5.50,en,"Action, Thriller"
20-02-2019,Paradise Beach,14.14,130.00,5.20,fr,Action
22-09-1978,Paradise Alley,14.14,93.00,5.90,en,"Action, Drama"
14-10-1978,Watership Down,14.14,466.00,7.20,en,"Adventure, Animation, Drama"
28-08-2014,Felony,14.14,138.00,5.70,en,"Mystery, Thriller, Crime"
24-10-1986,Sid and Nancy,14.14,368.00,6.80,en,"Drama, Romance"
14-04-2017,Altitude,14.14,95.00,4.80,en,"Action, Thriller"
13-07-2006,"You, Me and Dupree",14.14,1106.00,5.60,en,"Comedy, Romance"
17-02-2008,Knight Rider,14.14,37.00,6.50,en,"Science Fiction, TV Movie"
04-03-1983,Fearless Hyena 2,14.14,54.00,5.90,cn,Action
04-08-2006,Everyone's Hero,14.14,220.00,5.90,en,"Adventure, Animation, Comedy, Family"
28-09-2017,Mark Felt: The Man Who Brought Down the White House,14.13,406.00,6.10,en,"Drama, History, Thriller"
21-02-2019,The Golden Glove,14.13,301.00,7.00,de,"Drama, Thriller, Crime, Horror"
30-06-1992,Boomerang,14.13,441.00,5.60,en,"Comedy, Romance"
08-03-1996,Hellraiser: Bloodline,14.13,363.00,5.30,en,"Horror, Science Fiction"
02-12-2021,The Survivalist,14.13,10.00,4.60,en,"Thriller, Mystery, Action"
03-09-2004,Paparazzi,14.13,142.00,5.40,en,"Action, Drama, Thriller"
18-07-1991,Fight Back to School,14.13,68.00,6.60,cn,"Action, Comedy"
05-01-2007,Code Name: The Cleaner,14.13,188.00,5.20,en,"Action, Comedy, Crime"
29-04-2020,A Secret Love,14.13,95.00,7.40,en,Documentary
07-08-2020,An American Pickle,14.12,290.00,5.80,en,"Comedy, Drama"
11-03-1977,Airport '77,14.12,205.00,5.50,en,"Action, Adventure, Drama, Thriller"
03-08-2018,Like Father,14.12,550.00,6.30,en,"Comedy, Drama"
30-03-2015,The Ark,14.12,9.00,6.30,en,"Drama, TV Movie"
10-08-2012,Freelancers,14.12,164.00,5.10,en,"Mystery, Drama, Action, Crime"
21-12-2011,Albert Nobbs,14.12,373.00,6.30,en,Drama
10-03-2022,Who Said Detox?,14.12,0.00,0.00,es,"Comedy, Drama, Family"
16-10-2020,The Old Ways,14.12,224.00,7.30,en,"Horror, Fantasy"
27-01-2020,Horse Girl,14.12,416.00,5.60,en,Drama
02-05-2019,Vita & Virginia,14.12,133.00,6.90,en,"Drama, Romance"
04-10-1969,The Undefeated,14.12,79.00,6.20,en,Western
19-04-2006,"OSS 117: Cairo, Nest of Spies",14.12,1331.00,7.30,fr,"Crime, Action, Adventure, Comedy"
05-09-1997,Fire Down Below,14.12,270.00,5.60,en,"Action, Thriller"
18-10-2019,#AnneFrank. Parallel Stories,14.12,35.00,7.00,en,"Documentary, Drama, History"
14-01-2020,Angels Fallen,14.12,49.00,5.70,en,"Horror, Fantasy, Science Fiction"
12-12-2006,We Are Marshall,14.11,522.00,6.90,en,"Drama, History"
28-08-2020,Unknown Origins,14.11,316.00,6.20,es,"Drama, Thriller"
17-03-2016,Get a Job,14.11,520.00,5.30,en,Comedy
09-09-2006,A Good Year,14.11,1191.00,6.70,en,"Comedy, Drama, Romance"
27-12-1991,Naked Lunch,14.11,749.00,7.00,en,"Crime, Drama"
01-03-1973,Charlotte's Web,14.11,290.00,6.70,en,"Family, Music, Animation, Drama, Comedy"
02-03-2001,See Spot Run,14.11,168.00,5.80,en,"Family, Comedy, Action, Crime"
01-06-1965,Repulsion,14.11,730.00,7.50,en,"Drama, Thriller, Horror"
09-08-2017,Midnight Runners,14.10,141.00,7.50,ko,"Comedy, Action, Mystery"
09-02-2003,Good Bye Lenin!,14.10,1893.00,7.60,de,"Comedy, Drama"
21-07-2020,Double World,14.10,163.00,6.70,zh,"Action, Adventure, Fantasy"
14-04-2010,Cemetery Junction,14.10,192.00,6.50,en,"Drama, Comedy"
23-04-1986,Jumpin' Jack Flash,14.10,259.00,6.10,en,"Romance, Comedy, Thriller"
07-03-1986,Matador,14.10,159.00,6.60,es,"Drama, Thriller"
18-11-1983,Yentl,14.10,161.00,6.50,en,"Music, Drama, Romance"
06-04-2018,Champions,14.10,586.00,7.60,es,"Drama, Comedy"
04-05-2016,The Crew,14.10,274.00,6.20,fr,"Drama, Crime, Thriller"
16-09-2011,Samsara,14.10,456.00,8.20,en,Documentary
25-08-1994,Quiz Show,14.10,685.00,7.30,en,"Drama, History"
12-03-1999,Forces of Nature,14.10,426.00,5.40,en,"Romance, Comedy"
12-04-2019,Stockholm,14.10,280.00,5.90,en,"Crime, Comedy"
22-11-1935,Mutiny on the Bounty,14.10,224.00,7.40,en,"Adventure, Drama, History"
01-09-1963,The Executioner,14.10,106.00,7.60,es,"Comedy, Drama"
04-06-2015,Madame Bovary,14.10,354.00,5.70,en,Drama
22-07-2003,Seabiscuit,14.09,642.00,7.00,en,"Drama, History"
12-03-1997,The Devil's Own,14.09,912.00,6.10,en,"Crime, Thriller, Drama"
27-03-1987,Blind Date,14.09,353.00,6.00,en,"Comedy, Romance"
25-11-2016,The Queen of Spain,14.09,71.00,5.20,es,"Comedy, Drama"
08-04-1993,Joshua Tree,14.09,110.00,6.00,en,Action
15-05-2019,Cold Blood,14.09,294.00,5.30,fr,"Thriller, Action"
27-03-2020,Resistance,14.09,280.00,7.00,en,"War, History, Drama"
20-12-2003,Christmas Vacation 2: Cousin Eddie's Island Adventure,14.09,67.00,4.20,en,Comedy
30-10-2020,The Perilous Internet Ring,14.09,33.00,6.90,zh,"Horror, Thriller"
23-08-2017,BPM (Beats per Minute),14.09,1156.00,7.80,fr,Drama
17-12-2002,The Land Before Time IX: Journey to Big Water,14.08,167.00,6.20,en,"Animation, Adventure, Family"
05-09-2009,Up in the Air,14.08,2954.00,6.80,en,"Drama, Romance"
25-06-2016,Five Nights at Freddy's: The Fan Film,14.08,0.00,0.00,en,"Action, Horror, Mystery"
23-01-2016,Unleashing Mr. Darcy,14.08,73.00,5.60,en,"Romance, TV Movie, Comedy"
07-05-1993,Dave,14.08,564.00,6.60,en,Comedy
14-10-1973,Mean Streets,14.08,1616.00,7.10,en,"Drama, Crime"
25-05-2016,Elle,14.07,1498.00,6.60,fr,"Drama, Thriller"
20-07-1984,Revenge of the Nerds,14.07,532.00,6.50,en,Comedy
07-12-2017,Psych: The Movie,14.07,161.00,7.50,en,"Comedy, Crime, Mystery, TV Movie"
16-09-1992,Bad Lieutenant,14.07,626.00,7.10,en,"Crime, Drama"
22-08-2001,Jay and Silent Bob Strike Back,14.07,1186.00,6.40,en,Comedy
21-12-2001,Joe Somebody,14.07,144.00,5.80,en,"Comedy, Romance, Family, Drama"
25-06-1969,The Bridge at Remagen,14.07,104.00,6.60,en,"History, War, Action"
28-07-2021,Escape from Mogadishu,14.07,40.00,7.20,ko,"War, Drama, Action"
29-06-2018,Patrick,14.07,187.00,6.70,en,"Family, Comedy"
13-08-1993,Heart and Souls,14.07,304.00,7.00,en,"Fantasy, Comedy, Romance"
09-10-2007,We Own the Night,14.07,1025.00,6.70,en,"Drama, Crime, Thriller"
03-10-2019,Hope Gap,14.06,78.00,6.20,en,"Drama, Romance"
27-07-2016,Planet of the Sharks,14.06,52.00,4.00,en,"Action, Horror, Science Fiction"
09-09-2011,Bucky Larson: Born to Be a Star,14.06,136.00,4.50,en,Comedy
20-07-2006,Lady in the Water,14.06,1062.00,5.50,en,"Drama, Fantasy, Mystery"
15-10-2021,The Beta Test,14.06,75.00,6.40,en,"Thriller, Horror, Comedy"
18-06-1993,Once Upon a Forest,14.06,99.00,6.70,en,"Animation, Family, Adventure"
12-03-2017,The Disaster Artist,14.06,3011.00,7.10,en,"Comedy, Drama"
27-08-2019,The Legend of Hei,14.06,109.00,8.60,zh,"Animation, Fantasy, Action"
28-05-2020,Arthur & Merlin: Knights of Camelot,14.06,112.00,5.40,en,"Adventure, History, Action"
23-09-2020,The Swordsman,14.06,144.00,7.70,ko,"Action, Drama, History"
17-09-2003,Love Me If You Dare,14.06,1539.00,7.30,fr,"Drama, Comedy, Romance"
01-01-1993,American Ninja 5,14.05,89.00,4.60,en,"Action, Thriller"
14-02-1980,Oscenità,14.05,8.00,6.80,it,Drama
13-07-1966,Torn Curtain,14.05,418.00,6.60,en,"Drama, Thriller, Romance"
06-02-2020,Dreambuilders,14.05,127.00,7.50,da,"Animation, Adventure, Family"
21-03-2014,Rob the Mob,14.05,185.00,6.10,en,"Crime, Drama"
10-03-2011,Lotoman,14.05,14.00,7.00,es,"Family, Comedy"
20-06-1974,Arabian Nights,14.05,130.00,6.70,it,"Drama, Fantasy, Adventure, Comedy"
21-12-1988,Dangerous Liaisons,14.05,872.00,7.30,en,"Drama, Romance"
04-12-1994,Sailor Moon S the Movie: Hearts in Ice,14.05,75.00,7.50,ja,"Animation, Fantasy, Action, Romance, Comedy"
30-10-1968,The Lion in Winter,14.05,241.00,7.40,en,"Drama, History"
12-11-2004,Toolbox Murders,14.05,129.00,5.70,en,"Mystery, Horror, Thriller"
08-12-1989,She-Devil,14.05,295.00,5.90,en,Comedy
21-09-1984,The Company of Wolves,14.04,216.00,6.40,en,"Horror, Fantasy"
30-04-2009,Thirst,14.04,598.00,7.10,ko,"Drama, Horror, Thriller"
12-03-1999,The Deep End of the Ocean,14.04,238.00,6.40,en,"Drama, Mystery"
14-04-2010,You Don't Know Jack,14.04,300.00,7.10,en,"Drama, TV Movie"
15-06-2012,Let It Shine,14.04,248.00,7.00,en,"Family, Music, TV Movie"
19-01-2009,Five Minutes of Heaven,14.04,146.00,6.20,en,"Crime, Drama, Thriller"
22-11-1985,King Solomon's Mines,14.04,300.00,5.50,en,"Action, Adventure, Comedy"
21-09-2018,Life Itself,14.03,389.00,7.20,en,"Drama, Romance"
12-04-1962,Cape Fear,14.03,416.00,7.50,en,"Drama, Thriller"
14-10-2015,The New Adventures of Aladdin,14.03,766.00,4.70,fr,"Comedy, Adventure"
21-09-2005,Prime,14.03,674.00,5.90,en,"Comedy, Drama, Romance"
16-02-1952,The Greatest Show on Earth,14.03,168.00,6.40,en,"Drama, Family, Romance"
24-04-2004,Casshern,14.03,193.00,5.90,ja,"Drama, Horror, Science Fiction"
21-01-2020,"Patricia, A Hidden Passion",14.03,20.00,5.70,es,"Drama, Comedy"
12-02-1954,The Far Country,14.03,104.00,6.90,en,Western
04-12-2001,The Land Before Time VIII: The Big Freeze,14.03,185.00,6.00,en,"Animation, Adventure, Family"
15-02-1980,Saturn 3,14.03,140.00,5.30,en,"Science Fiction, Thriller"
31-10-2000,Casper's Haunted Christmas,14.03,157.00,5.40,en,"Animation, Family, Fantasy"
06-08-2009,Julie & Julia,14.03,1718.00,6.70,en,"Romance, Drama"
30-10-1997,Red Corner,14.03,262.00,6.20,en,"Crime, Drama, Thriller"
14-12-2017,Steel Rain,14.03,120.00,7.30,ko,"Action, Thriller"
11-10-2002,White Oleander,14.03,291.00,7.10,en,Drama
14-05-1998,The Horse Whisperer,14.02,918.00,6.90,en,"Drama, Romance"
15-07-2021,Monster,14.02,43.00,6.50,en,"Drama, Crime"
07-07-1960,The Brides of Dracula,14.02,147.00,6.90,en,Horror
13-10-1979,The Black Stallion,14.02,223.00,7.10,en,"Family, Adventure"
22-05-1992,Far and Away,14.02,954.00,6.70,en,"Adventure, Drama, Romance, Western"
08-04-2016,Julieta,14.02,710.00,7.00,es,"Drama, Romance"
01-09-2016,Akira,14.02,30.00,6.00,hi,"Action, Crime, Thriller"
24-05-2023,The Little Mermaid,14.02,0.00,0.00,en,"Adventure, Family, Fantasy, Romance"
25-01-2017,The Climb,14.02,718.00,6.80,fr,"Comedy, Romance, Adventure"
06-05-1932,Vampyr,14.02,344.00,7.50,de,"Horror, Fantasy"
09-06-2017,Shimmer Lake,14.01,322.00,5.90,en,"Thriller, Crime, Drama, Mystery"
27-11-2007,The Land Before Time XIII: The Wisdom of Friends,14.01,135.00,6.20,en,"Animation, Family"
22-11-1967,The Producers,14.01,542.00,7.20,en,Comedy
26-05-1971,Big Jake,14.01,157.00,6.90,en,Western
13-03-2015,Home Sweet Hell,14.01,374.00,5.40,en,"Drama, Comedy"
16-02-1989,Major League,14.01,585.00,6.90,en,Comedy
24-09-1964,The Train,14.01,222.00,7.50,en,"Thriller, War, Action"
02-11-1990,Jacob's Ladder,14.01,1165.00,7.40,en,"Drama, Mystery, Horror"
11-03-2022,The Kashmir Files,14.01,0.00,0.00,hi,"Thriller, History"
20-10-2017,Where's the Money,14.01,88.00,5.80,en,Comedy
10-05-2016,Message from the King,14.01,362.00,6.30,en,Thriller
12-03-1988,Mobile Suit Gundam: Char's Counterattack,14.01,37.00,6.80,ja,"Animation, Action, Science Fiction"
17-09-2009,The Informant!,14.01,688.00,6.10,en,"Drama, Comedy, Crime"
16-03-1972,Roma,14.01,219.00,7.30,it,"Comedy, Drama"
03-04-2020,Coffee & Kareem,14.01,303.00,5.60,en,"Comedy, Action, Crime"
25-02-2013,Company of Heroes,14.01,95.00,5.40,en,"War, Drama"
01-11-1987,Deathstalker II,14.00,80.00,5.80,en,"Action, Adventure, Comedy, Fantasy"
15-10-2005,Return of the Living Dead: Necropolis,14.00,157.00,5.30,en,"Horror, Comedy"
30-06-2021,Zola,14.00,91.00,6.20,en,"Comedy, Crime"
27-07-2012,The Philadelphia Experiment,14.00,102.00,4.80,en,"Adventure, Science Fiction, Thriller, Mystery"
01-08-1986,Howard the Duck,14.00,762.00,5.40,en,"Comedy, Fantasy, Science Fiction"
27-08-2015,The Assassin,14.00,378.00,6.40,zh,"Action, Drama, History"
29-04-1983,The Ballad of Narayama,14.00,113.00,7.40,ja,Drama
19-05-1960,Pollyanna,14.00,141.00,7.10,en,"Family, Adventure, Drama"
18-08-2004,The Story of Star Wars,14.00,19.00,6.80,en,Documentary
29-04-2016,Terra Formars,14.00,117.00,5.70,ja,"Action, Horror, Science Fiction"
18-09-2015,Haikyuu!! Movie 2: Winners and Losers,14.00,16.00,8.20,ja,"Animation, Comedy"
18-07-2014,I Origins,14.00,2706.00,7.60,en,"Science Fiction, Drama"
23-07-1982,Zapped!,14.00,90.00,5.20,en,Comedy
13-09-2005,Pooh's Heffalump Halloween Movie,14.00,59.00,6.80,en,"Animation, Family"
31-01-1979,The Gendarme and the Creatures from Outer Space,14.00,480.00,6.10,fr,"Comedy, Science Fiction"
10-12-1993,Geronimo: An American Legend,13.99,179.00,6.30,en,"Western, History"
16-02-2007,Hallam Foe,13.99,123.00,6.50,en,"Drama, Comedy, Thriller"
28-04-2008,The Objective,13.99,102.00,5.50,en,"Action, Horror, Science Fiction, Thriller"
29-03-2018,The Children Act,13.99,514.00,6.50,en,Drama
12-01-1996,Eye for an Eye,13.99,252.00,6.10,en,"Thriller, Crime"
15-06-1994,Fresh,13.98,146.00,7.20,en,"Crime, Drama, Thriller"
29-11-1994,Highlander III: The Sorcerer,13.98,353.00,4.70,en,"Fantasy, Action"
17-05-2010,Outrage,13.98,310.00,6.90,ja,"Action, Crime, Drama"
28-10-2014,Grace,13.98,162.00,5.00,en,"Thriller, Horror"
11-03-2022,I Love America,13.98,0.00,0.00,fr,"Comedy, Romance"
30-06-2008,Futurama: The Beast with a Billion Backs,13.98,397.00,7.00,en,"Animation, Comedy, Science Fiction, TV Movie"
01-01-1973,Seduction,13.98,7.00,5.90,it,Drama
21-04-2006,Stick It,13.98,461.00,6.80,en,"Comedy, Drama"
14-05-2009,Castaway on the Moon,13.98,499.00,8.00,ko,"Drama, Comedy, Romance"
19-09-2008,The Forbidden Legend: Sex & Chopsticks,13.97,21.00,5.60,cn,"Comedy, Drama, Romance"
17-05-1991,What About Bob?,13.97,637.00,6.80,en,Comedy
05-12-1963,Charade,13.97,1000.00,7.70,en,"Comedy, Mystery, Romance, Thriller"
11-03-1948,Rope,13.97,2000.00,8.00,en,"Crime, Drama, Thriller"
17-09-2021,The Right Mom,13.97,3.00,4.70,en,Drama
22-06-1954,On the Waterfront,13.97,1155.00,8.00,en,"Crime, Drama"
13-12-2000,Brother,13.97,295.00,7.10,en,"Crime, Drama, Thriller"
08-02-2019,The Man Who Killed Hitler and Then the Bigfoot,13.97,309.00,5.40,en,"Drama, Adventure, Fantasy"
25-10-2017,See You Up There,13.97,1030.00,7.90,fr,"Drama, Crime, War"
26-07-1985,Godzilla 1985,13.97,125.00,6.70,ja,"Action, Science Fiction, Thriller"
13-07-2003,Shortcut to Happiness,13.97,120.00,5.70,en,"Fantasy, Drama, Comedy, Science Fiction"
08-08-2018,The Spy Gone North,13.97,122.00,7.40,ko,"Drama, History, Thriller"
10-10-2010,Altitude,13.96,180.00,4.80,en,"Horror, Action, Thriller, Science Fiction"
12-10-2017,The Stronghold,13.96,171.00,7.30,uk,"Action, Adventure, Comedy, Family, Fantasy, History"
18-03-2010,The Drawn Together Movie: The Movie!,13.96,136.00,6.30,en,"Animation, Comedy"
09-06-1988,As Tears Go By,13.96,188.00,7.00,cn,"Drama, Crime, Romance"
30-09-2010,The Debt,13.96,668.00,6.50,en,"Drama, Thriller"
21-03-1981,Game of Death II,13.96,123.00,5.50,cn,"Drama, Action"
26-02-2021,Billie Eilish: The World's a Little Blurry,13.96,222.00,8.60,en,"Documentary, Music"
06-09-2019,"Live Twice, Love Once",13.96,277.00,7.50,es,"Comedy, Drama"
21-01-1976,The Smurfs and the Magic Flute,13.96,67.00,6.50,fr,"Animation, Adventure, Family, Comedy, Fantasy"
23-06-2018,Malicious,13.95,128.00,5.80,en,"Thriller, Horror"
10-04-1995,A Close Shave,13.95,585.00,7.50,en,"Family, Animation, Comedy"
10-09-2006,Copying Beethoven,13.95,131.00,6.40,en,Drama
07-10-2016,The Swap,13.95,154.00,6.90,en,"Comedy, TV Movie"
01-10-2007,I'm Not There,13.95,536.00,6.60,en,"Drama, Music"
21-12-2007,Like Stars on Earth,13.95,800.00,8.00,hi,Drama
10-08-1990,Air America,13.94,440.00,5.80,en,"Action, Adventure, Comedy, Drama"
18-03-2021,Looks That Kill,13.94,98.00,7.30,en,"Comedy, Romance, Drama"
03-04-2019,San Andreas Mega Quake,13.94,18.00,5.30,en,"Science Fiction, Action, Thriller"
20-10-2006,Flicka,13.94,236.00,6.90,en,"Family, Drama"
26-08-2020,Rising Phoenix,13.94,79.00,8.20,en,Documentary
02-11-1996,Comrades: Almost a Love Story,13.94,73.00,7.40,cn,"Drama, Romance"
31-01-2003,The Recruit,13.94,1366.00,6.30,en,"Action, Thriller"
21-03-2018,The Rider,13.93,359.00,7.30,en,"Western, Drama"
21-08-1998,Dance with Me,13.93,148.00,6.80,en,"Drama, Music, Romance"
11-12-2010,Norwegian Wood,13.93,146.00,6.40,ja,"Drama, Romance"
30-08-2014,Barbie and the Secret Door,13.93,304.00,7.20,en,"Animation, Family"
17-12-1968,Chitty Chitty Bang Bang,13.93,485.00,6.80,en,"Family, Music, Adventure, Fantasy, Comedy"
30-05-1995,Embrace of the Vampire,13.93,85.00,5.00,en,"Horror, Fantasy"
17-07-1956,High Society,13.93,160.00,7.00,en,"Comedy, Music, Romance"
18-11-2020,The Fresh Prince of Bel-Air Reunion,13.93,117.00,8.60,en,Documentary
07-10-2016,Hounds of Love,13.93,265.00,6.10,en,"Crime, Drama, Horror"
21-12-2010,Mega Shark vs. Crocosaurus,13.92,135.00,3.90,en,"Action, Horror, Science Fiction"
16-04-2021,Detective Conan: The Scarlet Bullet,13.92,27.00,6.80,ja,"Animation, Action, Crime, Mystery, Romance, Thriller"
21-10-2016,Hulk: Where Monsters Dwell,13.92,58.00,7.00,en,"Action, Animation, Fantasy, Science Fiction"
22-10-2005,BloodRayne,13.92,389.00,4.20,en,"Action, Adventure, Fantasy, Horror"
07-08-2011,Teen Spirit,13.92,258.00,6.00,en,"Drama, Fantasy, Comedy, TV Movie"
07-12-1999,K-911,13.92,181.00,5.50,en,"Action, Comedy, Crime"
22-03-2012,Transit,13.92,169.00,5.70,en,"Action, Thriller, Crime"
06-03-2022,Untitled Digimon 02 Reboot Movie,13.92,1.00,2.00,ja,"Adventure, Animation, Fantasy"
20-11-1981,"The Looney, Looney, Looney Bugs Bunny Movie",13.92,107.00,7.10,en,"Animation, Comedy, Family"
15-05-1985,Mishima: A Life in Four Chapters,13.92,179.00,7.80,en,Drama
28-01-2019,Silhouette,13.92,9.00,5.30,en,"Horror, Drama, Thriller"
28-06-1951,The Lavender Hill Mob,13.91,168.00,7.20,en,"Comedy, Crime"
19-04-2014,Ask Me Anything,13.91,358.00,5.60,en,Drama
14-07-1969,Guns of the Magnificent Seven,13.91,51.00,5.00,en,Western
13-01-1995,Tales from the Crypt: Demon Knight,13.91,350.00,6.80,en,"Horror, Comedy, Thriller"
25-09-2019,Battle of Jangsari,13.91,53.00,6.80,ko,"Drama, History, War"
13-12-2019,After She Wakes,13.91,12.00,5.10,en,"Horror, Thriller"
10-09-1993,The Real McCoy,13.91,176.00,5.70,en,"Action, Crime, Drama, Thriller"
17-06-2010,Wild Target,13.91,540.00,6.40,en,"Action, Comedy"
23-10-2001,Wishmaster 3: Beyond the Gates of Hell,13.90,117.00,4.50,en,"Thriller, Horror"
25-03-2020,Crip Camp: A Disability Revolution,13.90,105.00,7.20,en,Documentary
09-11-2012,Cirque du Soleil: Worlds Away,13.90,139.00,7.00,en,"Fantasy, Family, Music, Drama"
23-01-2000,The Little Mermaid II: Return to the Sea,13.90,1399.00,6.40,en,"Animation, Adventure, Family, Comedy"
25-12-2012,The Tower,13.90,206.00,7.00,ko,"Action, Drama"
15-01-2021,The Lift,13.89,46.00,6.00,es,"Science Fiction, Romance, Comedy"
20-09-2017,Barbie: Dolphin Magic,13.89,178.00,6.90,en,"Animation, Adventure, Family, Fantasy"
30-06-2011,The Tuche Family,13.89,1093.00,6.00,fr,Comedy
10-12-1994,Godzilla vs. SpaceGodzilla,13.89,137.00,6.60,ja,"Action, Adventure, Science Fiction"
06-03-1999,Yu?Gi?Oh!,13.89,50.00,7.00,ja,"Adventure, Animation, Fantasy"
27-02-2020,Miss Fisher and the Crypt of Tears,13.89,69.00,5.80,en,"Drama, Adventure, Mystery"
31-01-2016,Grease Live,13.89,266.00,7.10,en,"TV Movie, Music"
12-09-2004,Empire of Dreams: The Story of the Star Wars Trilogy,13.89,138.00,7.70,en,Documentary
16-05-2017,American Wrestler: The Wizard,13.89,52.00,7.50,en,Drama
05-04-2002,The Way Home,13.89,113.00,7.80,ko,"Drama, Family"
03-03-2016,To Steal from a Thief,13.89,315.00,6.20,es,"Crime, Thriller"
18-01-2001,Super Troopers,13.88,823.00,6.60,en,"Comedy, Crime, Mystery"
05-03-1993,Swing Kids,13.88,177.00,6.70,en,"Music, Drama"
28-05-2009,Partly Cloudy,13.88,831.00,7.90,en,"Animation, Family, Comedy"
01-10-2013,Dead in Tombstone,13.88,142.00,5.00,en,"Western, Action, Fantasy, Horror, Drama"
12-08-1961,The Pit and the Pendulum,13.88,228.00,6.90,en,"Horror, Mystery, Thriller"
10-11-2009,Curious George: A Very Monkey Christmas,13.88,67.00,6.90,en,"Animation, Family, TV Movie"
20-10-2006,Catch and Release,13.88,452.00,5.90,en,"Comedy, Drama, Romance"
14-08-1958,The Defiant Ones,13.88,161.00,7.10,en,"Crime, Drama"
03-12-2014,The Connection,13.88,585.00,7.10,fr,"Action, Crime, Thriller"
18-11-1983,Sleepaway Camp,13.88,454.00,6.30,en,Horror
28-05-1963,Hud,13.88,204.00,7.30,en,"Western, Drama"
19-04-2009,The Courageous Heart of Irena Sendler,13.87,79.00,7.10,en,"Drama, War"
04-06-1993,Guilty as Sin,13.87,82.00,5.80,en,"Drama, Thriller, Mystery"
17-10-1986,The Color of Money,13.87,982.00,6.80,en,Drama
14-02-2007,La Vie en Rose,13.87,1298.00,7.50,fr,"Music, Drama"
04-01-2002,D-Tox,13.87,502.00,5.60,en,Thriller
26-09-2003,Dead End,13.87,373.00,6.40,en,"Mystery, Horror, Thriller"
01-03-2013,This Is Our Time,13.87,7.00,5.90,en,Drama
01-05-2018,Avengers Grimm: Time Wars,13.87,43.00,4.90,en,"Action, Adventure, Fantasy"
09-09-2016,Devil's Bride,13.87,50.00,5.90,fi,"Drama, History"
14-12-1970,Santa Claus Is Comin' to Town,13.86,160.00,7.10,en,"TV Movie, Animation, Family, Fantasy"
05-11-1999,The Bachelor,13.86,252.00,5.20,en,"Comedy, Romance"
09-12-2020,Rose Island,13.86,973.00,7.10,it,"Comedy, Adventure"
15-05-1982,The Rape,13.86,2.00,5.00,ja,Drama
22-04-2016,A Hologram for the King,13.86,928.00,5.80,en,"Comedy, Drama"
07-05-1956,The Searchers,13.86,1005.00,7.80,en,Western
09-09-2021,Blood Brothers: Malcolm X and Muhammad Ali,13.85,19.00,7.60,en,"Documentary, History"
17-11-2017,The Breadwinner,13.85,600.00,7.90,en,"War, Drama, Animation"
03-03-1965,The Gospel According to Matthew,13.85,231.00,7.40,it,"History, Drama"
10-06-1994,City Slickers II: The Legend of Curly's Gold,13.85,238.00,5.20,en,"Action, Comedy, Drama, Western"
21-09-2017,The Captain,13.85,302.00,7.10,de,"War, Drama, History"
01-07-1994,Blown Away,13.85,387.00,6.10,en,"Thriller, Action, Crime, Drama"
08-03-2018,The Resistance Banker,13.85,177.00,6.70,nl,"War, Drama"
15-09-2017,Haikyuu!! Movie 3: Genius and Sense,13.85,13.00,7.80,ja,"Animation, Comedy, Drama"
02-05-2006,Second in Command,13.85,122.00,5.80,en,Action
20-06-2019,Beanpole,13.85,239.00,7.20,ru,Drama
08-06-2015,Zombie Massacre 2: Reich of the Dead,13.85,16.00,4.60,en,"Horror, War"
01-05-1998,Les Misérables,13.85,469.00,7.20,en,"Crime, Drama, History, Romance"
28-04-2007,Rise: Blood Hunter,13.85,174.00,5.00,en,"Action, Adventure, Horror, Thriller"
13-07-1979,The Wanderers,13.85,134.00,7.10,en,Drama
04-10-1991,Ricochet,13.84,213.00,6.10,en,"Crime, Thriller, Action"
01-03-2018,A Wizard's Tale,13.84,48.00,5.90,en,"Comedy, Animation, Adventure, Family, Fantasy"
15-03-1967,Gamera vs. Gyaos,13.84,48.00,6.60,ja,"Action, Adventure, Horror, Science Fiction"
10-06-2020,The Red Ghost,13.84,34.00,6.60,ru,"War, Drama, History"
19-05-2020,Body Cam,13.83,237.00,6.30,en,"Horror, Thriller, Mystery"
27-05-1967,Samurai Rebellion,13.83,137.00,8.20,ja,"Drama, Action"
07-02-1980,Inferno,13.83,427.00,6.70,it,"Horror, Thriller"
02-08-2018,Destination Wedding,13.83,543.00,5.70,en,"Romance, Comedy, Drama"
28-10-2006,Hellboy Animated: Sword of Storms,13.83,87.00,6.20,en,"TV Movie, Fantasy, Animation, Action, Thriller, Science Fiction, Horror"
15-06-2018,Bao,13.82,889.00,7.60,en,"Animation, Family, Fantasy"
15-07-1994,Angels in the Outfield,13.82,338.00,5.90,en,"Comedy, Drama, Family, Fantasy"
26-01-2015,Curious George 3: Back to the Jungle,13.82,27.00,6.80,en,"Animation, Family, Adventure"
13-03-2015,The Fencer,13.82,55.00,7.00,et,"Drama, History"
17-02-2022,Eleven Silent Men,13.82,2.00,2.50,ru,Drama
11-07-2013,Sharknado,13.82,1293.00,3.90,en,"Fantasy, Horror, Action, Comedy, TV Movie, Science Fiction"
23-12-2018,Christmas Made to Order,13.82,161.00,6.20,en,"TV Movie, Romance"
23-09-2011,Dolphin Tale,13.82,534.00,6.90,en,"Drama, Family"
04-03-2005,Be Cool,13.82,712.00,5.40,en,"Comedy, Crime"
16-07-1943,Batman,13.82,28.00,6.60,en,"Action, Adventure, Crime, Science Fiction, Thriller, War"
13-05-2005,The Crow: Wicked Prayer,13.82,136.00,3.40,en,"Action, Horror, Thriller, Fantasy"
12-10-1957,The Cranes Are Flying,13.81,231.00,8.00,ru,"Drama, Romance, War"
20-08-2005,Noroi: The Curse,13.81,191.00,6.80,ja,"Horror, Mystery, Thriller"
09-10-2002,Bowling for Columbine,13.81,1213.00,7.60,en,Documentary
20-09-2019,Hello World,13.81,173.00,7.20,ja,"Science Fiction, Romance, Animation"
28-08-2020,I'm Thinking of Ending Things,13.81,1357.00,6.60,en,"Drama, Mystery"
16-12-1994,Immortal Beloved,13.81,255.00,7.10,en,"Drama, Music, Romance"
01-03-1963,High and Low,13.81,550.00,8.30,ja,"Crime, Drama, Mystery, Thriller"
29-09-2017,SPF-18,13.81,974.00,4.40,en,"Romance, Drama"
10-04-2008,Big Buck Bunny,13.81,153.00,6.50,en,"Animation, Comedy, Family"
18-09-2001,Vidocq,13.81,408.00,5.90,fr,"Fantasy, Action, Thriller, Crime, Science Fiction, Mystery"
14-08-1980,The Octagon,13.80,79.00,5.10,en,"Adventure, Action, Thriller"
23-03-1994,Above the Rim,13.80,142.00,6.90,en,Crime
05-07-1996,Phenomenon,13.80,865.00,6.30,en,"Drama, Fantasy, Romance, Science Fiction"
22-11-2019,3022,13.80,150.00,5.50,en,Science Fiction
01-08-1980,Raise the Titanic,13.80,59.00,5.50,en,Adventure
24-02-2017,While the Wolf's Away,13.80,81.00,7.60,es,"Mystery, Drama, Thriller"
12-12-1980,Stir Crazy,13.80,324.00,6.50,en,Comedy
21-12-2016,Dangal,13.80,667.00,8.00,hi,"Drama, Action"
24-01-2015,Ratter,13.80,265.00,5.10,en,"Drama, Horror, Thriller"
22-02-2000,Wonder Boys,13.80,456.00,6.90,en,"Comedy, Drama"
20-12-1971,Macbeth,13.80,204.00,7.10,en,"War, Drama"
10-02-2012,LOL,13.80,2416.00,6.10,en,"Drama, Comedy, Romance"
10-09-2021,Some Like It Rare,13.79,98.00,6.90,fr,"Comedy, Horror"
26-12-2019,Union of Salvation,13.79,22.00,6.90,ru,"Drama, History, Adventure"
02-08-1986,A Better Tomorrow,13.79,325.00,7.40,zh,"Action, Crime, Drama"
02-10-1992,Hero,13.79,344.00,6.40,en,"Drama, Comedy, Thriller, Mystery"
23-10-2006,No Time for Nuts,13.79,130.00,7.30,en,"Adventure, Animation, Family, TV Movie"
19-09-2018,The Negotiation,13.79,90.00,7.00,ko,"Crime, Action, Thriller"
05-08-2009,Garfield's Pet Force,13.79,77.00,5.70,en,"Animation, Comedy, Family"
08-03-2003,The Green Butchers,13.79,186.00,7.20,da,Comedy
25-10-1984,Body Double,13.79,513.00,6.70,en,"Crime, Mystery, Thriller"
23-04-1999,Lost & Found,13.78,71.00,5.20,en,"Comedy, Romance"
28-01-2004,RRRrrrr!!!,13.78,939.00,6.30,fr,Comedy
03-12-2011,K-ON! The Movie,13.78,52.00,7.90,ja,"Animation, Family, Adventure, Comedy, Music"
02-02-2012,Big Miracle,13.78,387.00,6.60,en,"Drama, Romance, Adventure"
25-11-1980,Little Lord Fauntleroy,13.78,209.00,7.40,en,"TV Movie, Family, Drama"
15-03-2013,Return to Nim's Island,13.78,461.00,6.40,en,"Family, Adventure"
20-12-1981,Taps,13.78,203.00,6.90,en,"War, Drama"
12-10-2011,The Artist,13.78,2651.00,7.40,en,"Drama, Comedy, Romance"
23-10-2020,The Call,13.78,83.00,5.40,en,"Horror, Thriller"
01-12-1998,The Land Before Time VI: The Secret of Saurus Rock,13.78,220.00,6.10,en,"Animation, Adventure, Family"
08-03-2008,Doraemon: Nobita and the Green Giant Legend,13.77,23.00,6.40,ja,"Adventure, Animation, Family"
30-01-2013,The Berlin File,13.77,147.00,6.70,ko,"Action, Thriller"
30-09-1991,The Man in the Moon,13.77,219.00,7.30,en,"Drama, Family, Romance"
22-06-1985,The Emerald Forest,13.77,178.00,6.70,en,"Action, Adventure, Drama"
24-06-2017,My Favorite Wedding,13.77,58.00,7.10,en,"Comedy, Romance, TV Movie"
18-12-1979,The Black Hole,13.77,322.00,5.80,en,"Adventure, Family, Science Fiction, Action"
26-08-1955,The Night of the Hunter,13.77,1150.00,7.90,en,"Crime, Drama, Thriller"
20-02-2005,Jesse Stone: Stone Cold,13.77,92.00,7.00,en,"Crime, Drama, Thriller, TV Movie"
25-12-1950,Born Yesterday,13.77,117.00,7.20,en,"Comedy, Romance, Drama"
10-11-1988,I'm Gonna Git You Sucka,13.76,134.00,6.30,en,"Comedy, Action, Crime"
21-11-1986,Firewalker,13.76,124.00,5.40,en,"Action, Adventure, Comedy"
06-01-2006,Running Scared,13.76,805.00,7.00,en,"Action, Crime, Drama, Thriller"
01-01-1984,Bruce Lee: The Legend,13.76,87.00,8.20,en,Documentary
09-03-2013,Hanasaku Iroha: Home Sweet Home,13.76,31.00,6.10,ja,"Animation, Drama, Comedy"
12-08-1927,Wings,13.76,182.00,7.20,en,"Drama, Action, War, Romance"
29-06-2001,Crazy/Beautiful,13.76,270.00,6.60,en,"Drama, Romance"
21-04-2018,Liz and the Blue Bird,13.76,59.00,7.10,ja,"Animation, Drama, Music"
22-12-1976,Voyage of the Damned,13.76,39.00,6.10,en,"Drama, War"
09-02-2007,Goal! II: Living the Dream,13.75,518.00,5.90,en,Drama
14-05-2005,Flower & Snake II,13.75,14.00,6.50,ja,"Drama, Thriller, Romance"
19-08-2021,Checkered Ninja 2,13.75,11.00,6.30,da,"Animation, Comedy"
18-10-2002,Auto Focus,13.75,136.00,6.40,en,"Crime, Drama"
16-01-1998,Hard Rain,13.75,536.00,5.80,en,"Thriller, Crime, Action"
27-06-2017,Alien Convergence,13.75,37.00,4.10,en,"Horror, Action, Science Fiction"
12-04-2015,Desierto,13.75,296.00,6.10,en,"Thriller, Drama"
24-04-2009,Obsessed,13.75,522.00,5.80,en,"Drama, Thriller"
25-10-2017,"Marry Me, Dude",13.75,827.00,6.30,fr,Comedy
02-02-2018,Scorched Earth,13.75,74.00,5.30,en,"Action, Science Fiction"
04-09-1985,Urusei Yatsura: Remember My Love,13.75,9.00,5.10,ja,"Science Fiction, Animation, Comedy, Fantasy, Romance"
08-08-1997,Conspiracy Theory,13.75,1113.00,6.60,en,"Action, Drama, Mystery, Thriller"
09-04-2020,Kung Fu Master Huo Yuanjia,13.75,1.00,10.00,zh,"Action, Drama"
28-09-2018,Under the Sea: A Descendants Story,13.75,67.00,7.70,en,"Music, TV Movie, Fantasy"
01-08-1991,Barton Fink,13.74,1271.00,7.50,en,"Comedy, Drama"
13-04-2007,Redline,13.74,119.00,5.00,en,"Action, Drama, Thriller"
10-04-2008,Prom Night,13.74,547.00,5.10,en,"Horror, Crime, Drama"
27-02-1987,Some Kind of Wonderful,13.74,354.00,6.80,en,"Drama, Romance"
18-06-1999,The General's Daughter,13.74,687.00,6.40,en,"Thriller, Mystery, Drama, Crime"
08-03-2014,Effie Gray,13.74,146.00,5.90,en,Drama
08-06-2012,Safety Not Guaranteed,13.74,1131.00,6.80,en,"Comedy, Romance, Science Fiction, Drama"
22-10-2007,Lions for Lambs,13.74,572.00,6.00,en,"Action, Adventure, Drama, History"
15-02-2020,Hacksaw,13.74,17.00,5.30,en,Horror
15-09-2000,A Dog's Will,13.74,859.00,8.50,pt,"Adventure, Comedy"
22-08-2009,Cencoroll,13.74,31.00,6.10,ja,"Animation, Science Fiction"
19-12-2012,The Guilt Trip,13.74,557.00,5.50,en,Comedy
03-04-2015,While We're Young,13.73,897.00,5.90,en,"Comedy, Drama, Mystery"
25-07-1980,Caddyshack,13.73,864.00,6.70,en,Comedy
31-10-2017,Like.Share.Follow.,13.73,106.00,5.20,en,"Horror, Thriller, Romance"
16-04-2020,The Secret: Dare to Dream,13.73,413.00,7.30,en,"Drama, Romance"
04-12-1950,Harvey,13.73,451.00,7.70,en,"Comedy, Fantasy"
09-07-2020,Made in Italy,13.73,169.00,6.00,en,"Comedy, Drama"
25-04-2018,Woman Walks Ahead,13.73,129.00,6.80,en,"Drama, History, Western"
05-10-2007,Timecrimes,13.73,944.00,7.00,es,"Science Fiction, Thriller"
21-08-2002,The Guru,13.73,177.00,5.20,en,"Comedy, Romance"
01-12-2017,The Tribes of Palos Verdes,13.73,60.00,5.30,en,Drama
07-10-1938,The Lady Vanishes,13.73,646.00,7.50,en,"Mystery, Thriller"
05-10-2017,Spielberg,13.72,210.00,7.60,en,"Documentary, TV Movie"
18-01-2017,Confidential Assignment,13.72,62.00,6.90,ko,Action
23-05-1992,The Oil-Hell Murder,13.72,4.00,5.50,ja,Drama
29-11-2017,Cómo Filmar Una XXX,13.72,15.00,5.90,es,Comedy
25-08-1995,Lord of Illusions,13.72,230.00,6.00,en,"Horror, Fantasy"
17-01-2020,32 Malasana Street,13.72,536.00,6.50,es,Horror
23-07-2020,Becky,13.72,280.00,6.40,en,"Thriller, Crime, Horror"
07-03-2008,College Road Trip,13.72,325.00,5.50,en,"Comedy, Family"
01-03-1985,The Sure Thing,13.72,208.00,6.60,en,"Comedy, Romance"
23-04-1995,Crying Freeman,13.72,221.00,6.30,en,"Action, Crime"
19-05-2018,The Man Who Killed Don Quixote,13.72,835.00,6.80,en,"Adventure, Comedy, Drama, Fantasy"
17-01-2003,A Guy Thing,13.72,267.00,5.90,en,"Comedy, Romance"
26-02-1988,Hairspray,13.71,317.00,6.90,en,"Comedy, Drama, Family, Music, Romance"
31-08-2016,Nocturama,13.71,192.00,6.50,fr,"Drama, Thriller"
05-01-1977,Emanuelle in America,13.71,54.00,5.10,it,"Drama, Mystery"
23-11-2018,I Am Jonas,13.71,190.00,6.80,fr,"Drama, Romance, TV Movie"
28-11-2013,The Trials of Cate McCall,13.71,209.00,6.30,en,Drama
01-10-1999,Drive Me Crazy,13.71,263.00,6.40,en,"Drama, Comedy, Romance"
19-09-2008,Ghost Town,13.71,753.00,6.50,en,"Comedy, Fantasy, Romance"
14-12-1990,Look Who's Talking Too,13.71,1118.00,5.50,en,"Romance, Comedy"
01-09-2017,About Love. Adults Only,13.71,29.00,6.10,ru,"Romance, Comedy, Drama"
21-08-2009,Post Grad,13.71,238.00,5.00,en,"Comedy, Drama"
29-10-2009,An Education,13.71,1063.00,6.90,en,"Drama, Romance"
10-09-1980,The Big Brawl,13.71,131.00,6.10,en,"Action, Comedy"
16-09-2011,Carnage,13.70,2388.00,7.20,en,"Comedy, Drama"
23-02-2007,Ghost in the Shell: Stand Alone Complex - Solid State Society,13.70,183.00,7.50,ja,"Animation, Action, Thriller, Crime, Science Fiction"
03-06-1983,WarGames,13.70,1369.00,7.10,en,Action
08-10-2016,The Drowning,13.70,105.00,4.50,en,"Drama, Thriller"
23-12-1947,"¡A Volar, Joven!",13.70,83.00,7.90,es,Comedy
01-01-1997,The Swan Princess: Escape from Castle Mountain,13.70,245.00,6.00,en,"Family, Fantasy, Animation, Romance"
01-11-2005,Love Wrecked,13.70,407.00,5.10,en,"Family, Romance"
26-03-1942,Reap the Wild Wind,13.69,37.00,6.60,en,"Adventure, Drama, Romance"
13-06-1982,Firefox,13.69,383.00,6.00,en,"Science Fiction, Action, Adventure, Thriller"
06-10-2000,Tigerland,13.69,432.00,6.60,en,"Drama, War"
29-12-1995,Dead Man Walking,13.69,1041.00,7.40,en,Drama
14-11-1941,Suspicion,13.69,553.00,7.10,en,"Mystery, Romance, Thriller"
23-05-2006,Hollow Man II,13.69,185.00,4.90,en,"Horror, Action, Thriller, Science Fiction"
01-12-1993,Little Buddha,13.69,314.00,6.30,en,"Drama, History"
25-12-1997,Mr. Magoo,13.69,292.00,4.40,en,"Comedy, Family"
28-07-2011,Assassination Games,13.69,295.00,6.20,en,Action
17-01-1986,Troll,13.69,144.00,4.90,en,"Fantasy, Horror"
13-02-2015,Sex Story: Fifty Shades of Grey,13.68,9.00,5.30,en,Documentary
27-11-1987,3 Men and a Baby,13.68,779.00,6.20,en,"Family, Comedy"
16-07-1958,The Fly,13.68,378.00,7.10,en,"Drama, Horror, Science Fiction"
07-08-2014,Brotherhood of Blades,13.68,101.00,6.60,zh,"Romance, Action, Drama"
16-05-1968,The Odd Couple,13.68,408.00,7.60,en,Comedy
15-01-1971,Vanishing Point,13.68,329.00,7.20,en,"Action, Drama"
14-11-2007,Southland Tales,13.68,407.00,5.00,en,"Comedy, Science Fiction, Drama, Mystery, Thriller"
19-01-2010,Smokin' Aces 2: Assassins' Ball,13.67,208.00,5.40,en,"Action, Comedy"
08-11-2018,My Best Friend,13.67,169.00,7.10,es,Drama
04-07-2006,Population 436,13.67,203.00,5.80,en,"Horror, Thriller"
14-12-1984,"Ronia, The Robber's Daughter",13.67,133.00,6.90,sv,"Adventure, Drama, Fantasy, Family"
31-12-2013,One Piece Episode of Merry: The Tale of One More Friend,13.67,40.00,7.30,ja,"Action, Animation, Adventure, Comedy, Drama, Family, Fantasy"
22-10-2004,Sideways,13.67,1248.00,7.10,en,"Comedy, Drama, Romance"
05-02-1994,Legend of the Red Dragon,13.67,91.00,6.60,cn,"Action, Comedy, Adventure"
31-08-2007,Death Sentence,13.67,831.00,6.60,en,"Action, Crime, Drama, Thriller"
04-06-2010,Get Him to the Greek,13.67,1402.00,5.90,en,"Comedy, Adventure, Music"
04-02-1994,My Father the Hero,13.67,156.00,5.40,en,"Comedy, Family, Romance"
05-03-1943,Frankenstein Meets the Wolf Man,13.67,134.00,6.30,en,Horror
09-09-2006,All the Boys Love Mandy Lane,13.66,500.00,5.50,en,"Horror, Mystery, Thriller"
07-08-2015,Cop Car,13.66,669.00,5.90,en,Thriller
11-02-1980,Moscow Does Not Believe in Tears,13.66,171.00,7.80,ru,"Drama, Comedy, Romance"
15-11-1985,Once Bitten,13.66,209.00,5.60,en,"Comedy, Horror, Romance"
17-06-1981,Escape to Victory,13.66,682.00,6.80,en,"Drama, War"
28-06-2018,How to Be Really Bad,13.66,59.00,6.90,de,Comedy
01-01-1959,Sube y Baja,13.66,78.00,8.00,es,Comedy
11-12-2020,Wild Mountain Thyme,13.66,96.00,5.30,en,"Romance, Drama"
23-08-2006,Taxidermia,13.66,217.00,6.60,hu,"Drama, Horror, Comedy"
23-07-2021,Val,13.66,60.00,7.10,en,Documentary
28-09-2007,Feast of Love,13.66,186.00,6.20,en,"Romance, Drama"
10-10-1997,Live Flesh,13.66,490.00,7.10,es,"Drama, Thriller, Romance"
25-12-2012,Room on the Broom,13.65,64.00,6.40,en,"Family, Animation"
25-12-1997,The Postman,13.65,805.00,6.20,en,"Science Fiction, Adventure, Action, War"
12-11-2016,My Friend's Mom,13.65,6.00,3.80,ko,Romance
24-02-1989,American Ninja 3: Blood Hunt,13.65,117.00,4.80,en,"Action, Adventure, Drama"
13-08-1976,Futureworld,13.65,217.00,6.00,en,"Action, Adventure, Science Fiction, Thriller"
22-03-2016,Elvis & Nixon,13.65,327.00,5.90,en,"Drama, Comedy, History"
21-02-1988,The Incredible Hulk Returns,13.65,89.00,6.10,en,"Action, Drama, Adventure, TV Movie"
17-09-2015,Southbound,13.65,475.00,6.00,en,"Fantasy, Thriller, Horror, Science Fiction"
08-10-2010,Inside Job,13.65,733.00,7.70,en,Documentary
12-09-2017,Victor Crowley,13.65,178.00,5.60,en,"Comedy, Horror"
21-10-2016,King Cobra,13.65,421.00,5.90,en,"Crime, Drama"
23-08-1946,The Big Sleep,13.65,748.00,7.70,en,"Crime, Mystery, Thriller"
20-04-2002,Detective Conan: The Phantom of Baker Street,13.64,121.00,7.60,ja,"Animation, Adventure, Mystery"
04-09-2018,King of Thieves,13.64,317.00,5.40,en,"Crime, Drama"
01-10-1994,Twin Sitters,13.64,105.00,6.40,en,"Comedy, Family, Thriller"
15-07-1977,Sinbad and the Eye of the Tiger,13.64,130.00,6.60,en,"Action, Adventure, Family, Fantasy, Science Fiction"
08-12-1994,Drop Zone,13.64,307.00,5.60,en,"Action, Thriller"
05-07-2013,Hammer of the Gods,13.64,121.00,4.40,en,"History, Action, Adventure"
06-12-2019,Daniel Isn't Real,13.64,123.00,6.10,en,"Horror, Mystery"
16-07-2012,The Punisher: Dirty Laundry,13.64,282.00,7.10,en,"Drama, Action, Thriller"
09-05-1969,Pippi Longstocking,13.64,95.00,6.80,sv,"Adventure, Family"
19-11-2016,Assassination Classroom the Movie: 365 Days' Time,13.63,37.00,6.70,ja,"Action, Animation, Comedy"
26-04-2016,Guernica,13.63,88.00,5.40,es,"Drama, War, Romance"
30-12-2008,Jack Hunter and the Quest for Akhenaten's Tomb,13.63,22.00,6.40,en,Adventure
02-02-2001,Valentine,13.63,409.00,5.40,en,"Horror, Thriller"
23-09-2009,Fame,13.63,308.00,5.70,en,"Music, Comedy, Drama, Romance"
07-10-2008,Feast II: Sloppy Seconds,13.63,135.00,5.30,en,"Action, Comedy, Horror, Thriller"
26-11-1987,"Planes, Trains and Automobiles",13.63,1416.00,7.20,en,Comedy
07-06-2015,Underdog Kids,13.63,13.00,5.60,en,"Family, Action"
18-12-1933,Alice in Wonderland,13.63,34.00,6.20,en,"Adventure, Family, Fantasy"
27-06-2001,Baby Boy,13.62,229.00,7.10,en,"Crime, Drama, Romance, Thriller"
31-03-1994,The Gods Must Be Funny in China,13.62,9.00,5.30,cn,Comedy
14-08-1987,Can't Buy Me Love,13.62,506.00,7.00,en,"Drama, Comedy, Romance"
19-07-2018,Billionaire Boys Club,13.62,342.00,5.60,en,"Drama, Thriller"
17-06-2007,Teeth,13.62,547.00,5.20,en,"Comedy, Horror"
31-01-2020,The Assistant,13.62,296.00,6.50,en,Drama
27-05-1933,Three Little Pigs,13.62,287.00,6.80,en,"Music, Animation, Comedy, Family"
17-06-2010,Kidnapped,13.61,162.00,6.00,es,"Horror, Thriller"
12-09-2004,A Dirty Shame,13.61,209.00,5.30,en,Comedy
04-04-2015,Persona 3 the Movie: #3 Falling Down,13.61,18.00,7.10,ja,"Action, Animation, Fantasy"
23-03-2013,Rape Zombie: Lust of the Dead 2,13.61,27.00,4.60,ja,"Horror, Comedy"
12-06-2013,Stranger by the Lake,13.61,316.00,6.30,fr,"Drama, Thriller"
08-03-2012,Cleanskin,13.61,252.00,5.70,en,"Drama, Thriller, Crime"
29-04-2021,Audible,13.61,33.00,7.10,en,Documentary
25-05-2018,A Rough Draft,13.61,122.00,5.50,ru,"Fantasy, Action"
23-12-2012,Minecraft: The Story of Mojang,32.00,45.00,6.80,en,"Fantasy, Action"
23-11-2009, Penny Arcade: The Series - Season 1,14.70,14.00,7.30,en,Documentary
12-05-2011,Attack the Block,13.60,1640.00,6.40,en,"Action, Comedy, Science Fiction"
05-07-1989,Weekend at Bernie's,13.60,758.00,6.40,en,"Comedy, Crime"
19-10-1990,White Palace,13.60,100.00,6.20,en,"Drama, Romance"
19-09-1968,Funny Girl,13.60,299.00,7.30,en,"Comedy, Drama, Romance"
21-10-2009,Lucky Luke,13.60,454.00,4.40,fr,"Comedy, Western, Adventure"
09-03-2007,I Want You,13.60,305.00,4.80,it,"Romance, Comedy"
06-01-2017,Arsenal,13.60,110.00,4.60,en,Thriller
21-10-2014,See No Evil 2,13.60,234.00,5.30,en,Horror
06-10-1949,The Heiress,13.60,170.00,7.70,en,"Drama, History, Romance"
08-10-2020,Enforcement,13.59,88.00,6.20,da,"Action, Crime, Thriller"
30-07-2020,El encanto,13.59,50.00,6.30,es,Drama
20-08-2010,Lottery Ticket,13.59,136.00,5.60,en,Comedy
15-11-2002,Half Past Dead,13.59,273.00,5.20,en,"Crime, Action, Thriller"
08-03-2013,The ABCs of Death,13.59,440.00,5.00,en,Horror
12-08-2005,The Great Raid,13.59,263.00,6.60,en,"Action, History, War"
16-02-2022,Chickenhare and the Hamster of Darkness,13.59,5.00,6.40,en,"Adventure, Animation, Comedy, Family, Fantasy"
05-11-1997,Fireworks,13.59,452.00,7.70,ja,"Crime, Drama"
11-06-2011,iParty with Victorious,13.59,50.00,7.80,en,"TV Movie, Comedy, Family, Music"
21-02-2019,The Conquest of Siberia,13.59,47.00,6.40,ru,"History, Action, Drama"
09-11-1999,Herod's Law,13.59,122.00,8.00,es,"Comedy, Crime, Drama"
29-03-2006,The Valet,13.59,429.00,5.90,fr,Comedy
13-01-2006,Glory Road,13.59,559.00,7.50,en,"Drama, History"
16-10-2009,The Stepfather,13.59,658.00,5.80,en,"Horror, Thriller"
19-09-2003,Cold Creek Manor,13.59,360.00,5.30,en,"Mystery, Thriller"
04-11-1994,Double Dragon,13.58,238.00,4.30,en,"Action, Adventure, Comedy"
17-08-2017,The Mimic,13.58,100.00,6.60,ko,"Horror, Thriller"
03-03-1989,Lean On Me,13.58,212.00,7.20,en,Drama
06-09-2006,Inland Empire,13.58,813.00,7.10,en,"Drama, Horror, Mystery, Fantasy"
01-11-2019,Crown Vic,13.58,122.00,6.10,en,"Crime, Drama"
10-08-2018,Dog Days,13.58,226.00,6.80,en,"Romance, Comedy, Drama"
20-04-2001,The Devil's Backbone,13.57,899.00,7.30,es,"Fantasy, Drama, Horror, Thriller"
09-05-1990,Buried Alive,13.57,102.00,6.70,en,"TV Movie, Horror, Thriller"
30-06-2000,The Adventures of Rocky & Bullwinkle,13.57,293.00,4.10,en,"Family, Adventure, Animation, Comedy, Fantasy"
13-05-2010,Poetry,13.57,221.00,7.50,ko,Drama
05-12-2008,Extreme Movie,13.57,133.00,4.60,en,Comedy
08-03-2001,Get Over It,13.57,223.00,5.60,en,"Comedy, Romance"
04-11-2003,Boundin',13.57,418.00,6.60,en,"Animation, Family, Music, Comedy"
13-10-1988,Mystic Pizza,13.57,384.00,6.30,en,"Comedy, Drama, Romance"
03-04-1969,Marquis de Sade: Justine,13.56,31.00,5.30,it,"Drama, Horror"
16-10-2015,Tales of Halloween,13.56,360.00,5.70,en,"Horror, Thriller, Drama"
23-12-2009,It's Complicated,13.56,1130.00,6.50,en,"Comedy, Romance"
13-10-2018,Up to You,13.56,4.00,7.00,ja,Romance
10-02-2015,Accidental Love,13.56,273.00,4.20,en,"Romance, Comedy"
22-03-1968,The Little Bather,13.56,265.00,6.70,fr,Comedy
26-03-2015,A Little Chaos,13.56,566.00,6.30,en,"Drama, Romance"
15-12-2005,The Family Stone,13.56,731.00,6.30,en,"Comedy, Drama, Romance"
15-06-2014,The Rewrite,13.56,477.00,6.00,en,"Romance, Comedy"
01-04-2016,"Kiki, Love to Love",13.56,311.00,6.20,es,"Comedy, Romance"
15-10-2004,The Final Cut,13.56,539.00,6.00,en,"Drama, Mystery, Science Fiction, Thriller"
05-02-1993,Sommersby,13.55,281.00,6.30,en,"Drama, Thriller, Mystery, Romance"
24-04-2009,The Soloist,13.55,615.00,6.70,en,"Drama, Music"
23-10-1987,Prince of Darkness,13.55,683.00,6.80,en,Horror
14-05-2019,Life Like,13.55,161.00,6.40,en,"Thriller, Science Fiction"
27-11-2012,Populaire,13.55,456.00,6.60,fr,"Comedy, Romance"
15-06-2010,The Tortured,13.55,119.00,5.30,en,Horror
30-01-2004,Latter Days,13.55,197.00,6.80,en,"Drama, Comedy, Romance"
13-10-1995,Jade,13.55,177.00,5.40,en,"Thriller, Mystery"
26-01-2008,Let the Right One In,13.55,2321.00,7.50,sv,"Horror, Drama"
09-02-2004,Blueberry,13.54,174.00,4.80,en,Western
01-05-1983,Nostalgia,13.54,367.00,7.90,ru,"Drama, Romance"
22-07-2005,Hustle & Flow,13.54,275.00,7.10,en,"Music, Drama"
02-08-2019,Luce,13.54,184.00,6.50,en,Thriller
29-02-2012,The Players,13.54,579.00,4.70,fr,Comedy
12-02-1964,Seven Days in May,13.54,138.00,7.30,en,"Drama, Thriller"
01-08-1988,Tin Toy,13.54,331.00,6.20,en,"Animation, Family"
01-02-1983,Go for It,13.54,380.00,6.90,it,"Adventure, Action, Comedy"
07-12-2018,Pooka!,13.53,80.00,6.10,en,"Horror, Thriller, TV Movie"
05-05-1955,Daddy Long Legs,13.53,66.00,6.50,en,"Drama, Music, Romance"
18-04-2009,Detective Conan: The Raven Chaser,13.53,90.00,7.30,ja,"Animation, Crime, Mystery, Thriller"
01-01-1982,Black Candles,13.53,84.00,6.40,es,Horror
06-01-1992,Tokyo Decadence,13.53,64.00,5.90,ja,Drama
07-09-1998,Celebrity,13.53,354.00,5.90,en,"Drama, Comedy"
25-08-2019,Dark Light,13.53,92.00,6.10,en,"Horror, Science Fiction, Thriller"
25-12-2009,The Gruffalo,13.53,230.00,7.20,en,"Animation, Family"
28-07-2007,Summer Days with Coo,13.53,85.00,7.60,ja,"Animation, Comedy, Romance"
22-05-2015,Kung Fury,13.53,1545.00,7.50,en,"Action, Comedy, Science Fiction, Fantasy"
04-09-2019,Mosul,13.53,177.00,6.70,ar,"War, Drama, Action"
05-07-2008,Tombstone of the Fireflies,13.53,14.00,7.40,ja,"Drama, War"
09-10-2019,On a Magical Night,13.53,201.00,6.30,fr,"Comedy, Drama"
01-07-2016,Absolutely Fabulous: The Movie,13.53,199.00,5.40,en,Comedy
16-06-2016,Maudie,13.53,325.00,7.80,en,"Drama, Romance"
27-01-2018,"God, Sex and Truth",13.53,11.00,5.30,en,Romance
24-09-2005,Stay,13.52,979.00,6.60,en,"Mystery, Thriller, Drama"
07-09-2008,Krabat,13.52,160.00,5.80,de,"Action, Fantasy, Horror"
24-07-1993,Crayon Shin-chan: Action Mask vs. Leotard Devil,13.52,23.00,6.90,ja,Animation
14-06-1990,A Moment of Romance,13.52,25.00,6.60,cn,"Drama, Romance, Action, Crime"
23-07-1982,The Best Little Whorehouse in Texas,13.52,117.00,6.10,en,Comedy
06-07-2017,Stratton,13.52,174.00,5.00,en,"Action, Thriller"
28-10-2009,This Is It,13.52,729.00,7.20,en,"Music, Documentary"
21-09-2007,Katyn,13.52,171.00,6.80,pl,"Drama, History, War"
10-11-2006,Penny Dreadful,13.52,98.00,5.50,en,"Horror, Thriller"
08-11-2003,Michel Vaillant,13.52,134.00,5.50,fr,"Action, Drama"
03-12-1975,The Man Who Would Be King,13.52,447.00,7.50,en,"Adventure, Drama"
13-10-1926,Faust,13.51,242.00,7.90,de,"Drama, Fantasy, Horror"
21-03-2002,Ali G Indahouse,13.51,1059.00,6.10,en,Comedy
17-08-2012,Saints and Soldiers: Airborne Creed,13.51,60.00,5.50,en,"War, Drama, Action"
20-08-2014,Clouds of Sils Maria,13.51,616.00,6.60,en,Drama
13-04-1984,Iceman,13.51,90.00,6.10,en,Science Fiction
22-04-2017,The Immortal Life of Henrietta Lacks,13.51,82.00,6.60,en,"Drama, TV Movie"
02-07-2014,School Dance,13.51,113.00,7.50,en,"Comedy, Music, Drama"
15-10-2005,Return of the Living Dead: Rave to the Grave,13.51,140.00,5.20,en,"Horror, Comedy"
15-09-1971,Red Sun,13.51,166.00,6.90,fr,Western
13-09-1993,Romeo Is Bleeding,13.51,120.00,6.10,en,Crime
16-09-2016,Here Alone,13.51,154.00,5.70,en,"Horror, Thriller, Science Fiction"
29-05-2004,Cutie Honey,13.51,49.00,6.40,ja,Action
15-06-1950,Night and the City,13.51,172.00,7.60,en,"Drama, Thriller, Crime, Mystery"
01-01-2015,Ouija: Summoning (You Will Kill),13.51,20.00,4.30,en,Horror
30-10-1997,Dil To Pagal Hai,13.51,116.00,6.80,hi,"Drama, Romance, Comedy"
12-06-1992,Housesitter,13.51,331.00,6.10,en,"Comedy, Romance"
15-10-2019,Jay and Silent Bob Reboot,13.50,343.00,5.70,en,Comedy
06-09-2017,Under the Tree,13.50,120.00,6.80,is,"Drama, Comedy"
14-06-2018,Gotti,13.50,486.00,5.30,en,"Crime, Drama, History, Thriller"
04-09-2014,Winx Club: The Mystery of the Abyss,13.50,63.00,6.80,it,"Family, Fantasy, Animation"
13-07-1977,The Island of Dr. Moreau,13.50,106.00,5.50,en,"Science Fiction, Adventure, Horror, Thriller"
11-09-2015,4Got10,13.50,83.00,5.20,en,Action
14-12-1996,Evita,13.50,371.00,6.20,en,"History, Drama, Music"
07-08-2020,Doraemon: Nobita's New Dinosaur,13.50,25.00,7.20,ja,"Animation, Adventure"
27-10-2015,Trumbo,13.50,1304.00,7.20,en,Drama
08-12-2000,Proof of Life,13.50,609.00,6.10,en,"Action, Adventure, Drama, Romance, Thriller"
09-06-1952,High Noon,13.49,1064.00,7.70,en,"Western, Thriller"
01-07-2020,Desperados,13.49,409.00,6.10,en,"Comedy, Romance"
05-04-2019,The Head Hunter,13.49,214.00,5.40,en,"Horror, Fantasy"
31-01-2020,Coda,13.49,44.00,6.40,en,"Music, Drama"
23-11-2011,My Week With Marilyn,13.49,1066.00,6.70,en,"Drama, Romance"
19-01-2007,The Hitcher,13.49,706.00,5.90,en,"Action, Horror, Crime, Thriller"
06-07-2018,Sorry to Bother You,13.49,1110.00,6.80,en,"Fantasy, Science Fiction, Comedy"
15-05-2010,The Reef,13.49,439.00,5.70,en,"Drama, Horror, Thriller"
05-02-2019,The New King of Comedy,13.49,13.00,5.60,zh,Comedy
05-12-2015,High?Speed!: Free! Starting Days,13.49,27.00,7.30,ja,"Animation, Drama, Comedy"
14-01-2016,All Roads Lead to Rome,13.49,202.00,5.00,en,"Comedy, Romance"
11-04-1995,Underground,13.49,474.00,7.70,sr,"Comedy, Drama, War"
18-04-2017,Bigger Fatter Liar,13.49,57.00,5.50,en,"Family, Comedy, Adventure"
19-02-2015,Wolf Totem,13.49,314.00,6.50,zh,"Adventure, Drama"
12-09-2009,The Haunted World of El Superbeasto,13.49,119.00,6.00,en,"Animation, Horror, Action, Comedy"
03-03-2017,Table 19,13.48,832.00,6.00,en,"Comedy, Drama"
18-06-2002,Air Bud: Seventh Inning Fetch,13.48,120.00,5.50,en,"Comedy, Family"
24-09-2000,Under Suspicion,13.48,350.00,6.10,en,"Thriller, Crime, Drama"
06-03-1985,Asterix vs. Caesar,13.48,427.00,6.40,fr,"Comedy, Animation, Family, Adventure"
28-08-1962,Vivre Sa Vie,13.48,456.00,7.80,fr,Drama
25-09-2014,Marshland,13.48,783.00,7.00,es,Thriller
18-12-2020,Fatale,13.48,208.00,6.20,en,Thriller
05-08-1994,Airheads,13.48,538.00,6.00,en,"Comedy, Crime, Music"
18-01-2003,The United States of Leland,13.48,243.00,6.50,en,"Crime, Drama"
25-01-2015,Meru,13.48,183.00,7.40,en,"Adventure, Documentary"
03-10-2007,Return to House on Haunted Hill,13.48,215.00,5.50,en,"Horror, Thriller"
12-07-2012,Maggie Simpson in The Longest Daycare,13.48,286.00,6.90,en,"Animation, Drama, Family"
15-10-2008,Frost/Nixon,13.48,924.00,7.30,en,"Drama, History"
18-02-2022,Ted K,13.48,18.00,6.20,en,"Drama, Crime, Thriller"
09-04-2011,A Lonely Place to Die,13.48,429.00,6.10,en,"Adventure, Action, Thriller, Crime"
17-11-2008,Winter in Wartime,13.48,142.00,6.80,nl,"Drama, History, War"
05-09-2018,Black '47,13.48,224.00,6.60,en,"Drama, Western"
14-10-1988,Night of the Demons,13.47,233.00,6.30,en,Horror
01-08-1973,American Graffiti,13.47,1067.00,7.10,en,"Comedy, Drama"
30-09-2018,An Affair,13.47,28.00,5.00,no,Drama
03-12-2003,Sexy Movie,13.47,6.00,4.10,en,Comedy
31-03-2017,The Blackcoat's Daughter,13.47,462.00,5.70,en,"Horror, Thriller"
26-08-2016,XOXO,13.47,549.00,6.00,en,"Music, Drama"
24-01-2000,Saving Grace,13.47,338.00,6.50,en,"Crime, Comedy"
05-02-2016,Dad's Army,13.46,158.00,4.80,en,Comedy
08-03-2013,Dead Man Down,13.46,1200.00,6.10,en,"Thriller, Action, Crime, Drama"
02-04-1932,Tarzan the Ape Man,13.46,145.00,6.80,en,"Action, Adventure"
25-04-2011,High School of the Dead: Drifters of the Dead,13.46,385.00,7.60,ja,"Comedy, Animation, Adventure, Horror"
30-09-2011,Warriors of the Rainbow: Seediq Bale - Part 2: The Rainbow Bridge,13.46,51.00,8.00,zh,"Action, Drama, History"
27-04-2007,Suburban Girl,13.46,117.00,5.70,en,"Comedy, Drama, Romance"
21-12-2000,Finding Forrester,13.46,854.00,7.10,en,Drama
21-03-2014,Starred Up,13.46,767.00,7.10,en,Drama
06-09-2001,Down,13.46,113.00,5.10,en,"Action, Horror, Mystery, Thriller"
01-10-1995,Full Body Massage,13.45,29.00,5.80,en,"Drama, TV Movie"
22-09-2008,Niko & the Way to the Stars,13.45,115.00,5.60,fi,"Animation, Family, Adventure, Drama, Fantasy"
14-09-2007,Mr. Woodcock,13.45,343.00,5.00,en,"Comedy, Romance"
18-12-2013,Angelique,13.45,97.00,6.50,fr,"Adventure, Romance"
07-09-2018,Vox Lux,13.45,383.00,5.80,en,"Drama, Music"
17-12-2009,Did You Hear About the Morgans?,13.45,795.00,5.40,en,Comedy
10-09-1997,In & Out,13.45,548.00,6.50,en,Comedy
03-09-1976,1900,13.45,471.00,7.90,it,"Drama, History"
12-11-1987,Bagdad Cafe,13.45,269.00,7.30,de,"Comedy, Drama"
13-08-1997,The Full Monty,13.45,1253.00,7.00,en,Comedy
03-03-1937,Lost Horizon,13.45,140.00,7.10,en,"Adventure, Fantasy, Drama, Mystery"
03-10-2003,Foolproof,13.45,119.00,6.10,en,Action
02-05-2014,Bad Johnson,13.45,113.00,4.60,en,"Comedy, Fantasy"
12-03-2022,Tony Hawk: Until the Wheels Fall Off,13.45,0.00,0.00,en,Documentary
21-07-2021,Worth,13.45,181.00,6.80,en,"History, Drama"
14-02-2017,Team Thor: Part 2,13.45,213.00,7.10,en,"Science Fiction, Comedy, Fantasy"
31-01-2016,Crossfire,13.45,20.00,5.20,en,"Drama, Thriller, TV Movie"
12-10-2018,Ashes in the Snow,13.45,86.00,6.70,en,"Drama, Romance"
14-12-2018,If Beale Street Could Talk,13.45,905.00,7.00,en,"Romance, Drama"
10-08-2018,Elizabeth Harvest,13.45,230.00,6.20,en,"Thriller, Science Fiction, Mystery, Horror"
04-11-2016,Lavender,13.45,260.00,5.70,en,"Drama, Thriller"
13-04-2012,Crayon Shin-chan: Fierceness That Invites Storm! Me and the Space Princess,13.45,23.00,6.80,ja,"Comedy, Animation"
09-09-2016,For the Love of Spock,13.44,127.00,7.50,en,Documentary
13-03-1982,Doraemon: Nobita and the Haunts of Evil,13.44,29.00,6.80,ja,"Family, Animation, Adventure, Fantasy, Science Fiction"
16-11-1990,The Rescuers Down Under,13.44,1010.00,6.60,en,"Animation, Adventure, Family, Fantasy"
23-04-2001,Tart,13.44,41.00,4.40,en,"Drama, Crime"
03-08-2017,Toxic Shark,13.44,65.00,5.70,en,"Horror, Science Fiction"
10-10-1986,Peggy Sue Got Married,13.44,393.00,6.10,en,"Comedy, Drama, Fantasy, Romance"
25-09-2014,Laggies,13.43,989.00,6.10,en,"Comedy, Romance, Drama"
19-04-2019,Crayon Shin-chan: Honeymoon Hurricane ~The Lost Hiroshi~,13.43,36.00,7.30,ja,"Animation, Adventure, Family"
09-03-2013,No One Lives,13.43,459.00,5.80,en,"Horror, Thriller"
21-08-1987,Maurice,13.43,338.00,7.50,en,"Drama, Romance"
23-10-1975,Hedgehog in the Fog,13.43,167.00,7.40,ru,"Animation, Adventure, Mystery"
13-06-2007,The Ark,13.43,19.00,4.60,es,"Animation, Adventure, Family"
13-10-1988,Another Woman,13.43,181.00,6.90,en,Drama
04-08-1995,Something to Talk About,13.43,189.00,5.60,en,"Comedy, Drama"
03-09-1952,Monkey Business,13.43,176.00,6.70,en,"Comedy, Romance"
07-02-2007,Buried Alive,13.42,86.00,4.60,en,"Action, Adventure, Horror, Thriller"
22-07-1994,Lassie,13.42,159.00,6.10,en,"Family, Adventure"
20-08-1982,Class of 1984,13.42,227.00,6.40,en,"Action, Crime, Drama, Thriller"
05-09-2013,Moebius,13.42,172.00,6.70,ko,Drama
25-01-2019,Manou the Swift,13.42,56.00,6.50,en,"Animation, Adventure, Family, Comedy"
04-08-2017,Columbus,13.42,265.00,7.00,en,Drama
02-09-2020,Freaks – You're One of Us,13.42,239.00,5.60,de,"Drama, Fantasy, Thriller"
10-10-2009,Kaiji: The Ultimate Gambler,13.42,36.00,6.80,ja,"Thriller, Drama"
07-08-2008,The Midnight Meat Train,13.42,800.00,6.10,en,"Horror, Mystery, Fantasy"
03-09-2005,Breakfast on Pluto,13.42,262.00,7.20,en,"Drama, Comedy"
24-05-2006,An Inconvenient Truth,13.42,685.00,7.00,en,Documentary
24-10-2008,The Lazarus Project,13.41,280.00,6.10,en,"Drama, Thriller"
16-09-2004,The Libertine,13.41,380.00,5.90,en,"Drama, Romance"
28-11-2018,Diamantino,13.41,65.00,6.30,pt,"Comedy, Science Fiction, Drama, Fantasy"
18-09-2015,Naomi and Ely's No Kiss List,13.41,1012.00,5.90,en,"Romance, Comedy"
17-09-2012,Haute Cuisine,13.41,206.00,6.30,fr,"Comedy, Drama"
25-12-1999,Angela's Ashes,13.41,219.00,7.20,en,Drama
02-04-1982,Cat People,13.41,351.00,6.00,en,Horror
29-02-2008,Minutemen,13.41,185.00,5.70,en,"Family, TV Movie, Comedy, Science Fiction, Adventure"
18-07-1980,Prom Night,13.41,279.00,5.70,en,"Horror, Thriller"
25-01-2008,Sorry if I Love You,13.41,597.00,5.90,it,Comedy
08-05-2015,The D Train,13.40,189.00,4.80,en,"Drama, Comedy"
02-04-2009,Laid to Rest,13.40,123.00,5.30,en,"Thriller, Horror"
19-01-2004,The Making of Saw,13.40,4.00,6.50,en,"Documentary, Horror"
15-12-1964,"Hush... Hush, Sweet Charlotte",13.40,179.00,7.30,en,"Drama, Horror, Mystery"
18-12-2013,Belle and Sebastian,13.40,545.00,6.90,fr,Adventure
15-09-2016,Goodbye Berlin,13.40,209.00,6.70,de,"Drama, Comedy"
10-10-2008,The Express,13.40,204.00,7.20,en,Drama
17-07-1981,Arthur,13.40,317.00,6.50,en,"Comedy, Drama, Romance"
19-04-2001,One Night at McCool's,13.40,254.00,5.80,en,"Comedy, Crime"
09-05-2019,Poms,13.40,162.00,6.60,en,"Comedy, Drama"
21-10-1970,The Conformist,13.40,462.00,7.70,it,Drama
10-03-2017,The Ottoman Lieutenant,13.40,205.00,6.10,en,"Romance, Drama, War"
14-07-2017,Blind,13.40,123.00,6.00,en,"Drama, Romance"
18-09-1998,One True Thing,13.40,96.00,6.60,en,"Drama, Romance"
20-08-2021,TINA,13.39,13.00,7.80,en,"Documentary, Music"
26-08-1950,Rashomon,13.39,1576.00,8.20,ja,"Crime, Drama, Mystery"
10-11-2006,The Return,13.39,440.00,5.90,en,"Horror, Drama, Thriller"
05-02-1993,The Vanishing,13.39,365.00,6.10,en,"Thriller, Drama, Mystery, Horror"
26-12-1935,Captain Blood,13.39,159.00,7.30,en,"Adventure, Action, History, Romance"
15-04-1988,Appointment with Death,13.39,68.00,6.00,en,"Thriller, Crime, Mystery, Drama"
11-03-2008,Outpost,13.39,179.00,6.00,en,"Action, Adventure, Horror"
01-08-2018,Edge of Fear,13.39,82.00,4.80,en,"Action, Thriller"
19-07-1991,Dutch,13.39,160.00,6.40,en,Comedy
30-08-2014,Lupin the 3rd,13.39,74.00,5.90,ja,"Action, Adventure, Comedy"
14-07-2000,Thomas and the Magic Railroad,13.39,52.00,5.60,en,"Animation, Drama, Family"
01-03-2001,The Mexican,13.39,1138.00,5.90,en,"Action, Comedy, Crime, Romance"
06-08-2017,Sharknado 5: Global Swarming,13.38,247.00,4.90,en,"Action, Comedy, Science Fiction, TV Movie, Adventure"
16-10-2013,The Young and Prodigious T.S. Spivet,13.38,582.00,6.80,en,"Adventure, Drama, Family"
10-10-2008,Body of Lies,13.38,2395.00,6.60,en,"Action, Drama, Thriller"
13-07-2001,The Score,13.38,1271.00,6.70,en,"Action, Crime, Thriller, Mystery"
29-06-2012,People Like Us,13.38,508.00,6.80,en,Drama
28-03-1956,Alexander the Great,13.38,61.00,5.80,en,"Action, Adventure, Drama, History, War"
20-08-2010,Arctic Predator,13.38,30.00,5.80,en,"Action, Science Fiction, Thriller"
17-09-1999,For Love of the Game,13.38,316.00,6.50,en,"Drama, Romance"
01-09-2016,The 9th Life of Louis Drax,13.38,359.00,6.40,en,"Fantasy, Mystery, Thriller, Drama"
26-05-1947,Black Narcissus,13.38,330.00,7.70,en,Drama
29-10-1988,Moonwalker,13.38,415.00,6.80,en,"Fantasy, Music"
29-09-2017,Our Souls at Night,13.38,357.00,6.60,en,"Romance, Drama"
17-09-2013,In Secret,13.38,151.00,6.00,en,"Drama, Thriller, Crime"
05-12-2007,The Deaths of Ian Stone,13.38,232.00,5.50,en,"Horror, Thriller"
22-09-1995,To Die For,13.38,587.00,6.60,en,"Drama, Comedy, Crime"
08-10-2014,"My Love, My Bride",13.38,28.00,7.00,ko,"Comedy, Romance"
30-09-2011,Take Shelter,13.38,1317.00,7.10,en,"Thriller, Drama, Horror"
25-12-1981,Reds,13.38,234.00,7.00,en,"Drama, History, Romance"
08-02-1980,American Gigolo,13.38,451.00,6.10,en,"Crime, Drama, Romance, Thriller, Mystery"
29-09-2004,Dead Man's Shoes,13.38,401.00,7.20,en,"Drama, Thriller, Crime"
03-10-2015,Autumn Dreams,13.38,95.00,6.80,en,"Comedy, TV Movie, Romance"
12-08-1960,Black Sunday,13.38,353.00,7.50,it,Horror
19-10-1966,The Fortune Cookie,13.38,233.00,7.30,en,"Romance, Comedy"
23-01-1962,Jules and Jim,13.38,736.00,7.70,fr,"Drama, Romance"
25-10-2012,Viva l'Italia,13.37,309.00,6.30,it,Comedy
24-01-2009,Prayers for Bobby,13.37,434.00,8.10,en,"Drama, History, TV Movie"
04-07-1956,Earth vs. the Flying Saucers,13.37,114.00,5.90,en,"Action, Science Fiction"
30-08-2018,The Quietude,13.37,39.00,5.90,es,"Thriller, Drama"
24-04-2002,Life or Something Like It,13.37,391.00,5.70,en,"Comedy, Drama, Romance"
19-04-2015,Ashby,13.37,381.00,6.20,en,"Drama, Romance, Comedy"
14-12-2007,The Kite Runner,13.37,960.00,7.30,en,Drama
17-10-2019,Impetigore,13.36,79.00,6.70,id,"Horror, Thriller, Mystery"
20-01-2015,The Atticus Institute,13.36,255.00,5.70,en,Horror
18-05-2005,I'm in Love With My Little Sister,13.36,9.00,5.70,ja,"Romance, Animation, Drama"
23-08-2013,All Is Lost,13.36,1319.00,6.60,en,"Action, Adventure, Drama"
13-05-2008,Amateur Porn Star Killer 2,13.36,14.00,5.40,en,"Crime, Horror"
26-06-1992,Unlawful Entry,13.36,199.00,6.10,en,"Crime, Thriller, Mystery"
06-11-1974,The Little Prince,13.36,89.00,6.60,en,"Science Fiction, Fantasy, Family, Music"
15-10-1973,Badlands,13.36,896.00,7.60,en,"Drama, Crime"
01-10-2020,Violent Delights,13.36,8.00,3.50,es,Horror
06-05-2016,The Offering,13.36,94.00,5.00,en,"Mystery, Thriller, Horror"
31-03-2021,The United States vs. Billie Holiday,13.35,152.00,6.70,en,"Music, Drama, History"
23-09-1984,Threads,13.35,186.00,7.80,en,"War, Drama, Science Fiction"
